purchase_order_id,order_date,supplier_id,component_id,quantity,received_quantity,defective_quantity,unit_cost_eur,delivery_delay_days,lithium_index,metals_index,industrial_energy_index
PO-004187,2024-01-01,SUP-034,CMP-003,1065,1065,6,7.48,0,112.0,94.0,118.0
PO-000927,2024-01-01,SUP-018,CMP-002,4037,4037,83,4.87,0,112.0,94.0,118.0
PO-001089,2024-01-01,SUP-026,CMP-004,3718,3718,94,84.18,0,112.0,94.0,118.0
PO-000677,2024-01-01,SUP-012,CMP-005,408,408,3,112.62,-1,112.0,94.0,118.0
PO-000419,2024-01-01,SUP-044,CMP-004,2817,2817,130,94.07,1,112.0,94.0,118.0
PO-004436,2024-01-01,SUP-028,CMP-004,1693,1693,36,82.17,5,112.0,94.0,118.0
PO-001001,2024-01-02,SUP-017,CMP-007,5669,5669,59,44.88,2,112.05,94.09,118.06
PO-004615,2024-01-02,SUP-008,CMP-001,1655,1655,20,9.47,-4,112.05,94.09,118.06
PO-004670,2024-01-03,SUP-023,CMP-006,4289,4289,49,29.37,-1,112.1,94.17,118.12
PO-003461,2024-01-03,SUP-042,CMP-000,2465,2465,44,35.48,4,112.1,94.17,118.12
PO-001574,2024-01-03,SUP-019,CMP-001,2805,2805,46,9.58,4,112.1,94.17,118.12
PO-000506,2024-01-03,SUP-026,CMP-004,3152,3152,38,87.14,2,112.1,94.17,118.12
PO-000513,2024-01-03,SUP-008,CMP-001,3248,3248,84,9.68,3,112.1,94.17,118.12
PO-000314,2024-01-03,SUP-013,CMP-001,5126,5126,34,9.84,6,112.1,94.17,118.12
PO-003561,2024-01-04,SUP-042,CMP-002,2364,2364,49,5.13,0,112.15,94.26,118.18
PO-000791,2024-01-04,SUP-020,CMP-007,711,711,5,42.9,3,112.15,94.26,118.18
PO-000723,2024-01-04,SUP-040,CMP-000,3609,3609,38,33.13,-1,112.15,94.26,118.18
PO-001170,2024-01-04,SUP-035,CMP-004,4939,4939,30,82.6,5,112.15,94.26,118.18
PO-002039,2024-01-05,SUP-025,CMP-009,3361,3361,152,13.17,2,112.21,94.34,118.25
PO-004416,2024-01-05,SUP-046,CMP-009,5973,5973,93,13.41,3,112.21,94.34,118.25
PO-004433,2024-01-05,SUP-048,CMP-003,5145,5145,16,7.32,0,112.21,94.34,118.25
PO-004488,2024-01-05,SUP-040,CMP-009,1843,1843,12,13.03,3,112.21,94.34,118.25
PO-004471,2024-01-06,SUP-031,CMP-007,5066,5066,97,44.63,1,112.26,94.43,118.31
PO-001849,2024-01-06,SUP-023,CMP-000,396,396,2,34.5,2,112.26,94.43,118.31
PO-003656,2024-01-06,SUP-027,CMP-006,4003,4003,16,28.5,3,112.26,94.43,118.31
PO-000409,2024-01-06,SUP-020,CMP-004,368,368,4,84.75,0,112.26,94.43,118.31
PO-002977,2024-01-06,SUP-004,CMP-003,3994,3994,48,7.04,0,112.26,94.43,118.31
PO-003810,2024-01-06,SUP-017,CMP-006,4178,4178,58,28.56,3,112.26,94.43,118.31
PO-000943,2024-01-07,SUP-045,CMP-001,2202,2202,8,9.34,-2,112.31,94.51,118.37
PO-002072,2024-01-07,SUP-017,CMP-004,2281,2281,59,82.12,0,112.31,94.51,118.37
PO-003722,2024-01-07,SUP-035,CMP-006,3468,3468,36,27.04,2,112.31,94.51,118.37
PO-002945,2024-01-07,SUP-000,CMP-007,5058,5058,116,43.33,2,112.31,94.51,118.37
PO-003445,2024-01-07,SUP-020,CMP-002,3640,3640,28,4.75,0,112.31,94.51,118.37
PO-002753,2024-01-08,SUP-018,CMP-000,367,367,7,35.65,2,112.36,94.6,118.43
PO-001177,2024-01-08,SUP-001,CMP-003,2398,2398,29,6.99,1,112.36,94.6,118.43
PO-001514,2024-01-08,SUP-023,CMP-002,3465,3465,5,5.06,4,112.36,94.6,118.43
PO-000851,2024-01-09,SUP-049,CMP-004,1353,1353,15,87.59,3,112.41,94.68,118.49
PO-000235,2024-01-09,SUP-019,CMP-002,4087,4087,55,5.03,-1,112.41,94.68,118.49
PO-001877,2024-01-09,SUP-027,CMP-000,1031,1031,4,33.71,5,112.41,94.68,118.49
PO-004639,2024-01-09,SUP-022,CMP-004,2731,2731,44,79.58,3,112.41,94.68,118.49
PO-002625,2024-01-09,SUP-037,CMP-007,345,345,1,40.61,8,112.41,94.68,118.49
PO-001553,2024-01-10,SUP-039,CMP-002,2294,2294,20,4.95,-2,112.46,94.77,118.55
PO-003032,2024-01-10,SUP-021,CMP-005,3757,3757,27,127.45,0,112.46,94.77,118.55
PO-000971,2024-01-10,SUP-000,CMP-003,1179,1179,9,7.07,-1,112.46,94.77,118.55
PO-003259,2024-01-10,SUP-041,CMP-009,838,838,12,13.43,3,112.46,94.77,118.55
PO-003147,2024-01-11,SUP-034,CMP-004,4224,4224,35,75.09,0,112.51,94.85,118.61
PO-003721,2024-01-11,SUP-042,CMP-000,424,424,5,36.02,3,112.51,94.85,118.61
PO-001866,2024-01-11,SUP-007,CMP-007,4257,4257,23,43.75,2,112.51,94.85,118.61
PO-000223,2024-01-11,SUP-004,CMP-004,3885,3885,91,82.1,3,112.51,94.85,118.61
PO-000690,2024-01-11,SUP-015,CMP-001,350,350,9,9.64,13,112.51,94.85,118.61
PO-001328,2024-01-12,SUP-036,CMP-003,3503,3503,12,7.25,2,112.57,94.94,118.67
PO-004428,2024-01-12,SUP-035,CMP-004,3090,3090,13,81.93,4,112.57,94.94,118.67
PO-004711,2024-01-12,SUP-045,CMP-005,806,806,3,131.83,2,112.57,94.94,118.67
PO-003164,2024-01-12,SUP-010,CMP-000,5853,5853,28,33.52,5,112.57,94.94,118.67
PO-003841,2024-01-13,SUP-005,CMP-002,2178,2178,22,4.98,1,112.62,95.02,118.73
PO-002735,2024-01-13,SUP-006,CMP-002,4761,4761,36,4.94,-2,112.62,95.02,118.73
PO-001555,2024-01-13,SUP-047,CMP-005,4398,4398,24,120.93,3,112.62,95.02,118.73
PO-000839,2024-01-14,SUP-039,CMP-001,4051,4051,26,9.53,0,112.67,95.11,118.79
PO-002118,2024-01-14,SUP-009,CMP-004,1107,1107,19,81.68,4,112.67,95.11,118.79
PO-001022,2024-01-14,SUP-013,CMP-004,4525,4525,211,80.12,1,112.67,95.11,118.79
PO-000122,2024-01-14,SUP-027,CMP-007,3879,3879,7,43.22,6,112.67,95.11,118.79
PO-003620,2024-01-14,SUP-048,CMP-000,4874,4874,11,34.29,1,112.67,95.11,118.79
PO-002857,2024-01-15,SUP-044,CMP-004,1981,1981,36,80.17,2,112.72,95.19,118.85
PO-003379,2024-01-15,SUP-026,CMP-001,1329,1329,15,9.58,-2,112.72,95.19,118.85
PO-004550,2024-01-15,SUP-053,CMP-002,1496,1496,31,4.72,4,112.72,95.19,118.85
PO-002643,2024-01-15,SUP-000,CMP-003,2942,2942,22,7.61,-2,112.72,95.19,118.85
PO-000898,2024-01-15,SUP-052,CMP-008,1036,1036,12,18.79,-2,112.72,95.19,118.85
PO-000887,2024-01-15,SUP-040,CMP-000,3098,3098,14,33.92,4,112.72,95.19,118.85
PO-003228,2024-01-16,SUP-000,CMP-004,1682,1682,18,80.94,0,112.77,95.27,118.91
PO-003839,2024-01-16,SUP-050,CMP-004,3698,3698,42,78.46,3,112.77,95.27,118.91
PO-003381,2024-01-16,SUP-010,CMP-001,3222,3222,7,9.65,2,112.77,95.27,118.91
PO-000781,2024-01-16,SUP-016,CMP-003,539,539,6,6.87,3,112.77,95.27,118.91
PO-001111,2024-01-16,SUP-041,CMP-004,3896,3896,50,81.28,-1,112.77,95.27,118.91
PO-001107,2024-01-17,SUP-039,CMP-003,634,634,12,7.93,3,112.82,95.36,118.97
PO-001941,2024-01-17,SUP-018,CMP-003,3620,3620,152,8.27,2,112.82,95.36,118.97
PO-002704,2024-01-17,SUP-017,CMP-000,4687,4687,44,36.27,-2,112.82,95.36,118.97
PO-001474,2024-01-17,SUP-023,CMP-007,1926,1926,8,44.3,0,112.82,95.36,118.97
PO-003491,2024-01-17,SUP-031,CMP-000,4554,4554,102,35.05,-3,112.82,95.36,118.97
PO-003007,2024-01-17,SUP-006,CMP-004,4430,4430,21,79.51,3,112.82,95.36,118.97
PO-000515,2024-01-17,SUP-033,CMP-000,3287,3287,72,35.27,-3,112.82,95.36,118.97
PO-001987,2024-01-17,SUP-026,CMP-005,3565,3565,84,119.36,0,112.82,95.36,118.97
PO-001857,2024-01-17,SUP-032,CMP-004,3785,3785,24,80.0,3,112.82,95.36,118.97
PO-001975,2024-01-18,SUP-005,CMP-001,2238,2238,44,9.19,-2,112.87,95.44,119.03
PO-004540,2024-01-18,SUP-043,CMP-008,1966,1966,20,18.78,2,112.87,95.44,119.03
PO-000930,2024-01-18,SUP-017,CMP-001,4854,4854,80,9.67,1,112.87,95.44,119.03
PO-001045,2024-01-18,SUP-021,CMP-007,4226,4226,102,43.48,0,112.87,95.44,119.03
PO-003670,2024-01-18,SUP-013,CMP-002,3387,3387,88,5.2,3,112.87,95.44,119.03
PO-003687,2024-01-18,SUP-013,CMP-004,3347,3347,189,79.27,-2,112.87,95.44,119.03
PO-001165,2024-01-18,SUP-019,CMP-007,3576,3576,67,44.83,-2,112.87,95.44,119.03
PO-000810,2024-01-19,SUP-038,CMP-005,5664,5664,50,123.94,0,112.92,95.52,119.09
PO-000596,2024-01-19,SUP-004,CMP-003,5097,5097,76,7.41,5,112.92,95.52,119.09
PO-003233,2024-01-19,SUP-030,CMP-006,5365,5365,51,29.52,4,112.92,95.52,119.09
PO-001087,2024-01-19,SUP-011,CMP-000,5850,5850,82,34.63,-2,112.92,95.52,119.09
PO-001969,2024-01-19,SUP-007,CMP-000,5496,5496,38,33.75,3,112.92,95.52,119.09
PO-000174,2024-01-19,SUP-011,CMP-006,1198,1198,14,27.81,1,112.92,95.52,119.09
PO-000258,2024-01-20,SUP-003,CMP-004,703,703,15,79.58,1,112.97,95.6,119.15
PO-003493,2024-01-20,SUP-012,CMP-000,4053,4053,92,33.3,0,112.97,95.6,119.15
PO-001352,2024-01-20,SUP-030,CMP-008,4213,4213,97,18.47,2,112.97,95.6,119.15
PO-004391,2024-01-20,SUP-009,CMP-004,2381,2381,25,86.61,6,112.97,95.6,119.15
PO-000747,2024-01-21,SUP-025,CMP-000,5210,5210,33,34.16,6,113.02,95.68,119.21
PO-002601,2024-01-21,SUP-012,CMP-001,4647,4647,26,9.05,4,113.02,95.68,119.21
PO-003005,2024-01-22,SUP-007,CMP-004,5925,5925,38,82.15,6,113.07,95.76,119.27
PO-000481,2024-01-22,SUP-013,CMP-009,4894,4894,122,13.74,1,113.07,95.76,119.27
PO-002180,2024-01-22,SUP-008,CMP-005,2331,2331,30,119.28,4,113.07,95.76,119.27
PO-002671,2024-01-22,SUP-038,CMP-001,1363,1363,23,8.66,1,113.07,95.76,119.27
PO-003432,2024-01-22,SUP-035,CMP-006,1839,1839,15,30.44,1,113.07,95.76,119.27
PO-003715,2024-01-22,SUP-013,CMP-005,230,230,3,124.76,2,113.07,95.76,119.27
PO-000694,2024-01-23,SUP-025,CMP-008,769,769,14,16.88,5,113.12,95.85,119.33
PO-001832,2024-01-23,SUP-019,CMP-008,5796,5796,113,18.07,1,113.12,95.85,119.33
PO-000821,2024-01-23,SUP-043,CMP-004,3978,3978,77,83.48,6,113.12,95.85,119.33
PO-001672,2024-01-23,SUP-001,CMP-007,3020,3020,23,43.13,-2,113.12,95.85,119.33
PO-003332,2024-01-23,SUP-011,CMP-002,3505,3505,90,4.83,0,113.12,95.85,119.33
PO-000284,2024-01-24,SUP-009,CMP-004,3029,3029,59,79.48,4,113.17,95.93,119.39
PO-002053,2024-01-24,SUP-033,CMP-007,525,525,9,42.75,1,113.17,95.93,119.39
PO-002156,2024-01-24,SUP-003,CMP-003,4620,4620,125,7.42,-1,113.17,95.93,119.39
PO-002765,2024-01-24,SUP-040,CMP-009,1991,1991,4,12.56,4,113.17,95.93,119.39
PO-000476,2024-01-24,SUP-020,CMP-004,5589,5589,43,86.15,3,113.17,95.93,119.39
PO-004591,2024-01-24,SUP-043,CMP-004,1856,1856,25,82.58,3,113.17,95.93,119.39
PO-001357,2024-01-24,SUP-053,CMP-003,997,997,15,7.26,0,113.17,95.93,119.39
PO-001499,2024-01-24,SUP-051,CMP-006,3028,3028,43,29.99,-2,113.17,95.93,119.39
PO-002490,2024-01-25,SUP-044,CMP-007,3659,3659,136,44.12,0,113.22,96.01,119.44
PO-004237,2024-01-25,SUP-026,CMP-007,3409,3409,163,39.63,-2,113.22,96.01,119.44
PO-000872,2024-01-25,SUP-021,CMP-006,4921,4921,92,30.87,0,113.22,96.01,119.44
PO-003071,2024-01-25,SUP-025,CMP-003,5087,5087,135,6.81,3,113.22,96.01,119.44
PO-000303,2024-01-26,SUP-002,CMP-005,305,305,4,111.13,0,113.27,96.08,119.5
PO-001816,2024-01-26,SUP-028,CMP-001,5256,5256,103,9.69,-1,113.27,96.08,119.5
PO-002213,2024-01-26,SUP-013,CMP-005,1883,1883,31,118.36,1,113.27,96.08,119.5
PO-003006,2024-01-26,SUP-050,CMP-003,5270,5270,27,7.25,0,113.27,96.08,119.5
PO-000632,2024-01-26,SUP-007,CMP-006,391,391,3,27.61,7,113.27,96.08,119.5
PO-000746,2024-01-26,SUP-033,CMP-007,437,437,6,45.63,1,113.27,96.08,119.5
PO-001192,2024-01-27,SUP-019,CMP-006,4243,4243,154,36.31,-4,113.31,96.16,119.56
PO-001335,2024-01-27,SUP-019,CMP-000,1554,1554,24,35.57,2,113.31,96.16,119.56
PO-001366,2024-01-27,SUP-000,CMP-000,3664,3664,43,36.52,1,113.31,96.16,119.56
PO-001099,2024-01-27,SUP-023,CMP-004,1850,1850,10,84.25,-1,113.31,96.16,119.56
PO-000500,2024-01-27,SUP-008,CMP-004,763,763,11,83.89,3,113.31,96.16,119.56
PO-003859,2024-01-27,SUP-045,CMP-002,2297,2297,13,5.17,-1,113.31,96.16,119.56
PO-004182,2024-01-27,SUP-040,CMP-005,3279,3279,14,123.89,-4,113.31,96.16,119.56
PO-003993,2024-01-27,SUP-047,CMP-009,3830,3830,42,13.29,2,113.31,96.16,119.56
PO-003277,2024-01-28,SUP-006,CMP-004,1926,1926,28,77.79,-1,113.36,96.24,119.62
PO-001389,2024-01-29,SUP-052,CMP-007,4034,4034,36,48.02,3,113.41,96.32,119.67
PO-004377,2024-01-29,SUP-035,CMP-003,1304,1304,20,7.35,3,113.41,96.32,119.67
PO-004408,2024-01-29,SUP-012,CMP-006,2468,2468,64,28.13,4,113.41,96.32,119.67
PO-002249,2024-01-29,SUP-042,CMP-005,1657,1657,23,127.61,-4,113.41,96.32,119.67
PO-003847,2024-01-29,SUP-002,CMP-005,3956,3956,52,121.64,0,113.41,96.32,119.67
PO-003658,2024-01-29,SUP-029,CMP-002,2753,2753,52,4.75,4,113.41,96.32,119.67
PO-001702,2024-01-29,SUP-025,CMP-007,5592,5592,125,43.55,4,113.41,96.32,119.67
PO-002444,2024-01-29,SUP-046,CMP-000,778,778,39,33.05,2,113.41,96.32,119.67
PO-004724,2024-01-29,SUP-029,CMP-009,3500,3500,107,13.56,1,113.41,96.32,119.67
PO-002598,2024-01-29,SUP-004,CMP-004,3493,3493,165,78.77,5,113.41,96.32,119.67
PO-002256,2024-01-30,SUP-053,CMP-007,4107,4107,32,43.68,0,113.46,96.4,119.73
PO-000878,2024-01-30,SUP-052,CMP-003,2948,2948,38,7.36,3,113.46,96.4,119.73
PO-003752,2024-01-30,SUP-030,CMP-004,3573,3573,44,79.84,5,113.46,96.4,119.73
PO-001635,2024-01-30,SUP-035,CMP-003,1929,1929,9,7.78,2,113.46,96.4,119.73
PO-000503,2024-01-30,SUP-009,CMP-004,1482,1482,38,85.14,3,113.46,96.4,119.73
PO-004341,2024-01-30,SUP-000,CMP-000,2657,2657,15,35.18,2,113.46,96.4,119.73
PO-004648,2024-01-31,SUP-020,CMP-005,5407,5407,49,119.79,1,113.51,96.47,119.78
PO-002043,2024-01-31,SUP-017,CMP-001,5751,5751,103,9.71,1,113.51,96.47,119.78
PO-001473,2024-01-31,SUP-034,CMP-000,5672,5672,37,34.92,1,113.51,96.47,119.78
PO-002575,2024-01-31,SUP-006,CMP-007,3946,3946,36,45.19,4,113.51,96.47,119.78
PO-004646,2024-01-31,SUP-011,CMP-006,3119,3119,24,30.21,3,113.51,96.47,119.78
PO-001163,2024-01-31,SUP-018,CMP-001,3631,3631,44,9.59,-1,113.51,96.47,119.78
PO-003428,2024-01-31,SUP-019,CMP-001,3687,3687,48,9.97,-2,113.51,96.47,119.78
PO-001385,2024-02-01,SUP-017,CMP-001,5340,5340,115,9.77,0,113.55,96.55,119.84
PO-003321,2024-02-01,SUP-024,CMP-000,1057,1057,40,35.13,5,113.55,96.55,119.84
PO-001488,2024-02-01,SUP-011,CMP-004,784,784,10,80.12,1,113.55,96.55,119.84
PO-002546,2024-02-01,SUP-036,CMP-009,601,601,3,12.28,2,113.55,96.55,119.84
PO-001371,2024-02-01,SUP-030,CMP-002,5882,5882,104,4.81,4,113.55,96.55,119.84
PO-003240,2024-02-01,SUP-029,CMP-000,837,837,8,32.67,0,113.55,96.55,119.84
PO-004223,2024-02-02,SUP-009,CMP-004,4242,4242,96,88.01,-1,113.6,96.62,119.89
PO-000166,2024-02-02,SUP-031,CMP-007,3728,3728,77,46.03,6,113.6,96.62,119.89
PO-003695,2024-02-02,SUP-003,CMP-002,4583,4583,83,4.94,5,113.6,96.62,119.89
PO-002286,2024-02-02,SUP-003,CMP-003,2517,2517,93,7.09,0,113.6,96.62,119.89
PO-003825,2024-02-03,SUP-042,CMP-005,1172,1172,9,122.39,2,113.65,96.7,119.95
PO-003545,2024-02-03,SUP-004,CMP-001,1170,1170,46,9.33,2,113.65,96.7,119.95
PO-004608,2024-02-03,SUP-023,CMP-000,1657,1657,5,34.77,0,113.65,96.7,119.95
PO-003544,2024-02-03,SUP-023,CMP-004,283,283,0,85.78,0,113.65,96.7,119.95
PO-004498,2024-02-03,SUP-026,CMP-005,1389,1389,14,124.31,-2,113.65,96.7,119.95
PO-001805,2024-02-03,SUP-029,CMP-007,2104,2104,72,42.83,4,113.65,96.7,119.95
PO-002938,2024-02-03,SUP-042,CMP-004,4486,4486,75,82.11,-2,113.65,96.7,119.95
PO-004149,2024-02-04,SUP-043,CMP-009,1631,1631,93,13.34,2,113.69,96.77,120.0
PO-000820,2024-02-04,SUP-025,CMP-003,4100,4100,314,7.08,3,113.69,96.77,120.0
PO-004110,2024-02-04,SUP-010,CMP-001,1832,1832,8,9.93,1,113.69,96.77,120.0
PO-001757,2024-02-04,SUP-027,CMP-000,4248,4248,23,32.14,2,113.69,96.77,120.0
PO-000499,2024-02-04,SUP-048,CMP-004,1339,1339,3,83.23,4,113.69,96.77,120.0
PO-001186,2024-02-05,SUP-023,CMP-004,5210,5210,63,81.45,3,113.74,96.84,120.05
PO-004017,2024-02-05,SUP-004,CMP-007,3847,3847,64,41.98,-2,113.74,96.84,120.05
PO-001691,2024-02-05,SUP-022,CMP-000,283,283,3,35.36,4,113.74,96.84,120.05
PO-001155,2024-02-05,SUP-022,CMP-003,1533,1533,7,7.16,0,113.74,96.84,120.05
PO-004368,2024-02-05,SUP-022,CMP-005,2560,2560,56,124.94,19,113.74,96.84,120.05
PO-001106,2024-02-05,SUP-000,CMP-007,1440,1440,22,44.03,-1,113.74,96.84,120.05
PO-001413,2024-02-05,SUP-017,CMP-003,2094,2094,9,7.42,3,113.74,96.84,120.05
PO-003298,2024-02-06,SUP-026,CMP-008,5447,5447,94,18.45,2,113.79,96.92,120.11
PO-000718,2024-02-06,SUP-033,CMP-007,741,741,18,42.93,3,113.79,96.92,120.11
PO-000567,2024-02-06,SUP-019,CMP-001,1604,1604,42,9.65,-1,113.79,96.92,120.11
PO-003659,2024-02-06,SUP-053,CMP-000,2415,2415,52,34.31,4,113.79,96.92,120.11
PO-000000,2024-02-06,SUP-020,CMP-000,3336,3336,21,35.95,5,113.79,96.92,120.11
PO-004601,2024-02-06,SUP-030,CMP-000,356,356,14,34.1,3,113.79,96.92,120.11
PO-002240,2024-02-07,SUP-018,CMP-004,2513,2513,33,84.47,3,113.83,96.99,120.16
PO-003182,2024-02-07,SUP-012,CMP-003,3487,3487,87,6.68,1,113.83,96.99,120.16
PO-001369,2024-02-07,SUP-038,CMP-002,580,580,14,4.93,2,113.83,96.99,120.16
PO-001930,2024-02-07,SUP-022,CMP-005,191,191,2,120.97,0,113.83,96.99,120.16
PO-003172,2024-02-08,SUP-018,CMP-004,4457,4457,93,83.51,0,113.88,97.06,120.21
PO-002899,2024-02-08,SUP-041,CMP-004,4520,4520,32,77.09,1,113.88,97.06,120.21
PO-004116,2024-02-08,SUP-016,CMP-000,831,831,12,35.76,2,113.88,97.06,120.21
PO-003146,2024-02-08,SUP-039,CMP-004,391,391,3,80.7,2,113.88,97.06,120.21
PO-004235,2024-02-09,SUP-020,CMP-003,3507,3507,26,7.51,5,113.92,97.13,120.26
PO-003948,2024-02-09,SUP-007,CMP-000,4920,4920,34,34.28,3,113.92,97.13,120.26
PO-002336,2024-02-09,SUP-012,CMP-001,4711,4711,133,12.16,1,113.92,97.13,120.26
PO-002540,2024-02-09,SUP-010,CMP-002,1842,1842,5,4.68,5,113.92,97.13,120.26
PO-004770,2024-02-09,SUP-012,CMP-009,1700,1700,20,13.69,-1,113.92,97.13,120.26
PO-000368,2024-02-09,SUP-017,CMP-002,421,421,4,5.07,3,113.92,97.13,120.26
PO-001467,2024-02-09,SUP-014,CMP-000,2520,2520,56,34.49,0,113.92,97.13,120.26
PO-002133,2024-02-10,SUP-024,CMP-007,200,200,8,45.86,0,113.97,97.2,120.31
PO-001912,2024-02-10,SUP-010,CMP-000,5872,5872,21,36.48,3,113.97,97.2,120.31
PO-002440,2024-02-10,SUP-006,CMP-001,3330,3330,11,9.65,4,113.97,97.2,120.31
PO-000468,2024-02-10,SUP-026,CMP-003,4706,4706,128,6.94,0,113.97,97.2,120.31
PO-001190,2024-02-10,SUP-016,CMP-004,697,697,11,80.8,0,113.97,97.2,120.31
PO-002132,2024-02-10,SUP-022,CMP-008,1413,1413,7,18.09,-4,113.97,97.2,120.31
PO-001656,2024-02-10,SUP-030,CMP-000,3428,3428,41,36.29,5,113.97,97.2,120.31
PO-000055,2024-02-11,SUP-048,CMP-009,5540,5540,36,13.01,2,114.01,97.27,120.37
PO-004124,2024-02-11,SUP-053,CMP-002,4620,4620,155,5.16,4,114.01,97.27,120.37
PO-000546,2024-02-11,SUP-046,CMP-004,5762,5762,63,80.64,5,114.01,97.27,120.37
PO-002578,2024-02-11,SUP-008,CMP-009,5684,5684,73,13.01,4,114.01,97.27,120.37
PO-000949,2024-02-11,SUP-023,CMP-005,2200,2200,14,127.98,3,114.01,97.27,120.37
PO-002267,2024-02-11,SUP-046,CMP-004,3871,3871,98,85.13,4,114.01,97.27,120.37
PO-000661,2024-02-12,SUP-006,CMP-003,4212,4212,64,7.11,2,114.05,97.34,120.42
PO-004196,2024-02-12,SUP-017,CMP-004,1625,1625,14,84.69,0,114.05,97.34,120.42
PO-003671,2024-02-12,SUP-050,CMP-004,5953,5953,52,81.12,0,114.05,97.34,120.42
PO-002635,2024-02-12,SUP-013,CMP-000,199,199,2,34.64,1,114.05,97.34,120.42
PO-000395,2024-02-12,SUP-022,CMP-003,1157,1157,21,7.29,0,114.05,97.34,120.42
PO-001881,2024-02-12,SUP-028,CMP-003,510,510,9,7.32,0,114.05,97.34,120.42
PO-000509,2024-02-12,SUP-041,CMP-000,1320,1320,52,42.35,0,114.05,97.34,120.42
PO-004095,2024-02-12,SUP-009,CMP-004,3289,3289,15,86.16,3,114.05,97.34,120.42
PO-003584,2024-02-13,SUP-037,CMP-002,1470,1470,17,5.1,4,114.1,97.4,120.46
PO-004064,2024-02-13,SUP-008,CMP-001,2505,2505,23,9.65,4,114.1,97.4,120.46
PO-002415,2024-02-13,SUP-005,CMP-009,5352,5352,202,12.91,-1,114.1,97.4,120.46
PO-003922,2024-02-13,SUP-011,CMP-004,4316,4316,96,83.19,1,114.1,97.4,120.46
PO-000770,2024-02-13,SUP-011,CMP-007,4847,4847,145,42.32,1,114.1,97.4,120.46
PO-004354,2024-02-13,SUP-053,CMP-005,4536,4536,45,118.61,1,114.1,97.4,120.46
PO-003286,2024-02-13,SUP-023,CMP-001,5525,5525,21,9.56,0,114.1,97.4,120.46
PO-004385,2024-02-13,SUP-045,CMP-008,926,926,3,18.79,-1,114.1,97.4,120.46
PO-003041,2024-02-13,SUP-047,CMP-001,4037,4037,14,9.97,5,114.1,97.4,120.46
PO-001423,2024-02-14,SUP-042,CMP-000,3065,3065,36,34.23,1,114.14,97.47,120.51
PO-000068,2024-02-14,SUP-015,CMP-002,2853,2853,56,4.8,12,114.14,97.47,120.51
PO-003334,2024-02-14,SUP-025,CMP-000,989,989,17,35.49,-2,114.14,97.47,120.51
PO-000317,2024-02-15,SUP-017,CMP-000,859,859,8,35.7,0,114.18,97.53,120.56
PO-004279,2024-02-15,SUP-005,CMP-008,1801,1801,68,19.61,-3,114.18,97.53,120.56
PO-004052,2024-02-15,SUP-010,CMP-000,1683,1683,12,36.41,0,114.18,97.53,120.56
PO-002075,2024-02-15,SUP-029,CMP-002,4118,4118,111,5.42,-1,114.18,97.53,120.56
PO-000769,2024-02-15,SUP-003,CMP-005,3508,3508,42,122.94,3,114.18,97.53,120.56
PO-004302,2024-02-16,SUP-038,CMP-004,478,478,4,80.48,1,114.22,97.6,120.61
PO-000278,2024-02-16,SUP-031,CMP-006,2093,2093,55,28.54,1,114.22,97.6,120.61
PO-002413,2024-02-16,SUP-011,CMP-009,2559,2559,60,13.33,0,114.22,97.6,120.61
PO-004571,2024-02-16,SUP-029,CMP-004,3418,3418,107,81.42,-1,114.22,97.6,120.61
PO-001977,2024-02-16,SUP-020,CMP-006,5546,5546,54,32.09,7,114.22,97.6,120.61
PO-003429,2024-02-17,SUP-047,CMP-006,5492,5492,46,29.24,4,114.27,97.66,120.66
PO-001739,2024-02-17,SUP-052,CMP-007,1557,1557,38,46.0,0,114.27,97.66,120.66
PO-000630,2024-02-17,SUP-009,CMP-004,1332,1332,12,81.74,3,114.27,97.66,120.66
PO-002560,2024-02-17,SUP-038,CMP-008,4153,4153,132,17.21,2,114.27,97.66,120.66
PO-001024,2024-02-17,SUP-006,CMP-006,579,579,5,30.24,2,114.27,97.66,120.66
PO-000482,2024-02-18,SUP-016,CMP-004,4430,4430,49,86.52,-1,114.31,97.72,120.7
PO-002475,2024-02-18,SUP-037,CMP-007,1800,1800,4,45.07,-1,114.31,97.72,120.7
PO-003551,2024-02-18,SUP-048,CMP-002,3403,3403,10,4.88,-1,114.31,97.72,120.7
PO-004422,2024-02-18,SUP-008,CMP-000,4993,4993,51,33.88,2,114.31,97.72,120.7
PO-003930,2024-02-19,SUP-021,CMP-004,3327,3327,36,80.76,-1,114.35,97.79,120.75
PO-001292,2024-02-19,SUP-029,CMP-000,2831,2831,53,34.33,0,114.35,97.79,120.75
PO-001081,2024-02-19,SUP-011,CMP-000,5591,5591,80,34.48,4,114.35,97.79,120.75
PO-003243,2024-02-19,SUP-045,CMP-009,4721,4721,22,13.13,1,114.35,97.79,120.75
PO-000787,2024-02-19,SUP-010,CMP-009,5954,5954,39,13.81,-1,114.35,97.79,120.75
PO-002916,2024-02-19,SUP-031,CMP-000,197,197,1,36.37,1,114.35,97.79,120.75
PO-001276,2024-02-19,SUP-015,CMP-005,2963,2963,40,120.99,6,114.35,97.79,120.75
PO-001382,2024-02-20,SUP-043,CMP-000,4239,4239,34,35.2,7,114.39,97.85,120.79
PO-003835,2024-02-20,SUP-035,CMP-004,850,850,4,82.21,4,114.39,97.85,120.79
PO-003188,2024-02-20,SUP-018,CMP-003,5147,5147,80,7.05,1,114.39,97.85,120.79
PO-003064,2024-02-20,SUP-035,CMP-000,4379,4379,17,34.02,3,114.39,97.85,120.79
PO-002163,2024-02-20,SUP-010,CMP-004,4693,4693,24,85.07,0,114.39,97.85,120.79
PO-003354,2024-02-21,SUP-031,CMP-005,2077,2077,67,122.42,3,114.43,97.91,120.84
PO-003594,2024-02-21,SUP-009,CMP-007,1538,1538,27,46.84,5,114.43,97.91,120.84
PO-003834,2024-02-22,SUP-020,CMP-001,4434,4434,33,9.38,2,114.47,97.97,120.88
PO-001333,2024-02-22,SUP-029,CMP-001,2824,2824,33,9.68,-4,114.47,97.97,120.88
PO-004037,2024-02-22,SUP-013,CMP-003,4543,4543,83,7.5,3,114.47,97.97,120.88
PO-000597,2024-02-22,SUP-012,CMP-005,4736,4736,30,119.73,1,114.47,97.97,120.88
PO-003034,2024-02-23,SUP-040,CMP-001,1845,1845,13,9.17,2,114.51,98.02,120.93
PO-003990,2024-02-23,SUP-004,CMP-003,1529,1529,24,7.42,4,114.51,98.02,120.93
PO-003614,2024-02-23,SUP-032,CMP-003,2506,2506,57,7.16,6,114.51,98.02,120.93
PO-002639,2024-02-23,SUP-024,CMP-001,3842,3842,54,9.58,3,114.51,98.02,120.93
PO-004764,2024-02-23,SUP-031,CMP-006,5956,5956,145,29.75,1,114.51,98.02,120.93
PO-003343,2024-02-23,SUP-015,CMP-000,4887,4887,74,34.64,4,114.51,98.02,120.93
PO-002827,2024-02-23,SUP-025,CMP-004,833,833,11,77.87,1,114.51,98.02,120.93
PO-004425,2024-02-24,SUP-033,CMP-004,2463,2463,29,83.75,-1,114.55,98.08,120.97
PO-003001,2024-02-24,SUP-046,CMP-002,4023,4023,34,4.82,2,114.55,98.08,120.97
PO-003417,2024-02-24,SUP-005,CMP-006,5437,5437,151,29.71,0,114.55,98.08,120.97
PO-002296,2024-02-25,SUP-035,CMP-000,883,883,7,35.78,5,114.59,98.14,121.01
PO-000193,2024-02-25,SUP-014,CMP-005,3009,3009,27,115.4,1,114.59,98.14,121.01
PO-004451,2024-02-25,SUP-008,CMP-004,4263,4263,81,82.02,2,114.59,98.14,121.01
PO-001433,2024-02-26,SUP-044,CMP-007,913,913,3,45.04,5,114.62,98.19,121.05
PO-002194,2024-02-26,SUP-037,CMP-003,3445,3445,11,8.05,1,114.62,98.19,121.05
PO-001686,2024-02-26,SUP-027,CMP-003,5976,5976,20,7.55,2,114.62,98.19,121.05
PO-003554,2024-02-26,SUP-043,CMP-004,1813,1813,12,83.6,1,114.62,98.19,121.05
PO-003012,2024-02-27,SUP-044,CMP-006,1133,1133,47,31.0,0,114.66,98.24,121.09
PO-002877,2024-02-27,SUP-003,CMP-005,1370,1370,23,120.85,4,114.66,98.24,121.09
PO-002677,2024-02-27,SUP-011,CMP-006,1618,1618,34,28.24,3,114.66,98.24,121.09
PO-003823,2024-02-27,SUP-045,CMP-006,4953,4953,7,29.84,-3,114.66,98.24,121.09
PO-002757,2024-02-27,SUP-003,CMP-002,4289,4289,96,5.17,-1,114.66,98.24,121.09
PO-001770,2024-02-27,SUP-034,CMP-004,2870,2870,16,85.93,3,114.66,98.24,121.09
PO-001307,2024-02-27,SUP-034,CMP-006,181,181,1,28.62,5,114.66,98.24,121.09
PO-002074,2024-02-27,SUP-026,CMP-000,2764,2764,195,33.59,-4,114.66,98.24,121.09
PO-003326,2024-02-28,SUP-021,CMP-001,2722,2722,41,9.96,1,114.7,98.3,121.13
PO-004769,2024-02-28,SUP-040,CMP-003,3741,3741,7,7.42,-4,114.7,98.3,121.13
PO-004130,2024-02-28,SUP-039,CMP-004,3411,3411,35,78.41,3,114.7,98.3,121.13
PO-004473,2024-02-28,SUP-053,CMP-000,572,572,7,35.8,0,114.7,98.3,121.13
PO-002592,2024-02-28,SUP-032,CMP-001,3693,3693,66,9.66,4,114.7,98.3,121.13
PO-004664,2024-02-29,SUP-020,CMP-003,4821,4821,44,7.12,0,114.73,98.35,121.17
PO-003975,2024-02-29,SUP-021,CMP-003,2909,2909,27,7.38,-3,114.73,98.35,121.17
PO-001947,2024-02-29,SUP-002,CMP-005,562,562,10,114.65,-3,114.73,98.35,121.17
PO-004070,2024-03-01,SUP-024,CMP-002,1225,1225,58,4.91,0,114.77,98.4,121.21
PO-000046,2024-03-01,SUP-006,CMP-003,356,356,6,7.6,1,114.77,98.4,121.21
PO-003677,2024-03-01,SUP-048,CMP-004,1030,1030,1,77.47,-1,114.77,98.4,121.21
PO-000625,2024-03-02,SUP-023,CMP-006,2406,2406,14,29.88,3,114.8,98.45,121.25
PO-003434,2024-03-02,SUP-009,CMP-000,5957,5957,58,34.51,3,114.8,98.45,121.25
PO-000435,2024-03-03,SUP-012,CMP-005,1813,1813,22,116.44,2,114.84,98.5,121.28
PO-003061,2024-03-03,SUP-008,CMP-009,2425,2425,40,13.8,-3,114.84,98.5,121.28
PO-000321,2024-03-04,SUP-047,CMP-007,2619,2619,14,43.71,4,114.87,98.54,121.32
PO-000040,2024-03-04,SUP-036,CMP-008,3029,3029,19,18.42,4,114.87,98.54,121.32
PO-001534,2024-03-04,SUP-001,CMP-009,2289,2289,50,13.36,-2,114.87,98.54,121.32
PO-000755,2024-03-04,SUP-009,CMP-001,5053,5053,65,9.15,2,114.87,98.54,121.32
PO-000202,2024-03-04,SUP-004,CMP-006,2404,2404,55,29.76,2,114.87,98.54,121.32
PO-003260,2024-03-04,SUP-027,CMP-004,1795,1795,4,83.13,6,114.87,98.54,121.32
PO-000408,2024-03-05,SUP-018,CMP-000,2504,2504,89,36.0,2,114.91,98.59,121.36
PO-004331,2024-03-05,SUP-005,CMP-003,3864,3864,55,7.06,2,114.91,98.59,121.36
PO-003457,2024-03-06,SUP-018,CMP-003,1777,1777,25,7.58,-2,114.94,98.64,121.39
PO-003413,2024-03-06,SUP-036,CMP-003,350,350,1,7.3,3,114.94,98.64,121.39
PO-000349,2024-03-06,SUP-032,CMP-003,2599,2599,53,7.07,6,114.94,98.64,121.39
PO-001206,2024-03-06,SUP-010,CMP-000,2134,2134,6,35.75,-1,114.94,98.64,121.39
PO-002172,2024-03-06,SUP-003,CMP-006,1610,1610,27,30.29,3,114.94,98.64,121.39
PO-001795,2024-03-06,SUP-013,CMP-004,5452,5452,142,85.87,0,114.94,98.64,121.39
PO-004457,2024-03-07,SUP-013,CMP-009,1323,1323,31,14.01,5,114.97,98.68,121.42
PO-001458,2024-03-07,SUP-029,CMP-005,4180,4180,30,117.26,1,114.97,98.68,121.42
PO-004134,2024-03-07,SUP-040,CMP-003,5115,5115,50,7.51,1,114.97,98.68,121.42
PO-004493,2024-03-07,SUP-000,CMP-005,664,664,8,118.95,2,114.97,98.68,121.42
PO-002585,2024-03-07,SUP-024,CMP-009,3880,3880,313,12.82,-2,114.97,98.68,121.42
PO-001519,2024-03-07,SUP-012,CMP-006,2325,2325,19,28.64,3,114.97,98.68,121.42
PO-003585,2024-03-07,SUP-040,CMP-000,4254,4254,60,35.89,0,114.97,98.68,121.42
PO-003808,2024-03-08,SUP-049,CMP-008,2670,2670,31,18.1,-1,115.0,98.72,121.46
PO-004307,2024-03-08,SUP-013,CMP-007,1822,1822,51,45.17,-2,115.0,98.72,121.46
PO-001662,2024-03-08,SUP-028,CMP-004,538,538,17,86.31,0,115.0,98.72,121.46
PO-002554,2024-03-08,SUP-034,CMP-000,4526,4526,13,34.41,1,115.0,98.72,121.46
PO-003183,2024-03-08,SUP-021,CMP-000,4637,4637,44,34.94,-1,115.0,98.72,121.46
PO-004546,2024-03-08,SUP-021,CMP-008,3562,3562,59,18.36,2,115.0,98.72,121.46
PO-000703,2024-03-09,SUP-021,CMP-004,1722,1722,11,82.98,0,115.04,98.76,121.49
PO-003317,2024-03-10,SUP-001,CMP-006,5095,5095,46,28.62,-2,115.07,98.81,121.52
PO-004484,2024-03-10,SUP-001,CMP-003,549,549,5,7.32,1,115.07,98.81,121.52
PO-000359,2024-03-10,SUP-053,CMP-001,4406,4406,34,9.46,3,115.07,98.81,121.52
PO-004375,2024-03-11,SUP-018,CMP-003,3668,3668,72,7.41,1,115.1,98.84,121.55
PO-004344,2024-03-11,SUP-012,CMP-006,2643,2643,65,28.89,-4,115.1,98.84,121.55
PO-003143,2024-03-11,SUP-018,CMP-004,3202,3202,51,78.89,2,115.1,98.84,121.55
PO-003479,2024-03-11,SUP-041,CMP-009,443,443,5,13.44,-1,115.1,98.84,121.55
PO-002235,2024-03-11,SUP-041,CMP-004,3084,3084,51,88.36,2,115.1,98.84,121.55
PO-004714,2024-03-11,SUP-052,CMP-000,3009,3009,121,36.35,1,115.1,98.84,121.55
PO-003022,2024-03-11,SUP-028,CMP-004,2851,2851,96,83.15,2,115.1,98.84,121.55
PO-001223,2024-03-11,SUP-048,CMP-002,2607,2607,15,4.73,-2,115.1,98.84,121.55
PO-004622,2024-03-11,SUP-021,CMP-008,3396,3396,49,18.56,4,115.1,98.84,121.55
PO-002233,2024-03-11,SUP-019,CMP-004,985,985,13,89.12,1,115.1,98.84,121.55
PO-001910,2024-03-11,SUP-023,CMP-000,5786,5786,10,36.06,1,115.1,98.84,121.55
PO-002536,2024-03-12,SUP-016,CMP-007,332,332,6,45.54,3,115.13,98.88,121.58
PO-003395,2024-03-12,SUP-037,CMP-002,1221,1221,14,5.39,3,115.13,98.88,121.58
PO-003552,2024-03-12,SUP-031,CMP-005,3684,3684,57,121.07,1,115.13,98.88,121.58
PO-000857,2024-03-12,SUP-005,CMP-006,1498,1498,38,31.27,2,115.13,98.88,121.58
PO-003199,2024-03-12,SUP-022,CMP-006,4550,4550,120,31.42,-1,115.13,98.88,121.58
PO-001103,2024-03-12,SUP-012,CMP-007,3518,3518,60,45.27,1,115.13,98.88,121.58
PO-002855,2024-03-13,SUP-043,CMP-002,2687,2687,33,5.52,5,115.16,98.92,121.61
PO-002935,2024-03-13,SUP-008,CMP-000,4502,4502,69,35.37,-1,115.16,98.92,121.61
PO-002141,2024-03-13,SUP-045,CMP-004,266,266,2,86.62,3,115.16,98.92,121.61
PO-001095,2024-03-13,SUP-050,CMP-000,3687,3687,37,34.82,2,115.16,98.92,121.61
PO-004123,2024-03-13,SUP-027,CMP-008,2697,2697,8,17.84,2,115.16,98.92,121.61
PO-001312,2024-03-13,SUP-009,CMP-003,4491,4491,54,7.42,2,115.16,98.92,121.61
PO-002507,2024-03-13,SUP-023,CMP-001,3126,3126,26,9.38,0,115.16,98.92,121.61
PO-003874,2024-03-13,SUP-004,CMP-005,2310,2310,26,114.23,-1,115.16,98.92,121.61
PO-000474,2024-03-13,SUP-004,CMP-000,4019,4019,98,33.84,1,115.16,98.92,121.61
PO-003422,2024-03-14,SUP-000,CMP-004,278,278,3,82.59,0,115.18,98.96,121.64
PO-004323,2024-03-14,SUP-018,CMP-005,418,418,9,118.53,1,115.18,98.96,121.64
PO-003440,2024-03-14,SUP-032,CMP-008,691,691,7,18.68,3,115.18,98.96,121.64
PO-000573,2024-03-14,SUP-044,CMP-002,5966,5966,151,5.03,4,115.18,98.96,121.64
PO-002976,2024-03-14,SUP-028,CMP-005,4317,4317,48,116.68,1,115.18,98.96,121.64
PO-001807,2024-03-15,SUP-033,CMP-000,2473,2473,62,37.92,-2,115.21,98.99,121.67
PO-003529,2024-03-15,SUP-041,CMP-002,1279,1279,21,5.0,-2,115.21,98.99,121.67
PO-002936,2024-03-16,SUP-041,CMP-005,1907,1907,30,115.42,-1,115.24,99.02,121.69
PO-001158,2024-03-16,SUP-037,CMP-004,1129,1129,3,80.77,-3,115.24,99.02,121.69
PO-000265,2024-03-17,SUP-053,CMP-004,4076,4076,63,80.06,3,115.27,99.06,121.72
PO-000211,2024-03-17,SUP-010,CMP-006,2918,2918,39,30.05,1,115.27,99.06,121.72
PO-000033,2024-03-17,SUP-003,CMP-006,1991,1991,108,31.76,1,115.27,99.06,121.72
PO-001958,2024-03-17,SUP-027,CMP-004,503,503,2,84.7,3,115.27,99.06,121.72
PO-000610,2024-03-17,SUP-007,CMP-003,3158,3158,31,7.09,1,115.27,99.06,121.72
PO-001250,2024-03-17,SUP-046,CMP-004,2951,2951,42,86.75,3,115.27,99.06,121.72
PO-003319,2024-03-17,SUP-020,CMP-006,1860,1860,13,29.03,2,115.27,99.06,121.72
PO-002423,2024-03-17,SUP-007,CMP-004,3709,3709,30,82.06,3,115.27,99.06,121.72
PO-003024,2024-03-18,SUP-036,CMP-005,5513,5513,34,119.18,5,115.29,99.09,121.74
PO-001550,2024-03-18,SUP-052,CMP-009,2191,2191,25,13.58,1,115.29,99.09,121.74
PO-000014,2024-03-19,SUP-030,CMP-007,3295,3295,16,42.31,3,115.32,99.12,121.77
PO-003458,2024-03-19,SUP-019,CMP-000,3879,3879,405,37.38,2,115.32,99.12,121.77
PO-001773,2024-03-19,SUP-031,CMP-004,2595,2595,55,84.72,-4,115.32,99.12,121.77
PO-004776,2024-03-19,SUP-044,CMP-000,2466,2466,21,35.71,-1,115.32,99.12,121.77
PO-003530,2024-03-19,SUP-006,CMP-003,5034,5034,78,7.36,0,115.32,99.12,121.77
PO-003386,2024-03-19,SUP-049,CMP-004,3035,3035,33,87.46,-2,115.32,99.12,121.77
PO-000729,2024-03-19,SUP-032,CMP-005,4679,4679,49,127.43,2,115.32,99.12,121.77
PO-004676,2024-03-20,SUP-008,CMP-002,2553,2553,37,4.9,1,115.34,99.15,121.79
PO-004122,2024-03-20,SUP-045,CMP-000,565,565,3,35.56,3,115.34,99.15,121.79
PO-000989,2024-03-20,SUP-001,CMP-001,3975,3975,26,9.67,-1,115.34,99.15,121.79
PO-003781,2024-03-21,SUP-048,CMP-008,940,940,2,18.16,1,115.37,99.17,121.81
PO-002284,2024-03-21,SUP-007,CMP-000,603,603,10,33.67,3,115.37,99.17,121.81
PO-002960,2024-03-21,SUP-029,CMP-007,3208,3208,30,39.7,-3,115.37,99.17,121.81
PO-002302,2024-03-21,SUP-004,CMP-002,2880,2880,17,4.99,2,115.37,99.17,121.81
PO-002214,2024-03-22,SUP-020,CMP-004,4719,4719,12,80.77,2,115.39,99.2,121.83
PO-003460,2024-03-22,SUP-002,CMP-005,747,747,14,115.23,3,115.39,99.2,121.83
PO-004386,2024-03-22,SUP-027,CMP-008,189,189,1,19.28,-1,115.39,99.2,121.83
PO-003436,2024-03-22,SUP-009,CMP-000,4833,4833,210,36.7,2,115.39,99.2,121.83
PO-002368,2024-03-23,SUP-000,CMP-001,4041,4041,26,9.71,5,115.41,99.23,121.85
PO-000112,2024-03-23,SUP-046,CMP-004,4812,4812,48,76.67,29,115.41,99.23,121.85
PO-000232,2024-03-23,SUP-025,CMP-004,1565,1565,20,82.56,3,115.41,99.23,121.85
PO-004707,2024-03-23,SUP-013,CMP-000,612,612,5,35.57,3,115.41,99.23,121.85
PO-000835,2024-03-24,SUP-049,CMP-004,290,290,2,82.23,2,115.44,99.25,121.87
PO-002670,2024-03-24,SUP-047,CMP-004,3800,3800,14,82.91,2,115.44,99.25,121.87
PO-001731,2024-03-24,SUP-048,CMP-003,1767,1767,2,7.03,1,115.44,99.25,121.87
PO-003540,2024-03-24,SUP-052,CMP-006,181,181,4,31.11,4,115.44,99.25,121.87
PO-002754,2024-03-25,SUP-010,CMP-003,3244,3244,11,7.57,-3,115.46,99.27,121.89
PO-001294,2024-03-25,SUP-012,CMP-006,255,255,11,31.45,0,115.46,99.27,121.89
PO-001980,2024-03-25,SUP-025,CMP-005,1534,1534,14,123.68,1,115.46,99.27,121.89
PO-004729,2024-03-25,SUP-011,CMP-005,3130,3130,57,123.54,-1,115.46,99.27,121.89
PO-004752,2024-03-26,SUP-044,CMP-000,2459,2459,64,35.08,0,115.48,99.29,121.91
PO-003424,2024-03-26,SUP-030,CMP-001,1179,1179,16,9.81,4,115.48,99.29,121.91
PO-000290,2024-03-26,SUP-014,CMP-007,240,240,3,42.26,0,115.48,99.29,121.91
PO-003455,2024-03-26,SUP-012,CMP-006,2243,2243,37,29.81,0,115.48,99.29,121.91
PO-003368,2024-03-26,SUP-034,CMP-006,187,187,1,29.01,0,115.48,99.29,121.91
PO-004583,2024-03-26,SUP-049,CMP-003,5631,5631,50,7.3,3,115.48,99.29,121.91
PO-002011,2024-03-26,SUP-045,CMP-001,3302,3302,4,9.95,-4,115.48,99.29,121.91
PO-001965,2024-03-27,SUP-010,CMP-001,1742,1742,7,9.84,1,115.5,99.31,121.92
PO-001606,2024-03-27,SUP-030,CMP-004,617,617,22,81.43,1,115.5,99.31,121.92
PO-003038,2024-03-27,SUP-048,CMP-005,3524,3524,7,115.39,0,115.5,99.31,121.92
PO-004298,2024-03-27,SUP-010,CMP-004,2249,2249,7,81.4,-1,115.5,99.31,121.92
PO-002958,2024-03-27,SUP-031,CMP-009,930,930,21,14.11,-2,115.5,99.31,121.92
PO-002544,2024-03-27,SUP-048,CMP-000,5286,5286,11,36.55,1,115.5,99.31,121.92
PO-004501,2024-03-27,SUP-002,CMP-004,2778,2778,39,81.94,0,115.5,99.31,121.92
PO-000981,2024-03-27,SUP-004,CMP-004,3270,3270,73,79.48,3,115.5,99.31,121.92
PO-003442,2024-03-27,SUP-013,CMP-003,5953,5953,124,7.84,-1,115.5,99.31,121.92
PO-002248,2024-03-27,SUP-051,CMP-002,3689,3689,125,4.97,1,115.5,99.31,121.92
PO-004723,2024-03-28,SUP-048,CMP-005,4545,4545,15,118.89,2,115.52,99.33,121.94
PO-000471,2024-03-28,SUP-013,CMP-006,1603,1603,52,28.33,1,115.52,99.33,121.94
PO-002964,2024-03-28,SUP-016,CMP-004,1135,1135,13,79.08,1,115.52,99.33,121.94
PO-003158,2024-03-28,SUP-030,CMP-004,981,981,18,81.49,1,115.52,99.33,121.94
PO-004042,2024-03-29,SUP-034,CMP-005,2729,2729,3,121.43,-1,115.54,99.35,121.95
PO-002574,2024-03-29,SUP-035,CMP-004,1315,1315,13,83.92,3,115.54,99.35,121.95
PO-001949,2024-03-29,SUP-015,CMP-009,3984,3984,75,13.72,6,115.54,99.35,121.95
PO-002982,2024-03-29,SUP-030,CMP-000,348,348,3,36.24,1,115.54,99.35,121.95
PO-001052,2024-03-29,SUP-018,CMP-004,302,302,1,81.42,-1,115.54,99.35,121.95
PO-002405,2024-03-30,SUP-026,CMP-004,4774,4774,83,86.68,-1,115.55,99.37,121.97
PO-000796,2024-03-30,SUP-007,CMP-001,1883,1883,20,9.54,2,115.55,99.37,121.97
PO-001891,2024-03-30,SUP-040,CMP-000,3362,3362,7,35.29,-1,115.55,99.37,121.97
PO-001350,2024-03-30,SUP-024,CMP-000,2883,2883,38,34.83,1,115.55,99.37,121.97
PO-004268,2024-03-30,SUP-039,CMP-004,5626,5626,74,80.19,-2,115.55,99.37,121.97
PO-003640,2024-03-30,SUP-031,CMP-000,5773,5773,128,35.58,-2,115.55,99.37,121.97
PO-004681,2024-03-30,SUP-053,CMP-004,4595,4595,33,84.08,-2,115.55,99.37,121.97
PO-002292,2024-03-30,SUP-024,CMP-002,782,782,30,5.0,-3,115.55,99.37,121.97
PO-002623,2024-03-30,SUP-051,CMP-004,5022,5022,67,87.46,0,115.55,99.37,121.97
PO-004691,2024-03-31,SUP-009,CMP-005,965,965,8,122.56,2,115.57,99.38,121.98
PO-003888,2024-03-31,SUP-011,CMP-004,1229,1229,16,84.04,3,115.57,99.38,121.98
PO-001637,2024-03-31,SUP-038,CMP-005,2179,2179,52,116.17,6,115.57,99.38,121.98
PO-000510,2024-03-31,SUP-032,CMP-002,1390,1390,52,4.89,0,115.57,99.38,121.98
PO-002632,2024-03-31,SUP-007,CMP-004,2886,2886,36,84.64,9,115.57,99.38,121.98
PO-003892,2024-04-01,SUP-038,CMP-001,2764,2764,65,9.58,2,115.59,99.4,121.99
PO-002745,2024-04-01,SUP-024,CMP-000,3313,3313,80,34.89,-1,115.59,99.4,121.99
PO-002242,2024-04-01,SUP-023,CMP-001,1135,1135,2,9.78,1,115.59,99.4,121.99
PO-001527,2024-04-01,SUP-009,CMP-000,3798,3798,18,35.54,1,115.59,99.4,121.99
PO-000556,2024-04-01,SUP-017,CMP-004,3920,3920,44,83.33,5,115.59,99.4,121.99
PO-000627,2024-04-01,SUP-024,CMP-000,2909,2909,59,33.87,3,115.59,99.4,121.99
PO-002316,2024-04-01,SUP-003,CMP-003,2902,2902,60,7.48,1,115.59,99.4,121.99
PO-004021,2024-04-02,SUP-052,CMP-001,1651,1651,62,9.54,2,115.6,99.41,122.0
PO-004668,2024-04-02,SUP-029,CMP-007,3873,3873,49,45.22,0,115.6,99.41,122.0
PO-002476,2024-04-02,SUP-027,CMP-000,2767,2767,13,34.33,6,115.6,99.41,122.0
PO-003815,2024-04-02,SUP-027,CMP-001,4418,4418,16,9.42,4,115.6,99.41,122.0
PO-000696,2024-04-02,SUP-023,CMP-008,2076,2076,17,18.34,1,115.6,99.41,122.0
PO-003246,2024-04-02,SUP-045,CMP-009,3264,3264,35,13.05,2,115.6,99.41,122.0
PO-002930,2024-04-02,SUP-032,CMP-003,3402,3402,52,7.33,5,115.6,99.41,122.0
PO-000146,2024-04-03,SUP-006,CMP-009,4801,4801,32,13.69,-2,115.62,99.42,122.01
PO-000754,2024-04-03,SUP-010,CMP-007,709,709,2,46.84,2,115.62,99.42,122.01
PO-000443,2024-04-03,SUP-033,CMP-007,2723,2723,50,47.45,0,115.62,99.42,122.01
PO-000946,2024-04-03,SUP-024,CMP-002,2040,2040,15,5.13,-1,115.62,99.42,122.01
PO-002272,2024-04-04,SUP-003,CMP-001,1334,1334,35,9.77,2,115.63,99.43,122.02
PO-002142,2024-04-04,SUP-036,CMP-003,1460,1460,5,7.04,3,115.63,99.43,122.02
PO-003962,2024-04-04,SUP-032,CMP-002,5372,5372,153,4.85,5,115.63,99.43,122.02
PO-003123,2024-04-04,SUP-016,CMP-004,3355,3355,64,81.01,0,115.63,99.43,122.02
PO-003287,2024-04-05,SUP-038,CMP-004,2777,2777,29,82.97,5,115.65,99.44,122.03
PO-001056,2024-04-05,SUP-052,CMP-004,4662,4662,79,81.93,2,115.65,99.44,122.03
PO-000979,2024-04-05,SUP-031,CMP-005,3457,3457,139,120.17,0,115.65,99.44,122.03
PO-001524,2024-04-05,SUP-028,CMP-004,741,741,28,86.41,-1,115.65,99.44,122.03
PO-001272,2024-04-05,SUP-019,CMP-007,183,183,15,46.87,2,115.65,99.44,122.03
PO-004624,2024-04-05,SUP-038,CMP-004,3022,3022,13,83.31,5,115.65,99.44,122.03
PO-004144,2024-04-06,SUP-015,CMP-006,3551,3551,131,31.49,9,115.66,99.45,122.03
PO-000117,2024-04-06,SUP-041,CMP-000,3383,3383,50,35.88,1,115.66,99.45,122.03
PO-000783,2024-04-06,SUP-006,CMP-000,309,309,9,34.26,-1,115.66,99.45,122.03
PO-000954,2024-04-07,SUP-029,CMP-001,3308,3308,90,9.27,2,115.67,99.46,122.04
PO-000720,2024-04-07,SUP-040,CMP-001,989,989,3,10.1,3,115.67,99.46,122.04
PO-002019,2024-04-07,SUP-020,CMP-001,1582,1582,9,9.49,-1,115.67,99.46,122.04
PO-001275,2024-04-08,SUP-021,CMP-008,3239,3239,69,17.82,-2,115.69,99.46,122.05
PO-000239,2024-04-08,SUP-037,CMP-002,1665,1665,9,4.95,-4,115.69,99.46,122.05
PO-003189,2024-04-09,SUP-021,CMP-000,796,796,16,35.02,1,115.7,99.47,122.05
PO-004740,2024-04-09,SUP-014,CMP-007,2015,2015,9,44.63,4,115.7,99.47,122.05
PO-002377,2024-04-09,SUP-045,CMP-002,5704,5704,15,5.02,-4,115.7,99.47,122.05
PO-001019,2024-04-09,SUP-009,CMP-009,3093,3093,40,12.55,6,115.7,99.47,122.05
PO-000737,2024-04-09,SUP-010,CMP-004,4059,4059,3,86.66,1,115.7,99.47,122.05
PO-001928,2024-04-10,SUP-033,CMP-002,4165,4165,115,5.46,-2,115.71,99.47,122.05
PO-001044,2024-04-10,SUP-018,CMP-004,1702,1702,36,81.68,-4,115.71,99.47,122.05
PO-004266,2024-04-10,SUP-041,CMP-004,449,449,5,84.32,3,115.71,99.47,122.05
PO-000645,2024-04-10,SUP-053,CMP-000,4308,4308,67,36.87,1,115.71,99.47,122.05
PO-001290,2024-04-10,SUP-047,CMP-004,694,694,2,78.7,1,115.71,99.47,122.05
PO-001788,2024-04-10,SUP-005,CMP-003,329,329,10,6.76,1,115.71,99.47,122.05
PO-002106,2024-04-10,SUP-053,CMP-006,3290,3290,61,30.4,1,115.71,99.47,122.05
PO-003057,2024-04-11,SUP-007,CMP-001,5000,5000,40,9.35,5,115.72,99.47,122.05
PO-001582,2024-04-11,SUP-020,CMP-005,1342,1342,15,119.64,2,115.72,99.47,122.05
PO-001886,2024-04-11,SUP-051,CMP-000,3796,3796,55,35.8,-4,115.72,99.47,122.05
PO-002422,2024-04-11,SUP-039,CMP-007,2341,2341,66,44.92,1,115.72,99.47,122.05
PO-001061,2024-04-11,SUP-003,CMP-000,759,759,28,36.27,-4,115.72,99.47,122.05
PO-001140,2024-04-11,SUP-000,CMP-003,1693,1693,43,7.32,2,115.72,99.47,122.05
PO-002061,2024-04-12,SUP-046,CMP-004,223,223,1,81.03,1,115.72,99.47,122.05
PO-003527,2024-04-12,SUP-047,CMP-001,1247,1247,4,9.89,0,115.72,99.47,122.05
PO-001861,2024-04-12,SUP-046,CMP-008,1986,1986,24,19.25,5,115.72,99.47,122.05
PO-003209,2024-04-12,SUP-003,CMP-003,2819,2819,37,7.42,-2,115.72,99.47,122.05
PO-001002,2024-04-13,SUP-012,CMP-001,4616,4616,119,10.04,3,115.73,99.47,122.05
PO-001264,2024-04-13,SUP-024,CMP-007,1482,1482,18,42.73,-3,115.73,99.47,122.05
PO-003376,2024-04-13,SUP-004,CMP-000,3353,3353,30,33.62,0,115.73,99.47,122.05
PO-004455,2024-04-13,SUP-010,CMP-000,4371,4371,10,35.44,1,115.73,99.47,122.05
PO-002558,2024-04-13,SUP-022,CMP-008,2302,2302,46,17.82,-2,115.73,99.47,122.05
PO-002587,2024-04-13,SUP-037,CMP-001,1082,1082,6,9.42,1,115.73,99.47,122.05
PO-003951,2024-04-14,SUP-042,CMP-008,2039,2039,25,19.22,-1,115.74,99.47,122.05
PO-000475,2024-04-14,SUP-019,CMP-001,5491,5491,123,9.37,-3,115.74,99.47,122.05
PO-002182,2024-04-14,SUP-049,CMP-001,5635,5635,96,10.0,-1,115.74,99.47,122.05
PO-001720,2024-04-15,SUP-014,CMP-001,3023,3023,6,9.92,-1,115.75,99.47,122.05
PO-002426,2024-04-15,SUP-040,CMP-005,1804,1804,7,121.15,-4,115.75,99.47,122.05
PO-001682,2024-04-15,SUP-051,CMP-000,814,814,11,33.95,4,115.75,99.47,122.05
PO-002795,2024-04-15,SUP-005,CMP-005,321,321,7,123.41,0,115.75,99.47,122.05
PO-003380,2024-04-15,SUP-003,CMP-009,2784,2784,109,13.49,5,115.75,99.47,122.05
PO-001583,2024-04-15,SUP-041,CMP-000,3446,3446,66,34.7,0,115.75,99.47,122.05
PO-002181,2024-04-15,SUP-006,CMP-002,3219,3219,39,4.89,1,115.75,99.47,122.05
PO-002403,2024-04-16,SUP-035,CMP-007,3552,3552,44,43.9,5,115.75,99.46,122.05
PO-000116,2024-04-16,SUP-051,CMP-000,604,604,4,35.26,1,115.75,99.46,122.05
PO-001548,2024-04-16,SUP-037,CMP-006,1141,1141,5,29.44,0,115.75,99.46,122.05
PO-003598,2024-04-16,SUP-052,CMP-004,5427,5427,182,76.51,2,115.75,99.46,122.05
PO-001687,2024-04-16,SUP-041,CMP-006,3667,3667,59,30.1,-4,115.75,99.46,122.05
PO-003979,2024-04-17,SUP-051,CMP-004,5856,5856,104,81.7,4,115.76,99.46,122.04
PO-004708,2024-04-17,SUP-050,CMP-000,1184,1184,17,35.92,2,115.76,99.46,122.04
PO-001127,2024-04-17,SUP-036,CMP-007,447,447,3,44.06,4,115.76,99.46,122.04
PO-000292,2024-04-17,SUP-023,CMP-004,1935,1935,32,83.92,0,115.76,99.46,122.04
PO-000043,2024-04-17,SUP-019,CMP-000,2425,2425,62,35.03,1,115.76,99.46,122.04
PO-003063,2024-04-17,SUP-010,CMP-006,2117,2117,5,29.63,1,115.76,99.46,122.04
PO-003987,2024-04-17,SUP-041,CMP-009,1304,1304,21,13.3,-3,115.76,99.46,122.04
PO-001917,2024-04-17,SUP-013,CMP-003,983,983,27,8.04,2,115.76,99.46,122.04
PO-003897,2024-04-17,SUP-007,CMP-008,2516,2516,9,17.07,5,115.76,99.46,122.04
PO-003731,2024-04-17,SUP-016,CMP-001,4567,4567,124,9.99,1,115.76,99.46,122.04
PO-003878,2024-04-17,SUP-051,CMP-003,5247,5247,167,7.38,-2,115.76,99.46,122.04
PO-002532,2024-04-18,SUP-009,CMP-005,625,625,7,126.61,2,115.76,99.45,122.04
PO-001516,2024-04-18,SUP-041,CMP-007,1989,1989,13,45.31,-3,115.76,99.45,122.04
PO-002046,2024-04-19,SUP-021,CMP-000,2485,2485,56,35.42,4,115.76,99.44,122.03
PO-003965,2024-04-19,SUP-049,CMP-003,913,913,16,6.67,2,115.76,99.44,122.03
PO-002780,2024-04-19,SUP-035,CMP-005,742,742,11,120.23,2,115.76,99.44,122.03
PO-003778,2024-04-19,SUP-019,CMP-004,5087,5087,202,83.53,0,115.76,99.44,122.03
PO-003587,2024-04-19,SUP-012,CMP-000,3154,3154,63,36.06,1,115.76,99.44,122.03
PO-001475,2024-04-19,SUP-048,CMP-005,3013,3013,10,125.28,1,115.76,99.44,122.03
PO-003289,2024-04-19,SUP-005,CMP-008,5544,5544,92,18.56,2,115.76,99.44,122.03
PO-003473,2024-04-20,SUP-012,CMP-004,4271,4271,111,81.89,0,115.77,99.43,122.02
PO-001344,2024-04-20,SUP-008,CMP-001,1438,1438,10,10.11,0,115.77,99.43,122.02
PO-003258,2024-04-21,SUP-026,CMP-001,2248,2248,30,10.1,4,115.77,99.42,122.02
PO-002192,2024-04-21,SUP-047,CMP-005,2650,2650,10,123.84,4,115.77,99.42,122.02
PO-001201,2024-04-21,SUP-045,CMP-002,1618,1618,4,5.33,-2,115.77,99.42,122.02
PO-000018,2024-04-21,SUP-041,CMP-009,4833,4833,31,12.72,2,115.77,99.42,122.02
PO-001023,2024-04-22,SUP-036,CMP-001,4112,4112,15,11.55,2,115.77,99.41,122.01
PO-000840,2024-04-22,SUP-038,CMP-009,5323,5323,100,13.73,0,115.77,99.41,122.01
PO-001915,2024-04-22,SUP-036,CMP-004,615,615,8,85.84,0,115.77,99.41,122.01
PO-002028,2024-04-22,SUP-007,CMP-002,4893,4893,42,4.93,3,115.77,99.41,122.01
PO-003788,2024-04-23,SUP-044,CMP-003,3365,3365,68,7.72,4,115.77,99.4,122.0
PO-002973,2024-04-23,SUP-044,CMP-004,1320,1320,34,84.91,0,115.77,99.4,122.0
PO-000240,2024-04-23,SUP-037,CMP-004,1824,1824,16,89.87,-2,115.77,99.4,122.0
PO-002367,2024-04-23,SUP-041,CMP-004,1046,1046,25,79.95,0,115.77,99.4,122.0
PO-000330,2024-04-23,SUP-009,CMP-000,1699,1699,25,36.27,3,115.77,99.4,122.0
PO-000001,2024-04-23,SUP-019,CMP-002,3866,3866,92,5.15,-4,115.77,99.4,122.0
PO-000420,2024-04-23,SUP-041,CMP-005,2112,2112,74,115.98,1,115.77,99.4,122.0
PO-002596,2024-04-23,SUP-034,CMP-007,1369,1369,4,43.93,1,115.77,99.4,122.0
PO-003418,2024-04-24,SUP-049,CMP-004,4773,4773,41,85.77,0,115.77,99.39,121.98
PO-003667,2024-04-24,SUP-000,CMP-004,4919,4919,157,79.94,2,115.77,99.39,121.98
PO-002301,2024-04-24,SUP-053,CMP-006,3938,3938,65,27.85,0,115.77,99.39,121.98
PO-001953,2024-04-24,SUP-006,CMP-002,1800,1800,17,4.87,1,115.77,99.39,121.98
PO-001741,2024-04-25,SUP-046,CMP-004,421,421,6,84.7,6,115.77,99.37,121.97
PO-003629,2024-04-25,SUP-000,CMP-005,1843,1843,86,121.44,0,115.77,99.37,121.97
PO-001845,2024-04-25,SUP-024,CMP-007,4725,4725,67,45.87,-2,115.77,99.37,121.97
PO-004575,2024-04-25,SUP-030,CMP-005,5098,5098,129,116.14,5,115.77,99.37,121.97
PO-002746,2024-04-26,SUP-040,CMP-004,3655,3655,13,83.49,1,115.76,99.36,121.96
PO-002859,2024-04-26,SUP-010,CMP-004,5424,5424,26,78.82,5,115.76,99.36,121.96
PO-002521,2024-04-26,SUP-007,CMP-001,4990,4990,81,9.52,5,115.76,99.36,121.96
PO-002796,2024-04-26,SUP-048,CMP-000,5551,5551,22,35.72,-4,115.76,99.36,121.96
PO-003692,2024-04-26,SUP-004,CMP-005,2803,2803,21,121.54,-1,115.76,99.36,121.96
PO-000886,2024-04-26,SUP-033,CMP-001,2691,2691,54,9.61,-2,115.76,99.36,121.96
PO-003415,2024-04-26,SUP-014,CMP-002,4985,4985,31,5.27,-2,115.76,99.36,121.96
PO-002321,2024-04-27,SUP-022,CMP-000,484,484,12,36.07,0,115.76,99.34,121.94
PO-003875,2024-04-27,SUP-010,CMP-006,1525,1525,4,32.28,1,115.76,99.34,121.94
PO-000911,2024-04-27,SUP-050,CMP-000,2656,2656,32,34.26,2,115.76,99.34,121.94
PO-002460,2024-04-27,SUP-030,CMP-001,1585,1585,42,9.66,5,115.76,99.34,121.94
PO-002993,2024-04-27,SUP-026,CMP-001,4170,4170,143,9.81,1,115.76,99.34,121.94
PO-002514,2024-04-27,SUP-043,CMP-001,2434,2434,12,10.05,7,115.76,99.34,121.94
PO-001464,2024-04-27,SUP-022,CMP-007,1774,1774,18,45.44,-4,115.76,99.34,121.94
PO-004780,2024-04-27,SUP-048,CMP-002,733,733,1,4.86,-4,115.76,99.34,121.94
PO-001434,2024-04-27,SUP-043,CMP-006,1285,1285,22,29.93,4,115.76,99.34,121.94
PO-002889,2024-04-28,SUP-020,CMP-005,4338,4338,22,115.77,2,115.76,99.32,121.93
PO-001610,2024-04-28,SUP-014,CMP-000,536,536,12,34.27,3,115.76,99.32,121.93
PO-002499,2024-04-28,SUP-012,CMP-005,5882,5882,72,118.25,1,115.76,99.32,121.93
PO-003634,2024-04-28,SUP-014,CMP-009,2690,2690,15,13.07,1,115.76,99.32,121.93
PO-004411,2024-04-28,SUP-029,CMP-007,644,644,16,43.91,0,115.76,99.32,121.93
PO-000885,2024-04-29,SUP-041,CMP-006,726,726,16,30.3,-4,115.75,99.3,121.91
PO-002226,2024-04-29,SUP-048,CMP-004,4943,4943,13,81.51,-1,115.75,99.3,121.91
PO-003048,2024-04-29,SUP-043,CMP-004,1695,1695,6,82.17,4,115.75,99.3,121.91
PO-004336,2024-04-29,SUP-040,CMP-004,2634,2634,6,86.14,0,115.75,99.3,121.91
PO-002266,2024-04-29,SUP-002,CMP-008,969,969,24,18.16,2,115.75,99.3,121.91
PO-004535,2024-04-29,SUP-035,CMP-004,5152,5152,115,82.65,-1,115.75,99.3,121.91
PO-002333,2024-04-30,SUP-013,CMP-003,3129,3129,118,8.02,1,115.75,99.28,121.89
PO-003274,2024-04-30,SUP-037,CMP-003,3106,3106,19,7.67,-1,115.75,99.28,121.89
PO-004381,2024-04-30,SUP-047,CMP-004,5477,5477,35,84.73,3,115.75,99.28,121.89
PO-000352,2024-05-01,SUP-052,CMP-008,366,366,5,16.74,1,115.74,99.26,121.87
PO-003262,2024-05-01,SUP-051,CMP-006,1805,1805,22,31.78,1,115.74,99.26,121.87
PO-002940,2024-05-01,SUP-021,CMP-009,2184,2184,26,12.72,2,115.74,99.26,121.87
PO-003268,2024-05-01,SUP-003,CMP-008,4940,4940,75,17.69,-1,115.74,99.26,121.87
PO-002862,2024-05-01,SUP-012,CMP-003,5526,5526,126,7.15,-1,115.74,99.26,121.87
PO-004716,2024-05-01,SUP-039,CMP-006,4048,4048,123,29.25,5,115.74,99.26,121.87
PO-003322,2024-05-01,SUP-048,CMP-005,2313,2313,14,115.0,-2,115.74,99.26,121.87
PO-002020,2024-05-02,SUP-050,CMP-004,3088,3088,44,83.76,-1,115.73,99.24,121.85
PO-003495,2024-05-02,SUP-030,CMP-009,3293,3293,58,13.84,2,115.73,99.24,121.85
PO-003857,2024-05-02,SUP-017,CMP-000,2887,2887,57,34.81,-1,115.73,99.24,121.85
PO-000231,2024-05-02,SUP-051,CMP-005,2356,2356,57,125.16,1,115.73,99.24,121.85
PO-004322,2024-05-02,SUP-006,CMP-003,721,721,10,7.5,1,115.73,99.24,121.85
PO-003723,2024-05-02,SUP-043,CMP-005,530,530,11,118.56,5,115.73,99.24,121.85
PO-003119,2024-05-02,SUP-011,CMP-000,3612,3612,44,34.28,3,115.73,99.24,121.85
PO-001406,2024-05-03,SUP-052,CMP-004,1646,1646,24,84.92,6,115.72,99.22,121.83
PO-002647,2024-05-03,SUP-004,CMP-005,1948,1948,32,119.54,0,115.72,99.22,121.83
PO-002636,2024-05-03,SUP-028,CMP-004,4307,4307,112,84.84,0,115.72,99.22,121.83
PO-000967,2024-05-04,SUP-052,CMP-002,2558,2558,71,5.34,-3,115.72,99.19,121.81
PO-003740,2024-05-04,SUP-028,CMP-009,2868,2868,47,13.31,4,115.72,99.19,121.81
PO-002513,2024-05-04,SUP-038,CMP-001,2548,2548,71,9.65,2,115.72,99.19,121.81
PO-003604,2024-05-04,SUP-048,CMP-000,3997,3997,7,34.19,4,115.72,99.19,121.81
PO-004072,2024-05-04,SUP-036,CMP-008,4251,4251,38,18.12,2,115.72,99.19,121.81
PO-001323,2024-05-05,SUP-041,CMP-006,1699,1699,39,29.09,-4,115.71,99.17,121.79
PO-002471,2024-05-05,SUP-009,CMP-001,2253,2253,35,10.01,4,115.71,99.17,121.79
PO-002479,2024-05-05,SUP-047,CMP-005,220,220,1,132.36,7,115.71,99.17,121.79
PO-004657,2024-05-05,SUP-017,CMP-004,5808,5808,79,85.47,1,115.71,99.17,121.79
PO-001317,2024-05-05,SUP-025,CMP-008,3267,3267,81,19.12,3,115.71,99.17,121.79
PO-003826,2024-05-05,SUP-008,CMP-005,3973,3973,77,125.28,0,115.71,99.17,121.79
PO-002699,2024-05-05,SUP-026,CMP-006,4755,4755,235,30.08,-2,115.71,99.17,121.79
PO-000006,2024-05-05,SUP-020,CMP-000,4602,4602,73,34.23,3,115.71,99.17,121.79
PO-004083,2024-05-05,SUP-043,CMP-006,5264,5264,102,30.99,-1,115.71,99.17,121.79
PO-000333,2024-05-05,SUP-006,CMP-004,5115,5115,80,79.48,1,115.71,99.17,121.79
PO-004522,2024-05-05,SUP-019,CMP-008,451,451,11,18.69,0,115.71,99.17,121.79
PO-002998,2024-05-05,SUP-034,CMP-004,3392,3392,17,80.46,1,115.71,99.17,121.79
PO-000897,2024-05-06,SUP-051,CMP-003,529,529,9,6.98,-1,115.7,99.14,121.76
PO-000083,2024-05-06,SUP-035,CMP-006,355,355,2,29.02,3,115.7,99.14,121.76
PO-001303,2024-05-07,SUP-050,CMP-007,2637,2637,20,43.89,3,115.68,99.11,121.74
PO-002044,2024-05-07,SUP-021,CMP-004,925,925,10,83.54,1,115.68,99.11,121.74
PO-002038,2024-05-07,SUP-011,CMP-008,494,494,6,19.56,1,115.68,99.11,121.74
PO-002466,2024-05-07,SUP-016,CMP-004,3375,3375,43,82.65,-1,115.68,99.11,121.74
PO-003766,2024-05-07,SUP-031,CMP-005,4811,4811,99,123.96,0,115.68,99.11,121.74
PO-003864,2024-05-08,SUP-040,CMP-003,3322,3322,19,7.18,0,115.67,99.08,121.71
PO-001139,2024-05-08,SUP-003,CMP-001,2452,2452,62,9.9,1,115.67,99.08,121.71
PO-003600,2024-05-09,SUP-037,CMP-002,1872,1872,24,5.31,1,115.66,99.06,121.68
PO-003084,2024-05-09,SUP-036,CMP-001,4439,4439,29,10.49,3,115.66,99.06,121.68
PO-004515,2024-05-09,SUP-031,CMP-004,5430,5430,105,85.22,-2,115.66,99.06,121.68
PO-004421,2024-05-10,SUP-003,CMP-000,930,930,27,36.68,2,115.65,99.02,121.66
PO-004783,2024-05-10,SUP-021,CMP-002,3440,3440,81,5.2,2,115.65,99.02,121.66
PO-003288,2024-05-10,SUP-029,CMP-005,5147,5147,48,121.09,-2,115.65,99.02,121.66
PO-002968,2024-05-10,SUP-015,CMP-008,1284,1284,19,17.75,4,115.65,99.02,121.66
PO-001199,2024-05-10,SUP-042,CMP-006,1949,1949,38,30.56,2,115.65,99.02,121.66
PO-000383,2024-05-10,SUP-045,CMP-002,5417,5417,21,4.98,3,115.65,99.02,121.66
PO-000932,2024-05-10,SUP-016,CMP-004,3132,3132,46,79.49,2,115.65,99.02,121.66
PO-001590,2024-05-10,SUP-027,CMP-000,384,384,2,35.95,3,115.65,99.02,121.66
PO-004119,2024-05-10,SUP-007,CMP-005,5225,5225,113,117.89,4,115.65,99.02,121.66
PO-004081,2024-05-11,SUP-030,CMP-001,5251,5251,51,9.82,3,115.63,98.99,121.63
PO-003642,2024-05-11,SUP-017,CMP-002,1405,1405,12,5.17,2,115.63,98.99,121.63
PO-001399,2024-05-11,SUP-053,CMP-008,4734,4734,26,18.84,-2,115.63,98.99,121.63
PO-000807,2024-05-12,SUP-028,CMP-004,387,387,5,86.59,-4,115.62,98.96,121.6
PO-004118,2024-05-12,SUP-032,CMP-006,1373,1373,9,28.16,7,115.62,98.96,121.6
PO-001716,2024-05-12,SUP-011,CMP-005,896,896,7,117.28,1,115.62,98.96,121.6
PO-003850,2024-05-12,SUP-024,CMP-009,741,741,29,13.43,-1,115.62,98.96,121.6
PO-000540,2024-05-12,SUP-009,CMP-004,4639,4639,53,78.69,4,115.62,98.96,121.6
PO-000019,2024-05-12,SUP-050,CMP-002,1935,1935,14,4.89,-1,115.62,98.96,121.6
PO-002901,2024-05-12,SUP-037,CMP-006,1101,1101,6,29.51,-1,115.62,98.96,121.6
PO-001432,2024-05-13,SUP-036,CMP-005,3638,3638,13,117.17,4,115.6,98.93,121.57
PO-000899,2024-05-13,SUP-001,CMP-009,4761,4761,47,12.61,1,115.6,98.93,121.57
PO-000009,2024-05-13,SUP-042,CMP-004,1884,1884,25,86.37,5,115.6,98.93,121.57
PO-000397,2024-05-13,SUP-023,CMP-005,2698,2698,11,122.85,2,115.6,98.93,121.57
PO-002893,2024-05-13,SUP-003,CMP-009,4194,4194,38,13.93,3,115.6,98.93,121.57
PO-002516,2024-05-13,SUP-029,CMP-001,3173,3173,42,10.73,-1,115.6,98.93,121.57
PO-000305,2024-05-13,SUP-036,CMP-004,3802,3802,38,79.44,5,115.6,98.93,121.57
PO-003641,2024-05-13,SUP-009,CMP-004,425,425,6,78.83,2,115.6,98.93,121.57
PO-001549,2024-05-13,SUP-045,CMP-002,1231,1231,11,5.03,1,115.6,98.93,121.57
PO-004417,2024-05-15,SUP-009,CMP-009,1867,1867,22,13.66,3,115.56,98.86,121.5
PO-003523,2024-05-15,SUP-018,CMP-006,5254,5254,57,29.13,2,115.56,98.86,121.5
PO-004200,2024-05-15,SUP-016,CMP-001,1657,1657,24,9.21,-3,115.56,98.86,121.5
PO-002325,2024-05-15,SUP-002,CMP-004,4441,4441,113,81.42,5,115.56,98.86,121.5
PO-003757,2024-05-15,SUP-045,CMP-000,5544,5544,22,35.72,1,115.56,98.86,121.5
PO-001073,2024-05-16,SUP-025,CMP-004,772,772,19,79.75,2,115.55,98.83,121.47
PO-002029,2024-05-16,SUP-019,CMP-004,4545,4545,129,80.35,1,115.55,98.83,121.47
PO-002582,2024-05-17,SUP-004,CMP-001,3509,3509,94,8.86,4,115.53,98.79,121.43
PO-001710,2024-05-17,SUP-012,CMP-009,3333,3333,76,13.17,0,115.53,98.79,121.43
PO-001016,2024-05-17,SUP-015,CMP-005,5803,5803,80,120.63,8,115.53,98.79,121.43
PO-001370,2024-05-17,SUP-030,CMP-000,5523,5523,45,34.97,3,115.53,98.79,121.43
PO-000296,2024-05-17,SUP-032,CMP-004,4842,4842,162,100.71,2,115.53,98.79,121.43
PO-000743,2024-05-18,SUP-039,CMP-002,3418,3418,36,4.97,5,115.5,98.75,121.39
PO-000436,2024-05-19,SUP-050,CMP-009,5516,5516,46,12.34,1,115.48,98.71,121.36
PO-000880,2024-05-20,SUP-037,CMP-007,1043,1043,6,44.6,-2,115.46,98.68,121.32
PO-000039,2024-05-20,SUP-023,CMP-005,1524,1524,13,121.62,2,115.46,98.68,121.32
PO-003569,2024-05-20,SUP-014,CMP-004,2813,2813,109,84.14,0,115.46,98.68,121.32
PO-002265,2024-05-20,SUP-035,CMP-004,1190,1190,10,84.51,3,115.46,98.68,121.32
PO-004746,2024-05-20,SUP-037,CMP-004,2449,2449,12,82.45,-4,115.46,98.68,121.32
PO-001859,2024-05-21,SUP-028,CMP-007,3153,3153,45,44.07,3,115.44,98.64,121.28
PO-004248,2024-05-21,SUP-021,CMP-002,5594,5594,77,4.89,1,115.44,98.64,121.28
PO-003904,2024-05-21,SUP-008,CMP-006,5171,5171,25,29.63,0,115.44,98.64,121.28
PO-003577,2024-05-22,SUP-051,CMP-007,5229,5229,128,45.21,-1,115.41,98.6,121.24
PO-002570,2024-05-22,SUP-007,CMP-000,861,861,13,33.45,3,115.41,98.6,121.24
PO-001400,2024-05-22,SUP-000,CMP-005,2389,2389,32,122.78,4,115.41,98.6,121.24
PO-003449,2024-05-22,SUP-034,CMP-006,4438,4438,26,27.15,-1,115.41,98.6,121.24
PO-004634,2024-05-22,SUP-042,CMP-000,3983,3983,43,36.81,5,115.41,98.6,121.24
PO-002898,2024-05-23,SUP-000,CMP-004,1289,1289,42,83.13,1,115.39,98.55,121.2
PO-004046,2024-05-23,SUP-023,CMP-000,4300,4300,27,33.78,4,115.39,98.55,121.2
PO-001172,2024-05-23,SUP-015,CMP-005,3451,3451,104,122.72,5,115.39,98.55,121.2
PO-003443,2024-05-23,SUP-004,CMP-004,1329,1329,35,79.23,0,115.39,98.55,121.2
PO-004245,2024-05-24,SUP-037,CMP-008,191,191,2,18.79,-2,115.36,98.51,121.15
PO-001235,2024-05-24,SUP-003,CMP-005,2417,2417,64,115.81,0,115.36,98.51,121.15
PO-000545,2024-05-24,SUP-019,CMP-008,5436,5436,86,19.89,-2,115.36,98.51,121.15
PO-001989,2024-05-25,SUP-019,CMP-004,4723,4723,109,85.96,-3,115.34,98.47,121.11
PO-000961,2024-05-25,SUP-030,CMP-007,2575,2575,33,46.57,4,115.34,98.47,121.11
PO-000412,2024-05-25,SUP-014,CMP-003,3235,3235,17,7.5,3,115.34,98.47,121.11
PO-002287,2024-05-25,SUP-050,CMP-002,1398,1398,14,5.03,-3,115.34,98.47,121.11
PO-003843,2024-05-25,SUP-005,CMP-002,1451,1451,17,5.31,1,115.34,98.47,121.11
PO-002245,2024-05-25,SUP-028,CMP-003,2559,2559,109,7.44,2,115.34,98.47,121.11
PO-003876,2024-05-26,SUP-014,CMP-001,547,547,2,10.18,-3,115.31,98.43,121.07
PO-004170,2024-05-26,SUP-024,CMP-008,3367,3367,37,17.95,2,115.31,98.43,121.07
PO-003625,2024-05-26,SUP-004,CMP-004,2357,2357,33,80.54,4,115.31,98.43,121.07
PO-000348,2024-05-26,SUP-003,CMP-001,4747,4747,111,9.8,2,115.31,98.43,121.07
PO-001664,2024-05-26,SUP-034,CMP-005,1089,1089,5,113.27,3,115.31,98.43,121.07
PO-003306,2024-05-26,SUP-016,CMP-005,4479,4479,34,108.88,0,115.31,98.43,121.07
PO-002631,2024-05-26,SUP-011,CMP-005,5491,5491,42,115.97,0,115.31,98.43,121.07
PO-003340,2024-05-27,SUP-005,CMP-008,215,215,7,18.38,1,115.28,98.38,121.02
PO-003849,2024-05-27,SUP-003,CMP-001,5019,5019,52,9.99,2,115.28,98.38,121.02
PO-003015,2024-05-27,SUP-016,CMP-009,4400,4400,75,13.15,1,115.28,98.38,121.02
PO-004304,2024-05-27,SUP-020,CMP-000,2288,2288,25,37.03,1,115.28,98.38,121.02
PO-004631,2024-05-27,SUP-035,CMP-000,2909,2909,24,36.02,15,115.28,98.38,121.02
PO-001669,2024-05-27,SUP-048,CMP-004,2202,2202,13,78.48,1,115.28,98.38,121.02
PO-001421,2024-05-27,SUP-000,CMP-007,399,399,19,42.83,3,115.28,98.38,121.02
PO-004454,2024-05-27,SUP-001,CMP-001,5856,5856,52,9.81,1,115.28,98.38,121.02
PO-004765,2024-05-27,SUP-044,CMP-000,1269,1269,17,33.82,3,115.28,98.38,121.02
PO-002844,2024-05-27,SUP-002,CMP-004,4147,4147,81,81.31,0,115.28,98.38,121.02
PO-002573,2024-05-28,SUP-022,CMP-000,1640,1640,23,34.76,-1,115.25,98.34,120.98
PO-002858,2024-05-28,SUP-014,CMP-001,5637,5637,41,9.8,1,115.25,98.34,120.98
PO-001092,2024-05-28,SUP-012,CMP-002,2184,2184,40,4.69,-1,115.25,98.34,120.98
PO-000804,2024-05-28,SUP-051,CMP-008,5004,5004,53,18.56,4,115.25,98.34,120.98
PO-004094,2024-05-29,SUP-052,CMP-002,3738,3738,73,5.12,3,115.22,98.29,120.93
PO-002736,2024-05-29,SUP-001,CMP-000,1975,1975,15,35.91,2,115.22,98.29,120.93
PO-000017,2024-05-29,SUP-020,CMP-000,3848,3848,25,34.27,1,115.22,98.29,120.93
PO-000772,2024-05-29,SUP-035,CMP-003,885,885,4,7.34,2,115.22,98.29,120.93
PO-000766,2024-05-29,SUP-053,CMP-004,5628,5628,71,87.31,-1,115.22,98.29,120.93
PO-002718,2024-05-30,SUP-023,CMP-008,2885,2885,11,19.08,0,115.19,98.25,120.88
PO-003801,2024-05-30,SUP-035,CMP-005,2737,2737,21,112.56,2,115.19,98.25,120.88
PO-001518,2024-05-30,SUP-013,CMP-002,1864,1864,38,5.29,4,115.19,98.25,120.88
PO-001901,2024-05-31,SUP-049,CMP-007,5469,5469,102,44.87,-2,115.16,98.2,120.83
PO-000918,2024-05-31,SUP-013,CMP-005,1556,1556,15,128.25,2,115.16,98.2,120.83
PO-002327,2024-05-31,SUP-049,CMP-006,3359,3359,66,28.69,2,115.16,98.2,120.83
PO-001983,2024-05-31,SUP-049,CMP-000,955,955,21,34.13,0,115.16,98.2,120.83
PO-000208,2024-05-31,SUP-002,CMP-002,5751,5751,293,4.67,3,115.16,98.2,120.83
PO-002941,2024-05-31,SUP-030,CMP-003,2361,2361,119,7.59,2,115.16,98.2,120.83
PO-002791,2024-06-01,SUP-027,CMP-000,561,561,3,34.56,5,115.13,98.15,120.78
PO-002065,2024-06-01,SUP-024,CMP-000,2424,2424,55,32.55,-2,115.13,98.15,120.78
PO-003114,2024-06-01,SUP-036,CMP-005,5208,5208,21,113.85,2,115.13,98.15,120.78
PO-003790,2024-06-02,SUP-017,CMP-008,4076,4076,39,19.69,0,115.1,98.11,120.73
PO-000636,2024-06-02,SUP-009,CMP-004,368,368,5,77.98,4,115.1,98.11,120.73
PO-000205,2024-06-02,SUP-035,CMP-004,4338,4338,47,84.37,5,115.1,98.11,120.73
PO-003943,2024-06-03,SUP-016,CMP-008,5568,5568,67,19.17,2,115.06,98.06,120.68
PO-002658,2024-06-03,SUP-051,CMP-001,899,899,30,9.96,3,115.06,98.06,120.68
PO-000756,2024-06-03,SUP-033,CMP-005,1371,1371,76,126.75,2,115.06,98.06,120.68
PO-002800,2024-06-03,SUP-015,CMP-005,2282,2282,32,120.71,4,115.06,98.06,120.68
PO-001311,2024-06-04,SUP-013,CMP-005,3387,3387,54,128.98,-1,115.03,98.01,120.62
PO-001339,2024-06-04,SUP-004,CMP-008,4523,4523,139,19.39,-1,115.03,98.01,120.62
PO-002335,2024-06-04,SUP-042,CMP-004,5912,5912,54,84.38,2,115.03,98.01,120.62
PO-000160,2024-06-04,SUP-053,CMP-008,1521,1521,25,18.52,-2,115.03,98.01,120.62
PO-001431,2024-06-04,SUP-042,CMP-000,2240,2240,56,34.76,1,115.03,98.01,120.62
PO-000389,2024-06-04,SUP-045,CMP-002,612,612,2,5.28,-3,115.03,98.01,120.62
PO-001898,2024-06-04,SUP-020,CMP-001,1859,1859,26,9.44,-2,115.03,98.01,120.62
PO-004404,2024-06-05,SUP-038,CMP-000,1437,1437,35,34.5,4,114.99,97.96,120.57
PO-001673,2024-06-05,SUP-021,CMP-004,3217,3217,53,76.93,-4,114.99,97.96,120.57
PO-003070,2024-06-05,SUP-004,CMP-004,3138,3138,81,80.94,2,114.99,97.96,120.57
PO-000959,2024-06-06,SUP-021,CMP-007,241,241,3,44.49,1,114.95,97.91,120.52
PO-003644,2024-06-06,SUP-021,CMP-002,4574,4574,32,5.12,0,114.95,97.91,120.52
PO-003175,2024-06-06,SUP-018,CMP-001,2404,2404,18,9.08,1,114.95,97.91,120.52
PO-001417,2024-06-07,SUP-046,CMP-007,3651,3651,47,43.3,1,114.92,97.86,120.46
PO-003030,2024-06-07,SUP-017,CMP-003,4368,4368,69,7.53,6,114.92,97.86,120.46
PO-000629,2024-06-07,SUP-049,CMP-000,2589,2589,23,36.67,3,114.92,97.86,120.46
PO-004254,2024-06-07,SUP-049,CMP-005,3911,3911,18,122.65,2,114.92,97.86,120.46
PO-004545,2024-06-07,SUP-052,CMP-007,5398,5398,45,44.84,3,114.92,97.86,120.46
PO-000212,2024-06-07,SUP-023,CMP-005,4831,4831,18,158.39,3,114.92,97.86,120.46
PO-002545,2024-06-07,SUP-048,CMP-004,3132,3132,13,82.54,3,114.92,97.86,120.46
PO-000660,2024-06-08,SUP-038,CMP-009,4203,4203,71,13.4,-1,114.88,97.81,120.4
PO-003224,2024-06-08,SUP-013,CMP-009,5735,5735,69,13.87,2,114.88,97.81,120.4
PO-001435,2024-06-08,SUP-025,CMP-000,898,898,11,34.88,4,114.88,97.81,120.4
PO-003938,2024-06-08,SUP-013,CMP-003,2817,2817,81,7.75,-3,114.88,97.81,120.4
PO-004205,2024-06-08,SUP-033,CMP-007,3415,3415,87,44.69,0,114.88,97.81,120.4
PO-001532,2024-06-09,SUP-007,CMP-005,4354,4354,37,105.66,3,114.84,97.76,120.35
PO-004020,2024-06-09,SUP-045,CMP-002,5336,5336,19,5.12,1,114.84,97.76,120.35
PO-001800,2024-06-10,SUP-011,CMP-004,5114,5114,52,81.75,3,114.8,97.71,120.29
PO-004424,2024-06-11,SUP-049,CMP-000,3509,3509,35,33.96,1,114.76,97.66,120.23
PO-001239,2024-06-11,SUP-047,CMP-002,3869,3869,27,4.75,7,114.76,97.66,120.23
PO-001322,2024-06-11,SUP-011,CMP-004,2662,2662,26,86.77,-3,114.76,97.66,120.23
PO-002510,2024-06-11,SUP-034,CMP-005,5797,5797,11,121.4,6,114.76,97.66,120.23
PO-001552,2024-06-11,SUP-048,CMP-001,3865,3865,9,9.5,-1,114.76,97.66,120.23
PO-001161,2024-06-12,SUP-041,CMP-000,3601,3601,35,34.17,0,114.72,97.61,120.17
PO-001712,2024-06-12,SUP-012,CMP-007,3238,3238,64,44.26,0,114.72,97.61,120.17
PO-002212,2024-06-12,SUP-029,CMP-006,746,746,18,30.0,1,114.72,97.61,120.17
PO-001591,2024-06-12,SUP-015,CMP-000,1122,1122,16,35.67,7,114.72,97.61,120.17
PO-003574,2024-06-12,SUP-024,CMP-001,850,850,14,9.65,-1,114.72,97.61,120.17
PO-001396,2024-06-12,SUP-004,CMP-000,2607,2607,42,35.47,3,114.72,97.61,120.17
PO-002924,2024-06-13,SUP-011,CMP-003,2338,2338,33,7.36,-1,114.68,97.55,120.11
PO-004782,2024-06-13,SUP-027,CMP-003,5858,5858,24,7.2,5,114.68,97.55,120.11
PO-001692,2024-06-14,SUP-036,CMP-006,4936,4936,21,28.57,3,114.63,97.5,120.05
PO-004727,2024-06-14,SUP-010,CMP-001,3917,3917,74,9.95,4,114.63,97.5,120.05
PO-003190,2024-06-14,SUP-050,CMP-005,4428,4428,55,122.92,-1,114.63,97.5,120.05
PO-002984,2024-06-15,SUP-001,CMP-007,5474,5474,71,42.95,-2,114.59,97.45,119.98
PO-004690,2024-06-15,SUP-018,CMP-008,2070,2070,25,19.65,3,114.59,97.45,119.98
PO-001598,2024-06-15,SUP-037,CMP-004,5638,5638,14,86.59,2,114.59,97.45,119.98
PO-001644,2024-06-15,SUP-023,CMP-006,4826,4826,13,29.49,3,114.59,97.45,119.98
PO-004033,2024-06-15,SUP-001,CMP-008,306,306,2,18.69,0,114.59,97.45,119.98
PO-002497,2024-06-15,SUP-047,CMP-008,3167,3167,22,17.98,3,114.59,97.45,119.98
PO-000479,2024-06-15,SUP-030,CMP-002,2660,2660,30,4.94,1,114.59,97.45,119.98
PO-002089,2024-06-16,SUP-016,CMP-006,3386,3386,42,28.81,0,114.54,97.39,119.92
PO-000615,2024-06-16,SUP-049,CMP-004,2141,2141,63,75.28,0,114.54,97.39,119.92
PO-003521,2024-06-16,SUP-016,CMP-009,5827,5827,87,13.87,1,114.54,97.39,119.92
PO-003121,2024-06-16,SUP-018,CMP-003,1230,1230,23,7.43,2,114.54,97.39,119.92
PO-000889,2024-06-17,SUP-003,CMP-000,4874,4874,218,33.36,-4,114.5,97.34,119.85
PO-000706,2024-06-17,SUP-051,CMP-009,4687,4687,54,13.67,0,114.5,97.34,119.85
PO-000183,2024-06-17,SUP-053,CMP-004,1966,1966,43,81.23,3,114.5,97.34,119.85
PO-000441,2024-06-17,SUP-043,CMP-004,5025,5025,55,82.26,1,114.5,97.34,119.85
PO-003961,2024-06-17,SUP-027,CMP-002,1528,1528,4,4.85,3,114.5,97.34,119.85
PO-000217,2024-06-17,SUP-038,CMP-007,2694,2694,37,43.91,6,114.5,97.34,119.85
PO-003609,2024-06-17,SUP-008,CMP-002,2055,2055,19,5.02,0,114.5,97.34,119.85
PO-003255,2024-06-18,SUP-002,CMP-003,4902,4902,41,7.17,4,114.45,97.29,119.79
PO-000594,2024-06-18,SUP-052,CMP-002,384,384,8,5.32,1,114.45,97.29,119.79
PO-003983,2024-06-19,SUP-010,CMP-005,3977,3977,15,115.21,-3,114.41,97.23,119.72
PO-002672,2024-06-19,SUP-006,CMP-002,1922,1922,19,4.89,1,114.41,97.23,119.72
PO-003467,2024-06-19,SUP-031,CMP-001,813,813,37,9.86,5,114.41,97.23,119.72
PO-004750,2024-06-20,SUP-029,CMP-000,4031,4031,80,33.23,4,114.36,97.18,119.66
PO-001797,2024-06-20,SUP-044,CMP-008,2959,2959,25,18.96,-4,114.36,97.18,119.66
PO-004352,2024-06-20,SUP-030,CMP-007,2993,2993,56,46.45,2,114.36,97.18,119.66
PO-000405,2024-06-20,SUP-008,CMP-009,4080,4080,52,13.42,0,114.36,97.18,119.66
PO-002888,2024-06-20,SUP-030,CMP-007,2397,2397,29,42.68,2,114.36,97.18,119.66
PO-000789,2024-06-20,SUP-031,CMP-005,4900,4900,123,123.55,-2,114.36,97.18,119.66
PO-002294,2024-06-20,SUP-044,CMP-006,1510,1510,10,31.05,0,114.36,97.18,119.66
PO-001825,2024-06-21,SUP-013,CMP-004,4805,4805,147,82.49,3,114.31,97.13,119.59
PO-000549,2024-06-21,SUP-050,CMP-001,2870,2870,13,9.33,1,114.31,97.13,119.59
PO-000494,2024-06-21,SUP-002,CMP-004,5669,5669,134,85.89,0,114.31,97.13,119.59
PO-001927,2024-06-21,SUP-037,CMP-003,2565,2565,24,7.2,-1,114.31,97.13,119.59
PO-004586,2024-06-21,SUP-036,CMP-005,374,374,2,120.18,6,114.31,97.13,119.59
PO-004743,2024-06-21,SUP-018,CMP-009,4000,4000,39,13.28,-1,114.31,97.13,119.59
PO-004462,2024-06-21,SUP-041,CMP-000,4948,4948,41,32.58,-2,114.31,97.13,119.59
PO-001236,2024-06-22,SUP-049,CMP-008,5688,5688,123,17.61,1,114.26,97.07,119.52
PO-000444,2024-06-22,SUP-022,CMP-006,5153,5153,25,29.93,3,114.26,97.07,119.52
PO-000119,2024-06-22,SUP-014,CMP-004,940,940,2,85.7,2,114.26,97.07,119.52
PO-000582,2024-06-22,SUP-022,CMP-008,3316,3316,16,19.21,0,114.26,97.07,119.52
PO-001916,2024-06-22,SUP-010,CMP-008,5304,5304,50,18.62,1,114.26,97.07,119.52
PO-001666,2024-06-23,SUP-036,CMP-000,3162,3162,38,35.56,1,114.21,97.02,119.45
PO-003402,2024-06-23,SUP-036,CMP-006,5019,5019,15,28.46,1,114.21,97.02,119.45
PO-004687,2024-06-23,SUP-011,CMP-003,2565,2565,115,7.25,0,114.21,97.02,119.45
PO-002215,2024-06-23,SUP-025,CMP-004,3899,3899,58,77.83,5,114.21,97.02,119.45
PO-003014,2024-06-24,SUP-010,CMP-004,732,732,4,91.22,-1,114.16,96.96,119.38
PO-004127,2024-06-24,SUP-035,CMP-005,1665,1665,11,114.15,0,114.16,96.96,119.38
PO-003261,2024-06-25,SUP-021,CMP-006,3932,3932,17,28.84,2,114.1,96.91,119.31
PO-000201,2024-06-25,SUP-052,CMP-001,3683,3683,80,10.15,-2,114.1,96.91,119.31
PO-000214,2024-06-25,SUP-049,CMP-004,1682,1682,36,78.66,2,114.1,96.91,119.31
PO-002807,2024-06-25,SUP-032,CMP-002,5716,5716,117,4.93,2,114.1,96.91,119.31
PO-000881,2024-06-25,SUP-003,CMP-004,681,681,9,84.29,-3,114.1,96.91,119.31
PO-003906,2024-06-25,SUP-037,CMP-001,1980,1980,13,9.42,0,114.1,96.91,119.31
PO-002992,2024-06-25,SUP-045,CMP-001,705,705,3,9.8,-1,114.1,96.91,119.31
PO-001193,2024-06-26,SUP-016,CMP-000,917,917,8,35.72,6,114.05,96.85,119.24
PO-001146,2024-06-26,SUP-021,CMP-000,1463,1463,24,35.85,2,114.05,96.85,119.24
PO-001707,2024-06-26,SUP-015,CMP-000,1412,1412,60,34.23,7,114.05,96.85,119.24
PO-004686,2024-06-26,SUP-042,CMP-004,5385,5385,33,85.46,0,114.05,96.85,119.24
PO-002771,2024-06-26,SUP-040,CMP-009,5089,5089,16,13.87,2,114.05,96.85,119.24
PO-001178,2024-06-26,SUP-017,CMP-003,3603,3603,39,7.52,-2,114.05,96.85,119.24
PO-003909,2024-06-26,SUP-053,CMP-009,467,467,8,13.6,4,114.05,96.85,119.24
PO-002501,2024-06-26,SUP-025,CMP-004,2253,2253,53,79.45,1,114.05,96.85,119.24
PO-004415,2024-06-27,SUP-036,CMP-008,653,653,2,18.54,1,114.0,96.8,119.16
PO-002165,2024-06-27,SUP-008,CMP-001,4333,4333,53,9.58,0,114.0,96.8,119.16
PO-003184,2024-06-28,SUP-044,CMP-006,601,601,9,30.03,2,113.94,96.74,119.09
PO-000822,2024-06-28,SUP-031,CMP-002,5437,5437,65,5.44,1,113.94,96.74,119.09
PO-004572,2024-06-28,SUP-006,CMP-006,5571,5571,114,27.5,3,113.94,96.74,119.09
PO-003186,2024-06-28,SUP-038,CMP-005,1397,1397,30,118.34,-1,113.94,96.74,119.09
PO-002469,2024-06-28,SUP-038,CMP-000,3877,3877,52,32.97,4,113.94,96.74,119.09
PO-004399,2024-06-28,SUP-006,CMP-001,3406,3406,25,9.11,-1,113.94,96.74,119.09
PO-003256,2024-06-28,SUP-006,CMP-004,733,733,13,80.0,0,113.94,96.74,119.09
PO-004257,2024-06-28,SUP-032,CMP-008,5216,5216,98,18.41,5,113.94,96.74,119.09
PO-003416,2024-06-29,SUP-045,CMP-005,1949,1949,14,123.82,0,113.89,96.69,119.02
PO-002144,2024-06-29,SUP-022,CMP-000,341,341,2,33.36,-3,113.89,96.69,119.02
PO-001979,2024-06-29,SUP-019,CMP-003,3245,3245,57,7.32,0,113.89,96.69,119.02
PO-001824,2024-06-29,SUP-029,CMP-005,3440,3440,172,116.17,1,113.89,96.69,119.02
PO-000102,2024-06-29,SUP-046,CMP-009,4208,4208,45,13.77,5,113.89,96.69,119.02
PO-003348,2024-06-29,SUP-040,CMP-003,1085,1085,5,7.54,-2,113.89,96.69,119.02
PO-004185,2024-06-30,SUP-026,CMP-002,3717,3717,54,5.03,2,113.83,96.63,118.94
PO-003350,2024-06-30,SUP-030,CMP-000,580,580,19,36.18,5,113.83,96.63,118.94
PO-003177,2024-06-30,SUP-010,CMP-002,883,883,3,5.07,-2,113.83,96.63,118.94
PO-001144,2024-06-30,SUP-019,CMP-003,3462,3462,135,7.14,3,113.83,96.63,118.94
PO-001636,2024-07-01,SUP-011,CMP-007,5285,5285,43,42.46,-2,113.78,96.58,118.87
PO-002314,2024-07-01,SUP-021,CMP-006,2688,2688,47,29.95,2,113.78,96.58,118.87
PO-001521,2024-07-01,SUP-027,CMP-004,556,556,4,83.09,2,113.78,96.58,118.87
PO-003439,2024-07-01,SUP-001,CMP-003,5091,5091,60,7.1,-2,113.78,96.58,118.87
PO-002358,2024-07-02,SUP-011,CMP-006,4690,4690,50,28.46,-2,113.72,96.52,118.79
PO-003389,2024-07-02,SUP-051,CMP-000,4301,4301,87,34.08,4,113.72,96.52,118.79
PO-002355,2024-07-02,SUP-036,CMP-009,1930,1930,7,13.61,5,113.72,96.52,118.79
PO-001512,2024-07-02,SUP-029,CMP-009,1658,1658,26,13.29,-1,113.72,96.52,118.79
PO-003716,2024-07-02,SUP-012,CMP-003,3555,3555,59,6.89,2,113.72,96.52,118.79
PO-003643,2024-07-02,SUP-038,CMP-000,4655,4655,79,34.12,0,113.72,96.52,118.79
PO-000140,2024-07-02,SUP-030,CMP-004,3632,3632,117,80.58,6,113.72,96.52,118.79
PO-002093,2024-07-03,SUP-027,CMP-006,3128,3128,6,28.22,3,113.66,96.47,118.72
PO-002551,2024-07-03,SUP-018,CMP-005,2124,2124,15,120.03,-1,113.66,96.47,118.72
PO-002083,2024-07-03,SUP-045,CMP-002,5337,5337,39,5.23,0,113.66,96.47,118.72
PO-001843,2024-07-04,SUP-050,CMP-005,3708,3708,19,125.88,5,113.6,96.41,118.64
PO-000806,2024-07-04,SUP-026,CMP-004,4864,4864,183,81.46,-1,113.6,96.41,118.64
PO-004339,2024-07-04,SUP-014,CMP-001,413,413,3,9.06,0,113.6,96.41,118.64
PO-003396,2024-07-04,SUP-003,CMP-007,3889,3889,79,46.48,3,113.6,96.41,118.64
PO-004449,2024-07-04,SUP-039,CMP-004,1121,1121,13,79.12,3,113.6,96.41,118.64
PO-002033,2024-07-05,SUP-043,CMP-004,1587,1587,13,83.6,1,113.54,96.36,118.56
PO-000157,2024-07-05,SUP-039,CMP-007,2066,2066,17,44.09,4,113.54,96.36,118.56
PO-000733,2024-07-05,SUP-027,CMP-007,1508,1508,2,43.55,4,113.54,96.36,118.56
PO-004654,2024-07-05,SUP-009,CMP-009,2678,2678,18,13.39,3,113.54,96.36,118.56
PO-002813,2024-07-06,SUP-041,CMP-004,5730,5730,42,81.92,-4,113.48,96.3,118.48
PO-002452,2024-07-06,SUP-047,CMP-004,3399,3399,14,80.73,4,113.48,96.3,118.48
PO-003866,2024-07-06,SUP-003,CMP-006,5455,5455,307,30.3,-2,113.48,96.3,118.48
PO-000371,2024-07-06,SUP-046,CMP-006,1129,1129,10,28.74,2,113.48,96.3,118.48
PO-003280,2024-07-06,SUP-026,CMP-002,5855,5855,102,4.84,-4,113.48,96.3,118.48
PO-001718,2024-07-06,SUP-010,CMP-005,500,500,1,119.47,0,113.48,96.3,118.48
PO-003046,2024-07-07,SUP-023,CMP-004,3321,3321,50,92.48,1,113.42,96.25,118.4
PO-000882,2024-07-07,SUP-022,CMP-000,4600,4600,36,34.35,1,113.42,96.25,118.4
PO-003936,2024-07-07,SUP-053,CMP-002,5367,5367,84,5.71,2,113.42,96.25,118.4
PO-003252,2024-07-07,SUP-006,CMP-002,5345,5345,55,4.78,0,113.42,96.25,118.4
PO-000050,2024-07-07,SUP-006,CMP-002,1510,1510,12,4.96,5,113.42,96.25,118.4
PO-000320,2024-07-07,SUP-045,CMP-004,2278,2278,7,83.69,2,113.42,96.25,118.4
PO-004136,2024-07-07,SUP-049,CMP-000,3360,3360,105,32.93,0,113.42,96.25,118.4
PO-003804,2024-07-07,SUP-048,CMP-000,666,666,2,34.75,4,113.42,96.25,118.4
PO-002971,2024-07-08,SUP-025,CMP-005,4440,4440,73,124.45,2,113.36,96.2,118.32
PO-003315,2024-07-08,SUP-017,CMP-001,1891,1891,36,9.49,4,113.36,96.2,118.32
PO-003833,2024-07-08,SUP-015,CMP-007,5017,5017,200,44.27,10,113.36,96.2,118.32
PO-000167,2024-07-08,SUP-020,CMP-006,3919,3919,15,27.61,0,113.36,96.2,118.32
PO-004506,2024-07-08,SUP-022,CMP-006,2313,2313,32,29.66,3,113.36,96.2,118.32
PO-004053,2024-07-09,SUP-049,CMP-000,1652,1652,18,34.43,-2,113.3,96.14,118.24
PO-000668,2024-07-09,SUP-017,CMP-004,5758,5758,69,83.58,-2,113.3,96.14,118.24
PO-003270,2024-07-09,SUP-027,CMP-001,1904,1904,4,9.78,3,113.3,96.14,118.24
PO-000431,2024-07-10,SUP-029,CMP-001,4395,4395,140,9.19,5,113.23,96.09,118.16
PO-002987,2024-07-10,SUP-045,CMP-004,5363,5363,10,78.44,1,113.23,96.09,118.16
PO-003603,2024-07-10,SUP-045,CMP-000,2755,2755,14,35.57,-3,113.23,96.09,118.16
PO-000125,2024-07-11,SUP-032,CMP-002,3023,3023,27,4.95,6,113.17,96.04,118.08
PO-003749,2024-07-11,SUP-023,CMP-007,2321,2321,137,41.94,1,113.17,96.04,118.08
PO-000583,2024-07-11,SUP-036,CMP-001,2585,2585,14,8.88,1,113.17,96.04,118.08
PO-000153,2024-07-11,SUP-049,CMP-004,848,848,7,82.51,2,113.17,96.04,118.08
PO-000402,2024-07-11,SUP-027,CMP-003,1495,1495,4,7.08,6,113.17,96.04,118.08
PO-000100,2024-07-12,SUP-040,CMP-001,2414,2414,6,9.61,-2,113.1,95.98,117.99
PO-004781,2024-07-12,SUP-014,CMP-002,5712,5712,22,4.95,3,113.1,95.98,117.99
PO-002690,2024-07-12,SUP-026,CMP-009,499,499,19,13.71,0,113.1,95.98,117.99
PO-003285,2024-07-12,SUP-008,CMP-004,1378,1378,26,80.99,-4,113.1,95.98,117.99
PO-002885,2024-07-12,SUP-032,CMP-000,2915,2915,37,35.25,4,113.1,95.98,117.99
PO-001167,2024-07-12,SUP-050,CMP-004,1118,1118,14,80.11,3,113.1,95.98,117.99
PO-003622,2024-07-13,SUP-007,CMP-006,4803,4803,33,28.38,3,113.04,95.93,117.91
PO-002216,2024-07-13,SUP-030,CMP-004,3115,3115,27,79.37,3,113.04,95.93,117.91
PO-000864,2024-07-14,SUP-053,CMP-004,4518,4518,16,75.87,0,112.97,95.88,117.83
PO-004609,2024-07-14,SUP-016,CMP-004,3372,3372,69,78.21,3,112.97,95.88,117.83
PO-001168,2024-07-14,SUP-041,CMP-002,2471,2471,49,4.92,-4,112.97,95.88,117.83
PO-002676,2024-07-14,SUP-034,CMP-006,3480,3480,17,28.99,2,112.97,95.88,117.83
PO-004088,2024-07-15,SUP-048,CMP-000,4585,4585,27,34.06,0,112.9,95.83,117.74
PO-002187,2024-07-15,SUP-037,CMP-006,5560,5560,43,30.1,2,112.9,95.83,117.74
PO-000137,2024-07-15,SUP-000,CMP-001,1345,1345,13,9.76,2,112.9,95.83,117.74
PO-002892,2024-07-15,SUP-022,CMP-008,4388,4388,28,19.07,-2,112.9,95.83,117.74
PO-004026,2024-07-15,SUP-032,CMP-002,1565,1565,20,5.09,3,112.9,95.83,117.74
PO-003016,2024-07-15,SUP-051,CMP-008,2063,2063,42,19.15,0,112.9,95.83,117.74
PO-004792,2024-07-15,SUP-047,CMP-007,5631,5631,24,44.92,3,112.9,95.83,117.74
PO-001713,2024-07-16,SUP-004,CMP-001,1781,1781,23,9.12,6,112.84,95.78,117.66
PO-002683,2024-07-16,SUP-026,CMP-001,1347,1347,14,9.17,2,112.84,95.78,117.66
PO-001246,2024-07-16,SUP-047,CMP-004,2192,2192,16,78.81,0,112.84,95.78,117.66
PO-002721,2024-07-16,SUP-049,CMP-009,2297,2297,18,12.93,3,112.84,95.78,117.66
PO-000424,2024-07-16,SUP-003,CMP-006,3844,3844,80,29.8,-1,112.84,95.78,117.66
PO-003919,2024-07-16,SUP-023,CMP-000,3344,3344,17,33.25,3,112.84,95.78,117.66
PO-004299,2024-07-17,SUP-045,CMP-003,1207,1207,3,7.69,1,112.77,95.72,117.57
PO-003067,2024-07-17,SUP-039,CMP-001,5453,5453,34,9.33,6,112.77,95.72,117.57
PO-002195,2024-07-17,SUP-018,CMP-004,3514,3514,145,82.98,-1,112.77,95.72,117.57
PO-001626,2024-07-17,SUP-037,CMP-002,1556,1556,13,4.8,-4,112.77,95.72,117.57
PO-001010,2024-07-17,SUP-035,CMP-004,277,277,2,82.55,4,112.77,95.72,117.57
PO-000015,2024-07-18,SUP-010,CMP-001,1991,1991,9,9.38,-1,112.7,95.67,117.49
PO-000035,2024-07-18,SUP-043,CMP-006,698,698,6,29.28,2,112.7,95.67,117.49
PO-002363,2024-07-18,SUP-009,CMP-004,1580,1580,36,77.92,3,112.7,95.67,117.49
PO-001008,2024-07-18,SUP-030,CMP-002,1958,1958,14,4.98,3,112.7,95.67,117.49
PO-000159,2024-07-18,SUP-012,CMP-006,4854,4854,101,26.84,-3,112.7,95.67,117.49
PO-000081,2024-07-18,SUP-046,CMP-004,3697,3697,64,81.32,1,112.7,95.67,117.49
PO-000437,2024-07-18,SUP-050,CMP-004,509,509,3,81.55,5,112.7,95.67,117.49
PO-000592,2024-07-18,SUP-043,CMP-005,5643,5643,42,117.6,3,112.7,95.67,117.49
PO-001288,2024-07-19,SUP-012,CMP-006,4092,4092,118,28.85,0,112.63,95.62,117.4
PO-004207,2024-07-19,SUP-034,CMP-003,2007,2007,5,6.98,-1,112.63,95.62,117.4
PO-003501,2024-07-20,SUP-005,CMP-002,1613,1613,15,4.7,-1,112.56,95.57,117.31
PO-003087,2024-07-20,SUP-048,CMP-005,2191,2191,3,121.37,0,112.56,95.57,117.31
PO-001305,2024-07-20,SUP-027,CMP-008,4340,4340,26,17.21,3,112.56,95.57,117.31
PO-004478,2024-07-20,SUP-017,CMP-000,3784,3784,62,35.2,1,112.56,95.57,117.31
PO-000579,2024-07-20,SUP-029,CMP-003,897,897,33,6.88,-1,112.56,95.57,117.31
PO-000336,2024-07-20,SUP-002,CMP-008,4590,4590,96,17.61,-1,112.56,95.57,117.31
PO-002472,2024-07-20,SUP-053,CMP-004,2802,2802,31,84.67,2,112.56,95.57,117.31
PO-003327,2024-07-21,SUP-030,CMP-000,3788,3788,44,35.32,6,112.49,95.52,117.23
PO-001823,2024-07-21,SUP-047,CMP-005,3773,3773,14,117.76,5,112.49,95.52,117.23
PO-004578,2024-07-21,SUP-040,CMP-000,2518,2518,9,33.89,3,112.49,95.52,117.23
PO-001372,2024-07-21,SUP-037,CMP-003,5520,5520,46,6.95,-1,112.49,95.52,117.23
PO-003483,2024-07-21,SUP-002,CMP-008,3251,3251,67,17.93,0,112.49,95.52,117.23
PO-003758,2024-07-21,SUP-009,CMP-003,2856,2856,22,6.86,6,112.49,95.52,117.23
PO-003133,2024-07-22,SUP-040,CMP-001,1199,1199,7,9.96,0,112.42,95.48,117.14
PO-002912,2024-07-22,SUP-028,CMP-004,2008,2008,35,80.86,4,112.42,95.48,117.14
PO-000133,2024-07-22,SUP-039,CMP-008,4588,4588,24,18.5,5,112.42,95.48,117.14
PO-004747,2024-07-22,SUP-033,CMP-005,5814,5814,164,124.84,0,112.42,95.48,117.14
PO-004464,2024-07-22,SUP-052,CMP-004,5980,5980,61,76.95,-1,112.42,95.48,117.14
PO-002276,2024-07-22,SUP-041,CMP-001,2065,2065,39,9.45,2,112.42,95.48,117.14
PO-000221,2024-07-23,SUP-019,CMP-007,3241,3241,91,44.64,4,112.34,95.43,117.05
PO-000643,2024-07-23,SUP-047,CMP-005,1808,1808,32,125.6,1,112.34,95.43,117.05
PO-001500,2024-07-23,SUP-013,CMP-004,267,267,2,83.98,1,112.34,95.43,117.05
PO-003011,2024-07-23,SUP-022,CMP-000,5439,5439,44,34.1,-1,112.34,95.43,117.05
PO-001830,2024-07-23,SUP-031,CMP-004,3332,3332,62,82.52,1,112.34,95.43,117.05
PO-002715,2024-07-24,SUP-050,CMP-004,3041,3041,55,79.2,0,112.27,95.38,116.96
PO-001744,2024-07-24,SUP-008,CMP-002,2058,2058,28,4.7,5,112.27,95.38,116.96
PO-002206,2024-07-24,SUP-005,CMP-004,4555,4555,275,81.12,1,112.27,95.38,116.96
PO-002508,2024-07-24,SUP-033,CMP-001,5078,5078,61,9.46,2,112.27,95.38,116.96
PO-004651,2024-07-24,SUP-036,CMP-001,589,589,6,9.52,3,112.27,95.38,116.96
PO-001810,2024-07-24,SUP-017,CMP-009,4478,4478,158,13.87,-1,112.27,95.38,116.96
PO-001921,2024-07-24,SUP-047,CMP-005,2528,2528,18,120.54,7,112.27,95.38,116.96
PO-001760,2024-07-24,SUP-052,CMP-001,1132,1132,34,9.52,1,112.27,95.38,116.96
PO-004329,2024-07-24,SUP-035,CMP-009,4512,4512,26,13.82,2,112.27,95.38,116.96
PO-003249,2024-07-25,SUP-008,CMP-007,2319,2319,66,44.5,1,112.2,95.33,116.87
PO-001508,2024-07-25,SUP-001,CMP-004,5472,5472,43,77.02,-2,112.2,95.33,116.87
PO-001835,2024-07-25,SUP-033,CMP-005,2689,2689,74,123.95,2,112.2,95.33,116.87
PO-002412,2024-07-25,SUP-001,CMP-001,895,895,11,9.37,0,112.2,95.33,116.87
PO-000442,2024-07-25,SUP-030,CMP-006,879,879,14,27.18,3,112.2,95.33,116.87
PO-001402,2024-07-25,SUP-028,CMP-000,544,544,16,35.42,1,112.2,95.33,116.87
PO-000522,2024-07-26,SUP-018,CMP-007,1287,1287,83,44.19,1,112.12,95.28,116.78
PO-003412,2024-07-26,SUP-026,CMP-004,1444,1444,21,84.51,0,112.12,95.28,116.78
PO-001723,2024-07-26,SUP-002,CMP-004,5994,5994,129,78.01,5,112.12,95.28,116.78
PO-001353,2024-07-26,SUP-034,CMP-002,2778,2778,10,4.93,-4,112.12,95.28,116.78
PO-004577,2024-07-26,SUP-033,CMP-006,4226,4226,46,28.67,-1,112.12,95.28,116.78
PO-004186,2024-07-26,SUP-021,CMP-004,5545,5545,64,83.57,4,112.12,95.28,116.78
PO-000998,2024-07-26,SUP-032,CMP-009,5503,5503,62,12.64,3,112.12,95.28,116.78
PO-001747,2024-07-26,SUP-032,CMP-004,1957,1957,27,80.95,3,112.12,95.28,116.78
PO-003193,2024-07-27,SUP-002,CMP-005,2080,2080,68,120.35,4,112.05,95.24,116.69
PO-000808,2024-07-27,SUP-029,CMP-003,3803,3803,93,6.8,15,112.05,95.24,116.69
PO-002673,2024-07-27,SUP-014,CMP-002,4813,4813,14,4.96,-1,112.05,95.24,116.69
PO-001607,2024-07-27,SUP-049,CMP-001,5234,5234,74,9.89,4,112.05,95.24,116.69
PO-003098,2024-07-27,SUP-000,CMP-009,2184,2184,11,13.33,-2,112.05,95.24,116.69
PO-001964,2024-07-27,SUP-024,CMP-005,3298,3298,116,113.75,4,112.05,95.24,116.69
PO-003522,2024-07-27,SUP-036,CMP-007,2042,2042,20,42.43,0,112.05,95.24,116.69
PO-004199,2024-07-27,SUP-043,CMP-004,1646,1646,20,82.42,3,112.05,95.24,116.69
PO-000923,2024-07-28,SUP-051,CMP-009,3853,3853,47,13.24,1,111.97,95.19,116.6
PO-002121,2024-07-28,SUP-026,CMP-008,943,943,23,18.85,-1,111.97,95.19,116.6
PO-001043,2024-07-29,SUP-018,CMP-003,1844,1844,9,7.52,-2,111.89,95.15,116.51
PO-000670,2024-07-29,SUP-017,CMP-009,3725,3725,25,13.72,-2,111.89,95.15,116.51
PO-000225,2024-07-29,SUP-031,CMP-006,4506,4506,48,28.84,3,111.89,95.15,116.51
PO-003316,2024-07-29,SUP-050,CMP-005,5823,5823,46,125.05,-4,111.89,95.15,116.51
PO-003793,2024-07-30,SUP-008,CMP-006,3151,3151,64,29.48,-3,111.82,95.1,116.42
PO-000243,2024-07-30,SUP-038,CMP-006,5882,5882,105,28.88,2,111.82,95.1,116.42
PO-001909,2024-07-30,SUP-001,CMP-001,4957,4957,36,8.97,1,111.82,95.1,116.42
PO-001991,2024-07-30,SUP-044,CMP-006,2996,2996,45,27.92,-4,111.82,95.1,116.42
PO-002103,2024-07-30,SUP-021,CMP-004,433,433,4,80.19,1,111.82,95.1,116.42
PO-002918,2024-07-31,SUP-030,CMP-000,2799,2799,163,33.28,0,111.74,95.06,116.33
PO-001033,2024-07-31,SUP-017,CMP-006,4090,4090,62,29.46,-1,111.74,95.06,116.33
PO-003485,2024-07-31,SUP-044,CMP-004,2650,2650,42,78.09,2,111.74,95.06,116.33
PO-003180,2024-08-01,SUP-023,CMP-003,4658,4658,49,7.46,2,111.66,95.02,116.24
PO-002697,2024-08-01,SUP-015,CMP-004,996,996,20,80.13,8,111.66,95.02,116.24
PO-002995,2024-08-01,SUP-011,CMP-000,2038,2038,44,34.22,-3,111.66,95.02,116.24
PO-002385,2024-08-01,SUP-040,CMP-004,5506,5506,29,82.05,1,111.66,95.02,116.24
PO-001486,2024-08-01,SUP-050,CMP-004,4660,4660,35,80.23,5,111.66,95.02,116.24
PO-001813,2024-08-02,SUP-018,CMP-003,877,877,20,7.17,4,111.58,94.97,116.14
PO-002580,2024-08-02,SUP-013,CMP-007,1322,1322,21,43.09,2,111.58,94.97,116.14
PO-001920,2024-08-02,SUP-000,CMP-009,4151,4151,22,13.67,3,111.58,94.97,116.14
PO-002263,2024-08-02,SUP-016,CMP-001,4745,4745,87,10.16,0,111.58,94.97,116.14
PO-001952,2024-08-02,SUP-051,CMP-004,643,643,6,76.93,-2,111.58,94.97,116.14
PO-003096,2024-08-02,SUP-047,CMP-008,5322,5322,53,17.65,8,111.58,94.97,116.14
PO-000699,2024-08-03,SUP-018,CMP-008,5969,5969,121,18.24,6,111.5,94.93,116.05
PO-001878,2024-08-03,SUP-029,CMP-009,1223,1223,33,13.3,0,111.5,94.93,116.05
PO-003682,2024-08-03,SUP-005,CMP-007,4096,4096,51,43.26,5,111.5,94.93,116.05
PO-003528,2024-08-04,SUP-033,CMP-000,1202,1202,61,36.13,1,111.42,94.89,115.96
PO-000553,2024-08-04,SUP-048,CMP-007,2085,2085,7,40.0,-1,111.42,94.89,115.96
PO-002748,2024-08-04,SUP-027,CMP-007,408,408,1,42.51,4,111.42,94.89,115.96
PO-000401,2024-08-04,SUP-031,CMP-004,3064,3064,53,79.96,-4,111.42,94.89,115.96
PO-001851,2024-08-04,SUP-015,CMP-001,3558,3558,175,9.56,7,111.42,94.89,115.96
PO-000351,2024-08-04,SUP-012,CMP-005,3813,3813,69,121.83,0,111.42,94.89,115.96
PO-000459,2024-08-05,SUP-042,CMP-001,4542,4542,24,9.46,4,111.34,94.85,115.87
PO-002418,2024-08-05,SUP-051,CMP-006,2430,2430,31,30.3,4,111.34,94.85,115.87
PO-000493,2024-08-05,SUP-014,CMP-007,4432,4432,32,44.54,-1,111.34,94.85,115.87
PO-000982,2024-08-05,SUP-021,CMP-005,1723,1723,52,117.78,1,111.34,94.85,115.87
PO-002285,2024-08-05,SUP-026,CMP-007,4164,4164,127,44.22,-1,111.34,94.85,115.87
PO-001078,2024-08-06,SUP-034,CMP-004,1298,1298,2,78.39,0,111.26,94.81,115.77
PO-001960,2024-08-06,SUP-037,CMP-002,1849,1849,11,4.83,-2,111.26,94.81,115.77
PO-002522,2024-08-06,SUP-027,CMP-005,1331,1331,3,113.3,1,111.26,94.81,115.77
PO-004665,2024-08-07,SUP-013,CMP-006,3438,3438,24,29.43,0,111.18,94.77,115.68
PO-004276,2024-08-07,SUP-044,CMP-001,2885,2885,77,9.78,-2,111.18,94.77,115.68
PO-000373,2024-08-07,SUP-015,CMP-005,2592,2592,31,124.39,8,111.18,94.77,115.68
PO-001826,2024-08-07,SUP-014,CMP-000,1797,1797,5,34.27,1,111.18,94.77,115.68
PO-000912,2024-08-07,SUP-031,CMP-005,2070,2070,28,120.68,1,111.18,94.77,115.68
PO-001799,2024-08-08,SUP-051,CMP-005,4537,4537,100,122.46,-2,111.1,94.74,115.58
PO-002304,2024-08-08,SUP-037,CMP-009,1392,1392,9,12.95,2,111.1,94.74,115.58
PO-003884,2024-08-08,SUP-033,CMP-003,3602,3602,130,7.05,-1,111.1,94.74,115.58
PO-002541,2024-08-08,SUP-048,CMP-000,5206,5206,7,32.24,3,111.1,94.74,115.58
PO-003610,2024-08-08,SUP-031,CMP-002,2433,2433,67,4.8,4,111.1,94.74,115.58
PO-003559,2024-08-09,SUP-049,CMP-003,267,267,3,7.18,-2,111.01,94.7,115.49
PO-001332,2024-08-09,SUP-051,CMP-004,5610,5610,117,79.82,-2,111.01,94.7,115.49
PO-000370,2024-08-09,SUP-014,CMP-004,2986,2986,13,78.81,0,111.01,94.7,115.49
PO-003685,2024-08-09,SUP-014,CMP-005,4511,4511,35,122.01,1,111.01,94.7,115.49
PO-000947,2024-08-09,SUP-019,CMP-004,4904,4904,111,80.03,4,111.01,94.7,115.49
PO-001526,2024-08-09,SUP-004,CMP-006,4245,4245,116,30.14,1,111.01,94.7,115.49
PO-003384,2024-08-10,SUP-026,CMP-004,590,590,15,80.56,0,110.93,94.66,115.39
PO-004031,2024-08-10,SUP-053,CMP-004,2453,2453,74,83.63,4,110.93,94.66,115.39
PO-004236,2024-08-10,SUP-035,CMP-000,3745,3745,31,34.61,2,110.93,94.66,115.39
PO-000964,2024-08-10,SUP-046,CMP-001,5782,5782,62,8.92,-1,110.93,94.66,115.39
PO-004684,2024-08-10,SUP-020,CMP-004,2435,2435,52,81.6,0,110.93,94.66,115.39
PO-003023,2024-08-10,SUP-049,CMP-005,4992,4992,82,120.82,-1,110.93,94.66,115.39
PO-002562,2024-08-10,SUP-013,CMP-007,5494,5494,109,44.35,3,110.93,94.66,115.39
PO-004195,2024-08-10,SUP-019,CMP-008,3545,3545,90,17.8,2,110.93,94.66,115.39
PO-001330,2024-08-10,SUP-028,CMP-009,404,404,4,13.15,0,110.93,94.66,115.39
PO-003335,2024-08-10,SUP-014,CMP-001,3408,3408,14,9.37,-1,110.93,94.66,115.39
PO-003668,2024-08-11,SUP-049,CMP-001,5062,5062,128,9.13,2,110.85,94.63,115.3
PO-004011,2024-08-11,SUP-043,CMP-009,5115,5115,53,13.62,5,110.85,94.63,115.3
PO-001184,2024-08-11,SUP-001,CMP-007,5978,5978,81,45.05,2,110.85,94.63,115.3
PO-003861,2024-08-11,SUP-053,CMP-000,5885,5885,44,33.88,0,110.85,94.63,115.3
PO-001599,2024-08-11,SUP-034,CMP-001,2057,2057,5,8.55,-1,110.85,94.63,115.3
PO-002817,2024-08-11,SUP-031,CMP-005,5568,5568,93,124.94,-2,110.85,94.63,115.3
PO-001463,2024-08-12,SUP-018,CMP-004,1071,1071,26,82.34,1,110.76,94.59,115.2
PO-001765,2024-08-12,SUP-029,CMP-005,5177,5177,52,121.47,1,110.76,94.59,115.2
PO-002283,2024-08-12,SUP-000,CMP-008,2865,2865,36,16.54,0,110.76,94.59,115.2
PO-000162,2024-08-12,SUP-009,CMP-004,4632,4632,31,78.65,1,110.76,94.59,115.2
PO-002455,2024-08-12,SUP-037,CMP-001,1552,1552,9,9.58,0,110.76,94.59,115.2
PO-001159,2024-08-13,SUP-037,CMP-000,564,564,2,35.46,1,110.68,94.56,115.11
PO-000780,2024-08-13,SUP-050,CMP-004,5833,5833,93,80.47,-1,110.68,94.56,115.11
PO-002109,2024-08-13,SUP-015,CMP-009,5190,5190,138,13.51,8,110.68,94.56,115.11
PO-003465,2024-08-13,SUP-013,CMP-001,3453,3453,130,10.13,1,110.68,94.56,115.11
PO-004788,2024-08-14,SUP-041,CMP-009,3366,3366,68,13.77,-1,110.59,94.53,115.01
PO-004308,2024-08-14,SUP-039,CMP-009,4221,4221,52,13.04,2,110.59,94.53,115.01
PO-000025,2024-08-14,SUP-037,CMP-004,5816,5816,43,80.85,-4,110.59,94.53,115.01
PO-000029,2024-08-14,SUP-020,CMP-005,4887,4887,34,117.0,-2,110.59,94.53,115.01
PO-002387,2024-08-15,SUP-000,CMP-006,2450,2450,27,28.45,1,110.5,94.5,114.92
PO-004277,2024-08-15,SUP-050,CMP-009,3883,3883,58,13.43,-1,110.5,94.5,114.92
PO-000147,2024-08-15,SUP-017,CMP-005,3191,3191,19,124.72,1,110.5,94.5,114.92
PO-004731,2024-08-15,SUP-030,CMP-004,2423,2423,16,80.23,3,110.5,94.5,114.92
PO-004275,2024-08-15,SUP-017,CMP-000,2979,2979,17,34.21,-1,110.5,94.5,114.92
PO-002864,2024-08-15,SUP-036,CMP-000,5321,5321,99,33.28,0,110.5,94.5,114.92
PO-001752,2024-08-16,SUP-042,CMP-004,5121,5121,112,82.99,-2,110.42,94.47,114.82
PO-000295,2024-08-16,SUP-009,CMP-002,5665,5665,105,4.89,3,110.42,94.47,114.82
PO-003459,2024-08-16,SUP-044,CMP-003,801,801,11,7.51,0,110.42,94.47,114.82
PO-003232,2024-08-16,SUP-043,CMP-002,3575,3575,36,4.81,3,110.42,94.47,114.82
PO-004310,2024-08-16,SUP-026,CMP-002,4728,4728,152,5.07,0,110.42,94.47,114.82
PO-003398,2024-08-16,SUP-007,CMP-004,5279,5279,23,77.32,3,110.42,94.47,114.82
PO-004345,2024-08-16,SUP-001,CMP-005,389,389,2,115.54,1,110.42,94.47,114.82
PO-000175,2024-08-17,SUP-011,CMP-001,2530,2530,57,9.35,-2,110.33,94.44,114.73
PO-004015,2024-08-17,SUP-011,CMP-003,2320,2320,47,7.4,-1,110.33,94.44,114.73
PO-000024,2024-08-17,SUP-032,CMP-000,2883,2883,27,34.66,3,110.33,94.44,114.73
PO-001694,2024-08-17,SUP-027,CMP-009,737,737,1,13.3,3,110.33,94.44,114.73
PO-004089,2024-08-17,SUP-000,CMP-004,3365,3365,71,80.28,-2,110.33,94.44,114.73
PO-003649,2024-08-17,SUP-001,CMP-002,1877,1877,29,4.79,2,110.33,94.44,114.73
PO-000369,2024-08-17,SUP-033,CMP-003,1944,1944,45,7.42,-2,110.33,94.44,114.73
PO-002849,2024-08-17,SUP-010,CMP-007,5342,5342,50,44.8,3,110.33,94.44,114.73
PO-000568,2024-08-17,SUP-026,CMP-000,5239,5239,156,35.22,-1,110.33,94.44,114.73
PO-000293,2024-08-18,SUP-045,CMP-004,1309,1309,3,81.61,0,110.24,94.41,114.63
PO-004300,2024-08-18,SUP-018,CMP-004,4912,4912,42,77.13,5,110.24,94.41,114.63
PO-003988,2024-08-18,SUP-024,CMP-006,4504,4504,151,28.21,1,110.24,94.41,114.63
PO-000675,2024-08-18,SUP-053,CMP-004,5150,5150,81,76.89,3,110.24,94.41,114.63
PO-003621,2024-08-18,SUP-040,CMP-004,5551,5551,12,78.03,3,110.24,94.41,114.63
PO-001919,2024-08-19,SUP-002,CMP-004,5930,5930,42,81.36,1,110.15,94.38,114.53
PO-003895,2024-08-19,SUP-034,CMP-002,3485,3485,24,4.77,1,110.15,94.38,114.53
PO-002379,2024-08-19,SUP-049,CMP-000,1507,1507,62,35.64,3,110.15,94.38,114.53
PO-001896,2024-08-19,SUP-046,CMP-004,2313,2313,27,80.35,5,110.15,94.38,114.53
PO-002808,2024-08-19,SUP-011,CMP-005,5255,5255,128,116.17,-1,110.15,94.38,114.53
PO-004280,2024-08-19,SUP-020,CMP-000,337,337,3,33.08,-1,110.15,94.38,114.53
PO-004445,2024-08-19,SUP-041,CMP-007,1249,1249,81,43.26,0,110.15,94.38,114.53
PO-003608,2024-08-19,SUP-004,CMP-007,1127,1127,22,46.21,0,110.15,94.38,114.53
PO-002340,2024-08-20,SUP-003,CMP-008,4693,4693,46,18.98,2,110.07,94.35,114.44
PO-003803,2024-08-20,SUP-048,CMP-002,2257,2257,10,4.67,-3,110.07,94.35,114.44
PO-000154,2024-08-20,SUP-008,CMP-004,4873,4873,93,80.88,2,110.07,94.35,114.44
PO-002535,2024-08-20,SUP-037,CMP-000,2059,2059,8,34.07,3,110.07,94.35,114.44
PO-003665,2024-08-20,SUP-000,CMP-000,5083,5083,42,34.04,-1,110.07,94.35,114.44
PO-001889,2024-08-20,SUP-022,CMP-008,1476,1476,11,17.98,3,110.07,94.35,114.44
PO-004499,2024-08-20,SUP-021,CMP-001,3904,3904,71,9.77,-3,110.07,94.35,114.44
PO-004233,2024-08-21,SUP-032,CMP-002,3319,3319,70,4.93,2,109.98,94.33,114.34
PO-003216,2024-08-21,SUP-004,CMP-004,4308,4308,132,84.4,3,109.98,94.33,114.34
PO-001232,2024-08-21,SUP-001,CMP-006,5366,5366,50,28.78,-3,109.98,94.33,114.34
PO-002867,2024-08-22,SUP-022,CMP-008,3503,3503,62,17.41,5,109.89,94.3,114.25
PO-002253,2024-08-22,SUP-002,CMP-000,5348,5348,139,32.79,3,109.89,94.3,114.25
PO-004171,2024-08-22,SUP-015,CMP-004,1052,1052,47,78.71,6,109.89,94.3,114.25
PO-002399,2024-08-22,SUP-028,CMP-001,3840,3840,90,9.63,5,109.89,94.3,114.25
PO-001181,2024-08-22,SUP-031,CMP-000,2755,2755,24,35.03,-1,109.89,94.3,114.25
PO-000268,2024-08-22,SUP-045,CMP-005,1635,1635,9,125.4,-3,109.89,94.3,114.25
PO-000793,2024-08-23,SUP-013,CMP-002,894,894,36,4.75,2,109.8,94.28,114.15
PO-001230,2024-08-23,SUP-051,CMP-004,1258,1258,16,84.56,0,109.8,94.28,114.15
PO-002565,2024-08-23,SUP-018,CMP-009,5802,5802,70,13.46,-1,109.8,94.28,114.15
PO-002088,2024-08-24,SUP-023,CMP-000,3419,3419,23,33.97,3,109.71,94.25,114.05
PO-000956,2024-08-24,SUP-036,CMP-007,1811,1811,16,41.71,1,109.71,94.25,114.05
PO-004246,2024-08-24,SUP-000,CMP-005,4297,4297,36,119.21,4,109.71,94.25,114.05
PO-003349,2024-08-24,SUP-048,CMP-005,1069,1069,3,120.77,2,109.71,94.25,114.05
PO-000391,2024-08-24,SUP-017,CMP-001,1189,1189,30,9.68,4,109.71,94.25,114.05
PO-003008,2024-08-24,SUP-029,CMP-009,785,785,16,13.35,-1,109.71,94.25,114.05
PO-003201,2024-08-24,SUP-034,CMP-004,3918,3918,16,80.13,0,109.71,94.25,114.05
PO-001026,2024-08-24,SUP-031,CMP-006,673,673,28,37.7,3,109.71,94.25,114.05
PO-001469,2024-08-24,SUP-036,CMP-004,3107,3107,12,78.69,3,109.71,94.25,114.05
PO-004463,2024-08-25,SUP-013,CMP-008,1571,1571,27,18.56,-1,109.62,94.23,113.96
PO-000988,2024-08-25,SUP-006,CMP-004,5239,5239,52,74.47,3,109.62,94.23,113.96
PO-001705,2024-08-25,SUP-007,CMP-005,5775,5775,32,129.1,4,109.62,94.23,113.96
PO-001914,2024-08-25,SUP-001,CMP-009,4954,4954,28,12.8,-1,109.62,94.23,113.96
PO-000070,2024-08-25,SUP-031,CMP-003,2721,2721,55,7.5,5,109.62,94.23,113.96
PO-001229,2024-08-26,SUP-010,CMP-001,5239,5239,34,9.37,-2,109.52,94.21,113.86
PO-001457,2024-08-26,SUP-045,CMP-008,4933,4933,19,17.87,3,109.52,94.21,113.86
PO-003090,2024-08-26,SUP-052,CMP-002,3492,3492,25,5.03,7,109.52,94.21,113.86
PO-003967,2024-08-26,SUP-034,CMP-001,656,656,2,9.14,0,109.52,94.21,113.86
PO-003931,2024-08-26,SUP-024,CMP-004,4957,4957,87,77.57,4,109.52,94.21,113.86
PO-000343,2024-08-26,SUP-022,CMP-008,3780,3780,54,18.14,-1,109.52,94.21,113.86
PO-002484,2024-08-26,SUP-004,CMP-004,1071,1071,14,81.37,-3,109.52,94.21,113.86
PO-002663,2024-08-26,SUP-035,CMP-000,5495,5495,146,34.68,4,109.52,94.21,113.86
PO-001164,2024-08-26,SUP-044,CMP-002,1924,1924,31,4.72,1,109.52,94.21,113.86
PO-002354,2024-08-26,SUP-044,CMP-004,1044,1044,14,82.31,3,109.52,94.21,113.86
PO-001683,2024-08-27,SUP-030,CMP-004,780,780,8,81.53,1,109.43,94.19,113.76
PO-002523,2024-08-27,SUP-011,CMP-004,1320,1320,23,83.17,-4,109.43,94.19,113.76
PO-001864,2024-08-27,SUP-036,CMP-005,5873,5873,19,112.85,3,109.43,94.19,113.76
PO-000087,2024-08-27,SUP-052,CMP-000,3976,3976,22,33.62,1,109.43,94.19,113.76
PO-001228,2024-08-27,SUP-032,CMP-001,1459,1459,18,9.84,6,109.43,94.19,113.76
PO-002954,2024-08-27,SUP-017,CMP-004,979,979,10,79.31,1,109.43,94.19,113.76
PO-002594,2024-08-27,SUP-010,CMP-006,4988,4988,43,28.11,2,109.43,94.19,113.76
PO-004659,2024-08-27,SUP-042,CMP-007,1380,1380,11,43.62,1,109.43,94.19,113.76
PO-001455,2024-08-27,SUP-027,CMP-004,565,565,5,81.61,4,109.43,94.19,113.76
PO-003818,2024-08-27,SUP-038,CMP-004,2383,2383,44,79.13,4,109.43,94.19,113.76
PO-003660,2024-08-28,SUP-051,CMP-005,3111,3111,49,122.21,-3,109.34,94.17,113.67
PO-003798,2024-08-28,SUP-027,CMP-007,1005,1005,2,42.05,4,109.34,94.17,113.67
PO-002770,2024-08-28,SUP-028,CMP-005,3615,3615,22,113.56,1,109.34,94.17,113.67
PO-004338,2024-08-28,SUP-025,CMP-005,2026,2026,40,118.72,1,109.34,94.17,113.67
PO-003394,2024-08-29,SUP-016,CMP-006,3104,3104,67,27.49,-1,109.25,94.16,113.57
PO-001414,2024-08-29,SUP-042,CMP-009,5309,5309,101,14.01,1,109.25,94.16,113.57
PO-004590,2024-08-29,SUP-044,CMP-001,5989,5989,64,8.66,0,109.25,94.16,113.57
PO-004444,2024-08-29,SUP-020,CMP-000,3688,3688,38,32.84,-4,109.25,94.16,113.57
PO-003062,2024-08-29,SUP-042,CMP-005,3564,3564,35,123.49,1,109.25,94.16,113.57
PO-002351,2024-08-30,SUP-002,CMP-004,1908,1908,19,76.5,2,109.15,94.14,113.47
PO-001147,2024-08-30,SUP-052,CMP-000,4208,4208,73,36.1,-2,109.15,94.14,113.47
PO-002934,2024-08-30,SUP-052,CMP-007,3652,3652,151,42.29,0,109.15,94.14,113.47
PO-002607,2024-08-30,SUP-024,CMP-003,3033,3033,63,7.24,-4,109.15,94.14,113.47
PO-001100,2024-08-30,SUP-018,CMP-004,4295,4295,26,82.44,0,109.15,94.14,113.47
PO-002678,2024-08-31,SUP-006,CMP-004,3926,3926,87,76.78,1,109.06,94.12,113.38
PO-000925,2024-08-31,SUP-030,CMP-004,735,735,7,78.52,2,109.06,94.12,113.38
PO-003049,2024-08-31,SUP-017,CMP-001,3952,3952,62,9.41,4,109.06,94.12,113.38
PO-000118,2024-08-31,SUP-010,CMP-001,3745,3745,35,9.03,4,109.06,94.12,113.38
PO-002661,2024-09-01,SUP-027,CMP-004,5627,5627,32,78.25,3,108.97,94.11,113.28
PO-002674,2024-09-01,SUP-008,CMP-008,5064,5064,107,18.52,3,108.97,94.11,113.28
PO-001611,2024-09-02,SUP-018,CMP-007,5471,5471,79,40.98,3,108.87,94.1,113.18
PO-002341,2024-09-02,SUP-042,CMP-004,2747,2747,49,80.15,0,108.87,94.1,113.18
PO-003915,2024-09-02,SUP-041,CMP-002,518,518,13,4.73,1,108.87,94.1,113.18
PO-002436,2024-09-03,SUP-004,CMP-004,4016,4016,108,82.01,3,108.78,94.08,113.09
PO-001094,2024-09-03,SUP-036,CMP-006,2121,2121,19,26.82,4,108.78,94.08,113.09
PO-002559,2024-09-03,SUP-008,CMP-000,1853,1853,38,33.02,0,108.78,94.08,113.09
PO-002034,2024-09-03,SUP-049,CMP-000,3309,3309,33,32.03,2,108.78,94.08,113.09
PO-001771,2024-09-04,SUP-016,CMP-000,2174,2174,27,31.18,6,108.68,94.07,112.99
PO-000672,2024-09-04,SUP-007,CMP-000,710,710,8,34.0,5,108.68,94.07,112.99
PO-003894,2024-09-04,SUP-049,CMP-004,2714,2714,65,80.95,-1,108.68,94.07,112.99
PO-004347,2024-09-04,SUP-038,CMP-000,2027,2027,26,34.77,7,108.68,94.07,112.99
PO-001169,2024-09-04,SUP-028,CMP-006,3266,3266,64,27.64,0,108.68,94.07,112.99
PO-002662,2024-09-04,SUP-021,CMP-004,3202,3202,40,85.36,5,108.68,94.07,112.99
PO-001680,2024-09-04,SUP-006,CMP-004,4746,4746,50,81.62,5,108.68,94.07,112.99
PO-000128,2024-09-04,SUP-031,CMP-005,5490,5490,65,124.89,-2,108.68,94.07,112.99
PO-004115,2024-09-04,SUP-048,CMP-000,4477,4477,9,32.98,-2,108.68,94.07,112.99
PO-001188,2024-09-05,SUP-030,CMP-001,4596,4596,60,9.11,4,108.59,94.06,112.9
PO-000003,2024-09-05,SUP-023,CMP-008,5019,5019,25,18.55,1,108.59,94.06,112.9
PO-000429,2024-09-06,SUP-045,CMP-003,4970,4970,44,7.81,2,108.49,94.05,112.8
PO-002750,2024-09-06,SUP-015,CMP-007,2146,2146,47,43.74,0,108.49,94.05,112.8
PO-000324,2024-09-06,SUP-023,CMP-009,5522,5522,11,13.73,0,108.49,94.05,112.8
PO-004353,2024-09-06,SUP-023,CMP-000,4971,4971,14,33.44,6,108.49,94.05,112.8
PO-004494,2024-09-06,SUP-050,CMP-004,1326,1326,8,81.8,1,108.49,94.05,112.8
PO-004503,2024-09-06,SUP-039,CMP-007,296,296,1,45.15,-1,108.49,94.05,112.8
PO-001544,2024-09-06,SUP-020,CMP-001,2060,2060,8,8.49,0,108.49,94.05,112.8
PO-003691,2024-09-06,SUP-012,CMP-008,3320,3320,36,18.8,-1,108.49,94.05,112.8
PO-001006,2024-09-06,SUP-020,CMP-002,5048,5048,39,5.0,4,108.49,94.05,112.8
PO-002299,2024-09-07,SUP-037,CMP-004,5034,5034,19,79.21,5,108.4,94.05,112.7
PO-000640,2024-09-07,SUP-047,CMP-001,2455,2455,9,9.23,2,108.4,94.05,112.7
PO-003414,2024-09-07,SUP-018,CMP-001,4273,4273,44,9.28,2,108.4,94.05,112.7
PO-001820,2024-09-07,SUP-004,CMP-006,2420,2420,80,26.86,2,108.4,94.05,112.7
PO-001291,2024-09-07,SUP-035,CMP-004,2249,2249,10,74.35,2,108.4,94.05,112.7
PO-002151,2024-09-08,SUP-037,CMP-000,3040,3040,15,32.65,2,108.3,94.04,112.61
PO-004403,2024-09-08,SUP-010,CMP-004,464,464,2,78.41,1,108.3,94.04,112.61
PO-001397,2024-09-08,SUP-050,CMP-002,3499,3499,31,4.82,0,108.3,94.04,112.61
PO-003652,2024-09-08,SUP-016,CMP-004,4376,4376,86,80.54,-1,108.3,94.04,112.61
PO-002271,2024-09-08,SUP-017,CMP-003,4402,4402,59,7.48,3,108.3,94.04,112.61
PO-002737,2024-09-08,SUP-038,CMP-004,3106,3106,96,81.95,1,108.3,94.04,112.61
PO-004516,2024-09-09,SUP-048,CMP-001,665,665,4,9.52,-1,108.2,94.04,112.51
PO-004188,2024-09-09,SUP-052,CMP-001,3152,3152,37,9.76,-1,108.2,94.04,112.51
PO-004058,2024-09-09,SUP-035,CMP-004,5091,5091,36,82.09,2,108.2,94.04,112.51
PO-000261,2024-09-09,SUP-013,CMP-002,4948,4948,88,4.93,-1,108.2,94.04,112.51
PO-000171,2024-09-09,SUP-034,CMP-002,4426,4426,15,4.56,-2,108.2,94.04,112.51
PO-003303,2024-09-10,SUP-017,CMP-004,1670,1670,20,83.35,3,108.11,94.03,112.42
PO-000762,2024-09-10,SUP-007,CMP-000,4027,4027,84,34.26,4,108.11,94.03,112.42
PO-001746,2024-09-10,SUP-031,CMP-004,870,870,16,78.71,1,108.11,94.03,112.42
PO-004642,2024-09-10,SUP-008,CMP-000,5330,5330,79,34.11,1,108.11,94.03,112.42
PO-002259,2024-09-10,SUP-052,CMP-009,3071,3071,68,13.41,2,108.11,94.03,112.42
PO-000207,2024-09-10,SUP-007,CMP-008,518,518,5,18.59,5,108.11,94.03,112.42
PO-000595,2024-09-10,SUP-042,CMP-006,339,339,6,31.65,23,108.11,94.03,112.42
PO-001963,2024-09-10,SUP-052,CMP-002,545,545,7,4.99,6,108.11,94.03,112.42
PO-002637,2024-09-10,SUP-006,CMP-007,5577,5577,70,41.59,2,108.11,94.03,112.42
PO-004282,2024-09-11,SUP-051,CMP-009,3590,3590,51,13.71,0,108.01,94.03,112.32
PO-000244,2024-09-11,SUP-048,CMP-002,5401,5401,15,4.83,1,108.01,94.03,112.32
PO-000609,2024-09-11,SUP-040,CMP-006,2882,2882,7,28.98,1,108.01,94.03,112.32
PO-004599,2024-09-11,SUP-020,CMP-005,4037,4037,31,122.38,-1,108.01,94.03,112.32
PO-002082,2024-09-11,SUP-043,CMP-009,3559,3559,41,12.87,3,108.01,94.03,112.32
PO-004044,2024-09-11,SUP-021,CMP-004,3527,3527,29,74.18,0,108.01,94.03,112.32
PO-004132,2024-09-11,SUP-044,CMP-003,5561,5561,80,7.34,1,108.01,94.03,112.32
PO-000619,2024-09-12,SUP-045,CMP-000,2658,2658,30,33.69,2,107.91,94.03,112.23
PO-001025,2024-09-12,SUP-004,CMP-005,1662,1662,45,114.92,0,107.91,94.03,112.23
PO-001101,2024-09-12,SUP-009,CMP-000,3557,3557,34,33.56,1,107.91,94.03,112.23
PO-000106,2024-09-12,SUP-027,CMP-009,4532,4532,11,13.48,-1,107.91,94.03,112.23
PO-001926,2024-09-12,SUP-013,CMP-009,3018,3018,77,13.57,-1,107.91,94.03,112.23
PO-002400,2024-09-12,SUP-023,CMP-000,1276,1276,16,36.45,2,107.91,94.03,112.23
PO-001204,2024-09-13,SUP-043,CMP-000,4556,4556,34,33.02,4,107.81,94.03,112.13
PO-003009,2024-09-13,SUP-016,CMP-006,915,915,33,30.12,1,107.81,94.03,112.13
PO-001128,2024-09-13,SUP-027,CMP-002,2583,2583,17,6.59,7,107.81,94.03,112.13
PO-001876,2024-09-13,SUP-031,CMP-005,919,919,13,117.8,1,107.81,94.03,112.13
PO-002384,2024-09-13,SUP-049,CMP-000,4855,4855,67,33.95,1,107.81,94.03,112.13
PO-002450,2024-09-13,SUP-051,CMP-005,691,691,17,121.43,7,107.81,94.03,112.13
PO-000659,2024-09-13,SUP-048,CMP-004,2924,2924,9,79.91,2,107.81,94.03,112.13
PO-000418,2024-09-13,SUP-004,CMP-006,3165,3165,37,29.71,2,107.81,94.03,112.13
PO-000613,2024-09-13,SUP-018,CMP-006,5252,5252,61,28.46,-3,107.81,94.03,112.13
PO-003611,2024-09-14,SUP-029,CMP-008,5973,5973,149,18.29,3,107.72,94.03,112.04
PO-004120,2024-09-14,SUP-036,CMP-000,762,762,8,33.29,5,107.72,94.03,112.04
PO-001166,2024-09-14,SUP-021,CMP-004,5227,5227,96,80.02,6,107.72,94.03,112.04
PO-001566,2024-09-14,SUP-032,CMP-004,1358,1358,7,75.45,-1,107.72,94.03,112.04
PO-003144,2024-09-14,SUP-038,CMP-005,2987,2987,75,116.58,-1,107.72,94.03,112.04
PO-000266,2024-09-14,SUP-000,CMP-002,1506,1506,15,4.97,4,107.72,94.03,112.04
PO-000713,2024-09-14,SUP-026,CMP-009,2828,2828,59,13.79,-1,107.72,94.03,112.04
PO-003401,2024-09-14,SUP-003,CMP-003,2131,2131,25,7.17,3,107.72,94.03,112.04
PO-003462,2024-09-15,SUP-004,CMP-007,1451,1451,15,38.41,-3,107.62,94.03,111.94
PO-003421,2024-09-15,SUP-031,CMP-003,2799,2799,71,7.18,2,107.62,94.03,111.94
PO-004592,2024-09-15,SUP-033,CMP-001,370,370,4,11.46,2,107.62,94.03,111.94
PO-000462,2024-09-15,SUP-047,CMP-006,1030,1030,5,28.61,3,107.62,94.03,111.94
PO-000485,2024-09-15,SUP-004,CMP-001,1654,1654,44,9.06,1,107.62,94.03,111.94
PO-002801,2024-09-15,SUP-019,CMP-005,1029,1029,40,116.55,1,107.62,94.03,111.94
PO-003307,2024-09-15,SUP-033,CMP-001,994,994,12,9.58,-1,107.62,94.03,111.94
PO-002185,2024-09-15,SUP-033,CMP-005,5782,5782,148,114.1,3,107.62,94.03,111.94
PO-003532,2024-09-15,SUP-019,CMP-000,4352,4352,84,32.79,5,107.62,94.03,111.94
PO-002113,2024-09-16,SUP-045,CMP-000,2730,2730,24,31.19,2,107.52,94.03,111.85
PO-000445,2024-09-16,SUP-025,CMP-005,1669,1669,20,122.29,4,107.52,94.03,111.85
PO-002238,2024-09-17,SUP-050,CMP-006,768,768,20,27.68,-1,107.42,94.04,111.76
PO-001237,2024-09-17,SUP-023,CMP-009,4601,4601,25,14.23,1,107.42,94.04,111.76
PO-000818,2024-09-17,SUP-013,CMP-005,3333,3333,37,129.35,1,107.42,94.04,111.76
PO-003768,2024-09-17,SUP-031,CMP-005,4430,4430,85,124.22,0,107.42,94.04,111.76
PO-004054,2024-09-17,SUP-022,CMP-004,1639,1639,20,78.03,0,107.42,94.04,111.76
PO-002600,2024-09-18,SUP-041,CMP-008,999,999,20,17.34,-3,107.32,94.04,111.66
PO-004543,2024-09-18,SUP-013,CMP-004,2513,2513,61,81.78,6,107.32,94.04,111.66
PO-002966,2024-09-18,SUP-037,CMP-000,5969,5969,26,34.1,2,107.32,94.04,111.66
PO-000588,2024-09-18,SUP-028,CMP-005,4508,4508,139,116.49,2,107.32,94.04,111.66
PO-003811,2024-09-19,SUP-016,CMP-000,5764,5764,89,33.73,2,107.22,94.05,111.57
PO-004763,2024-09-19,SUP-017,CMP-008,1681,1681,15,16.85,-2,107.22,94.05,111.57
PO-002659,2024-09-19,SUP-052,CMP-004,232,232,7,78.68,4,107.22,94.05,111.57
PO-003185,2024-09-19,SUP-027,CMP-005,3482,3482,16,121.41,6,107.22,94.05,111.57
PO-002722,2024-09-19,SUP-021,CMP-008,1604,1604,10,18.13,-2,107.22,94.05,111.57
PO-003052,2024-09-19,SUP-013,CMP-000,3232,3232,76,33.89,4,107.22,94.05,111.57
PO-004671,2024-09-20,SUP-036,CMP-004,564,564,6,75.92,0,107.12,94.06,111.48
PO-001336,2024-09-20,SUP-051,CMP-001,4943,4943,76,9.15,0,107.12,94.06,111.48
PO-000968,2024-09-20,SUP-040,CMP-004,3354,3354,15,82.85,2,107.12,94.06,111.48
PO-001331,2024-09-20,SUP-053,CMP-004,300,300,4,81.72,3,107.12,94.06,111.48
PO-003431,2024-09-20,SUP-008,CMP-002,5838,5838,53,4.81,-1,107.12,94.06,111.48
PO-001560,2024-09-20,SUP-025,CMP-002,442,442,14,4.86,4,107.12,94.06,111.48
PO-004365,2024-09-20,SUP-007,CMP-006,1581,1581,34,27.13,7,107.12,94.06,111.48
PO-002054,2024-09-21,SUP-003,CMP-006,1172,1172,19,28.39,1,107.02,94.07,111.39
PO-001842,2024-09-21,SUP-038,CMP-000,2169,2169,21,31.43,6,107.02,94.07,111.39
PO-000377,2024-09-21,SUP-004,CMP-001,336,336,4,9.26,2,107.02,94.07,111.39
PO-001012,2024-09-21,SUP-029,CMP-007,338,338,8,42.28,0,107.02,94.07,111.39
PO-000771,2024-09-21,SUP-032,CMP-000,5005,5005,99,34.19,1,107.02,94.07,111.39
PO-001231,2024-09-22,SUP-012,CMP-002,3709,3709,50,4.86,-1,106.92,94.08,111.29
PO-000027,2024-09-22,SUP-001,CMP-001,2622,2622,23,9.22,-2,106.92,94.08,111.29
PO-001870,2024-09-23,SUP-047,CMP-000,4382,4382,28,33.11,4,106.82,94.09,111.2
PO-002917,2024-09-23,SUP-022,CMP-004,5039,5039,41,78.87,-2,106.82,94.09,111.2
PO-002127,2024-09-23,SUP-041,CMP-002,5593,5593,52,5.02,-1,106.82,94.09,111.2
PO-000662,2024-09-23,SUP-026,CMP-000,2822,2822,116,34.17,3,106.82,94.09,111.2
PO-000406,2024-09-24,SUP-010,CMP-000,4975,4975,16,32.07,6,106.72,94.1,111.11
PO-002586,2024-09-24,SUP-006,CMP-002,4329,4329,57,4.65,-2,106.72,94.1,111.11
PO-004091,2024-09-25,SUP-032,CMP-005,1864,1864,43,121.74,6,106.62,94.12,111.02
PO-002429,2024-09-25,SUP-028,CMP-008,5559,5559,99,18.23,5,106.62,94.12,111.02
PO-002481,2024-09-25,SUP-028,CMP-005,5999,5999,46,117.09,-4,106.62,94.12,111.02
PO-000311,2024-09-25,SUP-027,CMP-005,884,884,2,119.91,0,106.62,94.12,111.02
PO-003356,2024-09-25,SUP-018,CMP-003,2300,2300,24,7.27,3,106.62,94.12,111.02
PO-004537,2024-09-26,SUP-046,CMP-002,2534,2534,38,5.1,4,106.52,94.13,110.93
PO-001988,2024-09-26,SUP-024,CMP-000,3069,3069,153,35.28,2,106.52,94.13,110.93
PO-002597,2024-09-26,SUP-022,CMP-002,2621,2621,31,4.66,4,106.52,94.13,110.93
PO-002236,2024-09-26,SUP-011,CMP-006,4908,4908,141,28.14,3,106.52,94.13,110.93
PO-000498,2024-09-26,SUP-045,CMP-000,4067,4067,9,33.3,-1,106.52,94.13,110.93
PO-000511,2024-09-27,SUP-035,CMP-008,4025,4025,25,18.55,4,106.42,94.15,110.84
PO-002262,2024-09-27,SUP-019,CMP-005,3949,3949,67,124.16,-1,106.42,94.15,110.84
PO-002838,2024-09-27,SUP-021,CMP-000,2976,2976,26,34.03,1,106.42,94.15,110.84
PO-003920,2024-09-27,SUP-053,CMP-006,604,604,8,28.4,2,106.42,94.15,110.84
PO-000586,2024-09-28,SUP-000,CMP-000,5920,5920,105,32.89,-2,106.32,94.17,110.75
PO-000505,2024-09-28,SUP-044,CMP-002,4609,4609,75,4.87,6,106.32,94.17,110.75
PO-003344,2024-09-28,SUP-038,CMP-001,4536,4536,82,9.46,2,106.32,94.17,110.75
PO-004606,2024-09-28,SUP-020,CMP-005,2937,2937,28,122.13,2,106.32,94.17,110.75
PO-004362,2024-09-28,SUP-042,CMP-004,4909,4909,26,73.94,7,106.32,94.17,110.75
PO-003869,2024-09-29,SUP-034,CMP-003,1031,1031,3,7.08,1,106.22,94.19,110.66
PO-000452,2024-09-29,SUP-045,CMP-000,3878,3878,16,32.41,26,106.22,94.19,110.66
PO-000413,2024-09-29,SUP-045,CMP-008,781,781,3,18.93,1,106.22,94.19,110.66
PO-002903,2024-09-29,SUP-039,CMP-009,4427,4427,45,13.04,7,106.22,94.19,110.66
PO-002076,2024-09-29,SUP-015,CMP-004,1717,1717,63,81.46,10,106.22,94.19,110.66
PO-002298,2024-09-30,SUP-026,CMP-003,827,827,12,7.02,-1,106.12,94.21,110.57
PO-000624,2024-09-30,SUP-010,CMP-006,1557,1557,7,27.54,1,106.12,94.21,110.57
PO-000805,2024-09-30,SUP-036,CMP-004,2373,2373,14,78.24,2,106.12,94.21,110.57
PO-003782,2024-09-30,SUP-011,CMP-004,4929,4929,68,74.21,-3,106.12,94.21,110.57
PO-003130,2024-09-30,SUP-038,CMP-001,2255,2255,28,8.56,4,106.12,94.21,110.57
PO-002981,2024-10-01,SUP-026,CMP-004,3171,3171,110,79.0,-1,106.02,94.23,110.48
PO-002222,2024-10-01,SUP-026,CMP-001,490,490,13,9.21,1,106.02,94.23,110.48
PO-000944,2024-10-01,SUP-015,CMP-001,4653,4653,118,9.34,8,106.02,94.23,110.48
PO-002947,2024-10-01,SUP-018,CMP-002,5707,5707,97,4.81,0,106.02,94.23,110.48
PO-002911,2024-10-01,SUP-013,CMP-007,5791,5791,153,43.25,2,106.02,94.23,110.48
PO-002110,2024-10-01,SUP-053,CMP-001,3722,3722,60,9.55,0,106.02,94.23,110.48
PO-003113,2024-10-01,SUP-045,CMP-000,1246,1246,11,32.99,1,106.02,94.23,110.48
PO-000417,2024-10-01,SUP-050,CMP-004,5951,5951,75,74.91,-4,106.02,94.23,110.48
PO-000457,2024-10-02,SUP-027,CMP-005,2171,2171,9,115.88,6,105.92,94.25,110.4
PO-000836,2024-10-02,SUP-039,CMP-009,4908,4908,34,13.08,4,105.92,94.25,110.4
PO-003484,2024-10-02,SUP-019,CMP-005,2534,2534,67,115.55,2,105.92,94.25,110.4
PO-000710,2024-10-02,SUP-024,CMP-002,2184,2184,30,4.85,-2,105.92,94.25,110.4
PO-001999,2024-10-02,SUP-045,CMP-006,187,187,1,28.16,1,105.92,94.25,110.4
PO-004539,2024-10-03,SUP-027,CMP-005,1425,1425,11,119.99,1,105.81,94.28,110.31
PO-003089,2024-10-03,SUP-035,CMP-008,1579,1579,15,17.22,5,105.81,94.28,110.31
PO-001203,2024-10-03,SUP-016,CMP-001,2382,2382,38,8.83,-4,105.81,94.28,110.31
PO-003338,2024-10-03,SUP-018,CMP-005,3872,3872,40,114.34,2,105.81,94.28,110.31
PO-000004,2024-10-03,SUP-020,CMP-001,1744,1744,16,9.83,-1,105.81,94.28,110.31
PO-003323,2024-10-04,SUP-048,CMP-002,2355,2355,5,4.72,3,105.71,94.3,110.22
PO-001135,2024-10-04,SUP-053,CMP-009,2344,2344,23,12.88,0,105.71,94.3,110.22
PO-002724,2024-10-04,SUP-027,CMP-007,2053,2053,5,43.48,2,105.71,94.3,110.22
PO-004557,2024-10-04,SUP-017,CMP-007,3104,3104,18,41.59,2,105.71,94.3,110.22
PO-003086,2024-10-04,SUP-018,CMP-007,5669,5669,104,44.41,0,105.71,94.3,110.22
PO-003703,2024-10-04,SUP-036,CMP-005,5658,5658,36,118.89,0,105.71,94.3,110.22
PO-004157,2024-10-04,SUP-013,CMP-000,2880,2880,136,32.84,5,105.71,94.3,110.22
PO-001279,2024-10-05,SUP-018,CMP-009,4835,4835,121,14.57,-4,105.61,94.33,110.13
PO-004584,2024-10-05,SUP-007,CMP-001,4568,4568,33,9.58,1,105.61,94.33,110.13
PO-002883,2024-10-05,SUP-010,CMP-009,5561,5561,9,13.74,-1,105.61,94.33,110.13
PO-003167,2024-10-05,SUP-004,CMP-007,776,776,16,44.94,0,105.61,94.33,110.13
PO-002988,2024-10-06,SUP-004,CMP-005,1500,1500,10,120.0,3,105.51,94.36,110.05
PO-001625,2024-10-06,SUP-033,CMP-006,4682,4682,80,29.99,2,105.51,94.36,110.05
PO-004271,2024-10-06,SUP-031,CMP-008,3472,3472,81,17.48,0,105.51,94.36,110.05
PO-000902,2024-10-06,SUP-029,CMP-000,4249,4249,77,30.89,4,105.51,94.36,110.05
PO-000057,2024-10-06,SUP-014,CMP-008,1968,1968,14,16.05,0,105.51,94.36,110.05
PO-004215,2024-10-06,SUP-034,CMP-000,2976,2976,31,32.6,-4,105.51,94.36,110.05
PO-000920,2024-10-06,SUP-046,CMP-004,4681,4681,52,79.19,5,105.51,94.36,110.05
PO-002851,2024-10-06,SUP-052,CMP-001,3492,3492,86,9.71,4,105.51,94.36,110.05
PO-002652,2024-10-06,SUP-040,CMP-008,458,458,2,18.84,2,105.51,94.36,110.05
PO-003168,2024-10-06,SUP-013,CMP-004,295,295,11,77.89,3,105.51,94.36,110.05
PO-002059,2024-10-06,SUP-003,CMP-001,1525,1525,48,9.5,3,105.51,94.36,110.05
PO-001360,2024-10-06,SUP-025,CMP-004,5553,5553,96,80.95,1,105.51,94.36,110.05
PO-002786,2024-10-07,SUP-024,CMP-004,1428,1428,23,82.55,2,105.41,94.39,109.96
PO-004159,2024-10-07,SUP-016,CMP-009,3125,3125,44,12.79,2,105.41,94.39,109.96
PO-003673,2024-10-07,SUP-018,CMP-009,4463,4463,80,12.75,0,105.41,94.39,109.96
PO-001047,2024-10-07,SUP-032,CMP-002,4561,4561,81,4.96,5,105.41,94.39,109.96
PO-000226,2024-10-07,SUP-038,CMP-005,5245,5245,63,116.14,3,105.41,94.39,109.96
PO-001841,2024-10-07,SUP-050,CMP-007,5643,5643,80,42.39,-3,105.41,94.39,109.96
PO-002057,2024-10-07,SUP-046,CMP-007,2781,2781,46,43.1,4,105.41,94.39,109.96
PO-001179,2024-10-08,SUP-010,CMP-001,4406,4406,21,9.91,-3,105.3,94.42,109.88
PO-003564,2024-10-08,SUP-004,CMP-002,3854,3854,80,4.63,-3,105.3,94.42,109.88
PO-003799,2024-10-08,SUP-003,CMP-004,4902,4902,45,79.63,5,105.3,94.42,109.88
PO-000792,2024-10-08,SUP-001,CMP-001,5291,5291,134,9.58,-3,105.3,94.42,109.88
PO-003076,2024-10-08,SUP-002,CMP-000,2222,2222,67,30.41,4,105.3,94.42,109.88
PO-002983,2024-10-08,SUP-007,CMP-002,1693,1693,15,4.78,2,105.3,94.42,109.88
PO-003452,2024-10-09,SUP-035,CMP-007,2174,2174,27,45.06,1,105.2,94.45,109.79
PO-000228,2024-10-09,SUP-034,CMP-000,1792,1792,5,32.43,3,105.2,94.45,109.79
PO-000446,2024-10-10,SUP-042,CMP-007,4168,4168,27,42.47,1,105.1,94.48,109.71
PO-003966,2024-10-10,SUP-014,CMP-004,5062,5062,14,74.84,3,105.1,94.48,109.71
PO-002102,2024-10-10,SUP-008,CMP-009,2742,2742,37,13.29,-2,105.1,94.48,109.71
PO-000109,2024-10-10,SUP-035,CMP-000,3644,3644,42,31.23,3,105.1,94.48,109.71
PO-001568,2024-10-10,SUP-044,CMP-004,2876,2876,77,80.82,2,105.1,94.48,109.71
PO-004180,2024-10-10,SUP-048,CMP-004,815,815,3,77.95,1,105.1,94.48,109.71
PO-003563,2024-10-10,SUP-018,CMP-008,3849,3849,58,18.15,4,105.1,94.48,109.71
PO-000574,2024-10-11,SUP-044,CMP-009,2431,2431,17,13.21,4,105.0,94.52,109.63
PO-002051,2024-10-11,SUP-052,CMP-007,1337,1337,26,44.16,1,105.0,94.52,109.63
PO-001386,2024-10-11,SUP-005,CMP-004,954,954,11,80.03,1,105.0,94.52,109.63
PO-001428,2024-10-11,SUP-035,CMP-003,4803,4803,29,7.24,3,105.0,94.52,109.63
PO-004074,2024-10-12,SUP-023,CMP-004,1765,1765,11,79.71,-1,104.9,94.55,109.54
PO-000785,2024-10-12,SUP-006,CMP-004,4748,4748,52,80.12,10,104.9,94.55,109.54
PO-002969,2024-10-12,SUP-013,CMP-000,494,494,14,31.92,2,104.9,94.55,109.54
PO-002079,2024-10-12,SUP-007,CMP-004,4454,4454,62,77.75,3,104.9,94.55,109.54
PO-000666,2024-10-12,SUP-021,CMP-009,5225,5225,223,12.97,3,104.9,94.55,109.54
PO-002395,2024-10-12,SUP-040,CMP-000,1841,1841,24,31.82,-3,104.9,94.55,109.54
PO-002201,2024-10-12,SUP-022,CMP-003,401,401,3,7.06,2,104.9,94.55,109.54
PO-001511,2024-10-13,SUP-017,CMP-007,1590,1590,74,44.66,3,104.79,94.59,109.46
PO-001131,2024-10-13,SUP-044,CMP-005,1218,1218,11,119.76,4,104.79,94.59,109.46
PO-001642,2024-10-13,SUP-043,CMP-000,4375,4375,25,33.97,6,104.79,94.59,109.46
PO-001211,2024-10-13,SUP-000,CMP-009,266,266,4,13.1,1,104.79,94.59,109.46
PO-001790,2024-10-13,SUP-022,CMP-001,1593,1593,15,9.35,1,104.79,94.59,109.46
PO-003630,2024-10-13,SUP-000,CMP-009,5690,5690,42,13.37,1,104.79,94.59,109.46
PO-000451,2024-10-14,SUP-010,CMP-009,2295,2295,23,13.14,-4,104.69,94.62,109.38
PO-000817,2024-10-14,SUP-024,CMP-005,1222,1222,26,115.65,1,104.69,94.62,109.38
PO-004528,2024-10-14,SUP-049,CMP-004,5033,5033,32,78.24,-2,104.69,94.62,109.38
PO-000606,2024-10-14,SUP-047,CMP-002,891,891,3,4.77,3,104.69,94.62,109.38
PO-001315,2024-10-15,SUP-028,CMP-000,4332,4332,60,34.37,2,104.59,94.66,109.3
PO-004604,2024-10-15,SUP-020,CMP-001,3200,3200,17,9.72,2,104.59,94.66,109.3
PO-001476,2024-10-15,SUP-029,CMP-004,989,989,14,70.14,5,104.59,94.66,109.3
PO-004380,2024-10-15,SUP-039,CMP-009,834,834,11,13.41,1,104.59,94.66,109.3
PO-001837,2024-10-15,SUP-029,CMP-007,851,851,28,42.99,0,104.59,94.66,109.3
PO-003469,2024-10-15,SUP-028,CMP-008,3267,3267,43,18.36,0,104.59,94.66,109.3
PO-001918,2024-10-16,SUP-026,CMP-005,1800,1800,65,141.81,3,104.49,94.7,109.22
PO-000717,2024-10-16,SUP-043,CMP-005,3628,3628,53,122.02,2,104.49,94.7,109.22
PO-001093,2024-10-16,SUP-048,CMP-004,4146,4146,7,80.48,2,104.49,94.7,109.22
PO-004538,2024-10-16,SUP-015,CMP-004,5284,5284,167,78.19,7,104.49,94.7,109.22
PO-004722,2024-10-17,SUP-021,CMP-009,3107,3107,55,13.49,3,104.39,94.74,109.14
PO-002824,2024-10-17,SUP-024,CMP-009,4535,4535,129,13.88,-2,104.39,94.74,109.14
PO-001189,2024-10-17,SUP-026,CMP-004,4435,4435,74,80.43,1,104.39,94.74,109.14
PO-001374,2024-10-17,SUP-051,CMP-003,1998,1998,29,7.2,-1,104.39,94.74,109.14
PO-001944,2024-10-17,SUP-019,CMP-000,3062,3062,42,34.69,-2,104.39,94.74,109.14
PO-000357,2024-10-17,SUP-028,CMP-001,4490,4490,30,9.71,3,104.39,94.74,109.14
PO-002959,2024-10-17,SUP-045,CMP-004,2337,2337,14,77.82,-1,104.39,94.74,109.14
PO-002566,2024-10-17,SUP-032,CMP-004,3554,3554,45,75.78,3,104.39,94.74,109.14
PO-000335,2024-10-18,SUP-009,CMP-008,2137,2137,26,18.47,5,104.28,94.79,109.06
PO-003191,2024-10-18,SUP-020,CMP-002,2717,2717,58,4.68,1,104.28,94.79,109.06
PO-003304,2024-10-18,SUP-038,CMP-005,2553,2553,49,111.74,2,104.28,94.79,109.06
PO-003374,2024-10-18,SUP-050,CMP-009,1746,1746,15,12.96,2,104.28,94.79,109.06
PO-002853,2024-10-18,SUP-051,CMP-000,1295,1295,20,32.73,0,104.28,94.79,109.06
PO-002614,2024-10-18,SUP-003,CMP-009,5133,5133,325,13.93,-2,104.28,94.79,109.06
PO-001681,2024-10-18,SUP-007,CMP-006,3612,3612,81,28.02,3,104.28,94.79,109.06
PO-002932,2024-10-19,SUP-046,CMP-003,5468,5468,37,6.99,2,104.18,94.83,108.98
PO-000347,2024-10-19,SUP-029,CMP-004,3883,3883,25,74.89,2,104.18,94.83,108.98
PO-003181,2024-10-19,SUP-024,CMP-005,304,304,13,116.96,1,104.18,94.83,108.98
PO-002417,2024-10-19,SUP-023,CMP-001,661,661,4,9.77,2,104.18,94.83,108.98
PO-003761,2024-10-19,SUP-043,CMP-005,565,565,13,116.98,3,104.18,94.83,108.98
PO-001248,2024-10-20,SUP-012,CMP-000,4058,4058,46,33.66,4,104.08,94.87,108.91
PO-003072,2024-10-21,SUP-022,CMP-004,5122,5122,33,76.59,1,103.98,94.92,108.83
PO-003713,2024-10-21,SUP-019,CMP-004,537,537,7,81.76,3,103.98,94.92,108.83
PO-003578,2024-10-21,SUP-046,CMP-004,5882,5882,66,74.86,0,103.98,94.92,108.83
PO-002427,2024-10-21,SUP-029,CMP-003,5550,5550,116,7.15,4,103.98,94.92,108.83
PO-002446,2024-10-22,SUP-030,CMP-001,2369,2369,33,8.82,4,103.88,94.96,108.75
PO-000300,2024-10-22,SUP-016,CMP-002,3185,3185,64,4.73,1,103.88,94.96,108.75
PO-002052,2024-10-22,SUP-016,CMP-006,4694,4694,59,27.78,1,103.88,94.96,108.75
PO-002505,2024-10-22,SUP-010,CMP-004,2460,2460,17,74.19,-1,103.88,94.96,108.75
PO-001383,2024-10-22,SUP-048,CMP-005,1284,1284,2,119.23,1,103.88,94.96,108.75
PO-000396,2024-10-22,SUP-041,CMP-002,4323,4323,81,4.77,-2,103.88,94.96,108.75
PO-000326,2024-10-22,SUP-016,CMP-001,5572,5572,26,9.43,2,103.88,94.96,108.75
PO-003674,2024-10-23,SUP-013,CMP-003,2077,2077,25,7.5,3,103.78,95.01,108.68
PO-000559,2024-10-23,SUP-026,CMP-004,4172,4172,98,78.76,0,103.78,95.01,108.68
PO-001174,2024-10-23,SUP-044,CMP-004,1772,1772,47,74.29,2,103.78,95.01,108.68
PO-001586,2024-10-23,SUP-009,CMP-003,5313,5313,37,6.94,-2,103.78,95.01,108.68
PO-003889,2024-10-23,SUP-010,CMP-004,1712,1712,8,75.46,2,103.78,95.01,108.68
PO-000367,2024-10-23,SUP-036,CMP-001,1577,1577,4,9.12,2,103.78,95.01,108.68
PO-000484,2024-10-24,SUP-009,CMP-004,5315,5315,53,76.06,5,103.67,95.06,108.6
PO-003686,2024-10-24,SUP-042,CMP-007,3751,3751,44,42.04,3,103.67,95.06,108.6
PO-003746,2024-10-24,SUP-026,CMP-003,193,193,7,7.41,1,103.67,95.06,108.6
PO-001355,2024-10-25,SUP-012,CMP-001,4486,4486,107,9.51,0,103.57,95.11,108.53
PO-001358,2024-10-25,SUP-006,CMP-004,1543,1543,29,74.01,2,103.57,95.11,108.53
PO-004730,2024-10-25,SUP-019,CMP-005,4938,4938,146,125.27,-3,103.57,95.11,108.53
PO-001479,2024-10-25,SUP-049,CMP-001,2794,2794,46,9.38,1,103.57,95.11,108.53
PO-001873,2024-10-25,SUP-003,CMP-004,5471,5471,131,82.65,-2,103.57,95.11,108.53
PO-002841,2024-10-26,SUP-042,CMP-008,1589,1589,11,18.13,4,103.47,95.16,108.46
PO-002846,2024-10-26,SUP-036,CMP-004,4850,4850,15,77.64,3,103.47,95.16,108.46
PO-002666,2024-10-26,SUP-004,CMP-003,5310,5310,54,7.26,0,103.47,95.16,108.46
PO-002270,2024-10-26,SUP-025,CMP-008,3090,3090,91,17.75,1,103.47,95.16,108.46
PO-003373,2024-10-26,SUP-049,CMP-004,807,807,8,74.51,1,103.47,95.16,108.46
PO-004544,2024-10-26,SUP-053,CMP-005,5486,5486,50,120.96,2,103.47,95.16,108.46
PO-002687,2024-10-26,SUP-005,CMP-005,5262,5262,65,120.87,4,103.47,95.16,108.46
PO-001699,2024-10-27,SUP-034,CMP-004,1844,1844,6,78.62,2,103.37,95.21,108.38
PO-002685,2024-10-27,SUP-000,CMP-004,3467,3467,62,74.67,5,103.37,95.21,108.38
PO-001096,2024-10-27,SUP-007,CMP-009,3265,3265,49,13.4,3,103.37,95.21,108.38
PO-002783,2024-10-27,SUP-051,CMP-005,3743,3743,63,120.07,5,103.37,95.21,108.38
PO-000297,2024-10-27,SUP-050,CMP-000,1670,1670,48,30.28,0,103.37,95.21,108.38
PO-002805,2024-10-27,SUP-030,CMP-004,1476,1476,50,76.14,7,103.37,95.21,108.38
PO-003960,2024-10-27,SUP-036,CMP-005,4628,4628,72,115.44,3,103.37,95.21,108.38
PO-000869,2024-10-27,SUP-035,CMP-004,4068,4068,57,76.8,5,103.37,95.21,108.38
PO-002108,2024-10-29,SUP-028,CMP-000,891,891,13,33.64,-1,103.17,95.32,108.24
PO-003508,2024-10-29,SUP-047,CMP-005,3313,3313,26,135.86,3,103.17,95.32,108.24
PO-001652,2024-10-29,SUP-006,CMP-004,4498,4498,78,78.18,1,103.17,95.32,108.24
PO-002534,2024-10-29,SUP-009,CMP-003,4310,4310,70,7.36,-1,103.17,95.32,108.24
PO-001376,2024-10-29,SUP-012,CMP-002,5781,5781,167,4.91,1,103.17,95.32,108.24
PO-003764,2024-10-30,SUP-011,CMP-000,1453,1453,10,33.27,2,103.07,95.38,108.17
PO-001589,2024-10-30,SUP-023,CMP-003,5863,5863,13,7.57,2,103.07,95.38,108.17
PO-001489,2024-10-30,SUP-021,CMP-003,1992,1992,16,6.64,-3,103.07,95.38,108.17
PO-000909,2024-10-30,SUP-043,CMP-004,4827,4827,30,79.8,5,103.07,95.38,108.17
PO-002876,2024-10-31,SUP-006,CMP-005,2514,2514,56,121.25,-2,102.97,95.43,108.1
PO-000277,2024-10-31,SUP-024,CMP-009,203,203,2,12.25,3,102.97,95.43,108.1
PO-000192,2024-10-31,SUP-004,CMP-009,1400,1400,42,13.48,-1,102.97,95.43,108.1
PO-004135,2024-10-31,SUP-039,CMP-004,439,439,3,75.68,4,102.97,95.43,108.1
PO-001733,2024-10-31,SUP-051,CMP-007,1242,1242,27,44.68,3,102.97,95.43,108.1
PO-000939,2024-10-31,SUP-008,CMP-004,4078,4078,55,80.57,-2,102.97,95.43,108.1
PO-003539,2024-10-31,SUP-008,CMP-004,2408,2408,21,73.9,-3,102.97,95.43,108.1
PO-002047,2024-10-31,SUP-007,CMP-008,1146,1146,12,17.89,2,102.97,95.43,108.1
PO-003441,2024-11-01,SUP-014,CMP-001,3800,3800,40,9.45,-1,102.87,95.49,108.03
PO-002432,2024-11-01,SUP-019,CMP-004,250,250,5,75.13,-1,102.87,95.49,108.03
PO-000414,2024-11-01,SUP-052,CMP-005,1406,1406,29,118.54,1,102.87,95.49,108.03
PO-002769,2024-11-01,SUP-009,CMP-002,4802,4802,43,5.01,1,102.87,95.49,108.03
PO-000360,2024-11-01,SUP-017,CMP-006,4724,4724,36,29.1,1,102.87,95.49,108.03
PO-001872,2024-11-01,SUP-051,CMP-001,5164,5164,105,9.62,5,102.87,95.49,108.03
PO-003753,2024-11-02,SUP-035,CMP-009,4234,4234,25,12.75,7,102.76,95.55,107.97
PO-001766,2024-11-02,SUP-013,CMP-007,2089,2089,89,43.29,4,102.76,95.55,107.97
PO-003597,2024-11-02,SUP-005,CMP-003,4181,4181,89,7.21,2,102.76,95.55,107.97
PO-001429,2024-11-02,SUP-049,CMP-002,4355,4355,152,4.8,2,102.76,95.55,107.97
PO-001300,2024-11-02,SUP-040,CMP-002,1047,1047,3,4.76,4,102.76,95.55,107.97
PO-003570,2024-11-03,SUP-019,CMP-003,1065,1065,36,7.72,0,102.66,95.61,107.9
PO-000213,2024-11-03,SUP-036,CMP-009,5009,5009,26,12.33,7,102.66,95.61,107.9
PO-000415,2024-11-03,SUP-006,CMP-006,1111,1111,6,28.54,2,102.66,95.61,107.9
PO-004442,2024-11-03,SUP-014,CMP-009,1173,1173,7,12.97,3,102.66,95.61,107.9
PO-002719,2024-11-03,SUP-034,CMP-000,3670,3670,12,30.76,-1,102.66,95.61,107.9
PO-004287,2024-11-04,SUP-030,CMP-003,846,846,10,7.28,29,102.56,95.67,107.83
PO-004211,2024-11-04,SUP-051,CMP-008,2271,2271,59,17.9,2,102.56,95.67,107.83
PO-000021,2024-11-04,SUP-049,CMP-006,452,452,8,27.56,1,102.56,95.67,107.83
PO-000477,2024-11-04,SUP-023,CMP-004,2733,2733,11,79.6,-1,102.56,95.67,107.83
PO-000980,2024-11-05,SUP-053,CMP-008,4508,4508,86,16.96,1,102.46,95.73,107.77
PO-003816,2024-11-05,SUP-051,CMP-000,3721,3721,73,30.84,4,102.46,95.73,107.77
PO-002706,2024-11-06,SUP-050,CMP-007,472,472,3,43.88,0,102.37,95.79,107.7
PO-000700,2024-11-06,SUP-046,CMP-001,3615,3615,42,9.07,2,102.37,95.79,107.7
PO-004293,2024-11-06,SUP-037,CMP-005,1474,1474,31,127.29,-1,102.37,95.79,107.7
PO-002319,2024-11-06,SUP-012,CMP-008,4318,4318,164,17.96,1,102.37,95.79,107.7
PO-003082,2024-11-06,SUP-019,CMP-009,3620,3620,67,13.7,-3,102.37,95.79,107.7
PO-001053,2024-11-06,SUP-003,CMP-000,5699,5699,174,31.63,0,102.37,95.79,107.7
PO-001655,2024-11-06,SUP-003,CMP-001,3434,3434,78,9.25,1,102.37,95.79,107.7
PO-000387,2024-11-06,SUP-008,CMP-009,298,298,8,12.62,0,102.37,95.79,107.7
PO-002056,2024-11-06,SUP-037,CMP-005,5349,5349,48,116.09,2,102.37,95.79,107.7
PO-004479,2024-11-06,SUP-028,CMP-001,810,810,34,9.42,0,102.37,95.79,107.7
PO-002852,2024-11-06,SUP-044,CMP-004,4412,4412,108,77.05,0,102.37,95.79,107.7
PO-003627,2024-11-07,SUP-011,CMP-000,5010,5010,116,31.03,-1,102.27,95.85,107.64
PO-004760,2024-11-07,SUP-035,CMP-008,5458,5458,68,18.46,4,102.27,95.85,107.64
PO-004705,2024-11-07,SUP-043,CMP-004,4691,4691,32,76.48,4,102.27,95.85,107.64
PO-003497,2024-11-07,SUP-033,CMP-000,4164,4164,123,32.12,-1,102.27,95.85,107.64
PO-002842,2024-11-07,SUP-036,CMP-002,5126,5126,18,4.85,2,102.27,95.85,107.64
PO-000062,2024-11-07,SUP-022,CMP-006,3622,3622,19,28.08,1,102.27,95.85,107.64
PO-004155,2024-11-08,SUP-040,CMP-000,1650,1650,10,31.74,-1,102.17,95.92,107.58
PO-004431,2024-11-08,SUP-033,CMP-004,3940,3940,77,78.71,2,102.17,95.92,107.58
PO-003278,2024-11-08,SUP-020,CMP-005,617,617,3,121.59,0,102.17,95.92,107.58
PO-000189,2024-11-08,SUP-019,CMP-005,2930,2930,43,127.65,-1,102.17,95.92,107.58
PO-004209,2024-11-08,SUP-025,CMP-000,4555,4555,114,33.44,-2,102.17,95.92,107.58
PO-002820,2024-11-08,SUP-051,CMP-004,1395,1395,68,77.2,0,102.17,95.92,107.58
PO-003444,2024-11-08,SUP-005,CMP-000,5988,5988,65,32.34,2,102.17,95.92,107.58
PO-001348,2024-11-08,SUP-019,CMP-003,3039,3039,69,7.69,-1,102.17,95.92,107.58
PO-000135,2024-11-09,SUP-053,CMP-000,412,412,5,31.68,0,102.07,95.98,107.52
PO-000908,2024-11-09,SUP-007,CMP-001,4297,4297,37,9.82,3,102.07,95.98,107.52
PO-000914,2024-11-09,SUP-010,CMP-000,2514,2514,9,33.88,0,102.07,95.98,107.52
PO-003832,2024-11-09,SUP-049,CMP-003,2192,2192,41,7.49,1,102.07,95.98,107.52
PO-002814,2024-11-09,SUP-016,CMP-000,1272,1272,28,31.69,0,102.07,95.98,107.52
PO-000712,2024-11-09,SUP-050,CMP-003,1426,1426,12,7.47,-2,102.07,95.98,107.52
PO-000376,2024-11-09,SUP-019,CMP-000,5228,5228,163,31.31,1,102.07,95.98,107.52
PO-004291,2024-11-10,SUP-020,CMP-005,5543,5543,51,123.47,0,101.97,96.05,107.45
PO-002401,2024-11-10,SUP-025,CMP-003,1795,1795,26,7.34,5,101.97,96.05,107.45
PO-002339,2024-11-10,SUP-004,CMP-003,2264,2264,54,6.85,4,101.97,96.05,107.45
PO-001724,2024-11-10,SUP-024,CMP-005,4526,4526,94,112.12,0,101.97,96.05,107.45
PO-001703,2024-11-10,SUP-048,CMP-002,808,808,2,4.9,2,101.97,96.05,107.45
PO-002199,2024-11-10,SUP-034,CMP-002,1267,1267,9,4.91,4,101.97,96.05,107.45
PO-001629,2024-11-10,SUP-020,CMP-006,577,577,9,29.22,-2,101.97,96.05,107.45
PO-000030,2024-11-10,SUP-038,CMP-004,5560,5560,49,80.6,3,101.97,96.05,107.45
PO-001381,2024-11-11,SUP-011,CMP-008,4940,4940,187,18.74,2,101.87,96.11,107.39
PO-000667,2024-11-11,SUP-001,CMP-002,3460,3460,19,4.76,1,101.87,96.11,107.39
PO-004191,2024-11-11,SUP-048,CMP-009,4098,4098,7,13.52,3,101.87,96.11,107.39
PO-001763,2024-11-11,SUP-039,CMP-007,2639,2639,8,43.44,3,101.87,96.11,107.39
PO-003773,2024-11-11,SUP-020,CMP-004,2130,2130,11,95.22,1,101.87,96.11,107.39
PO-003543,2024-11-11,SUP-019,CMP-003,2273,2273,97,7.08,0,101.87,96.11,107.39
PO-003921,2024-11-12,SUP-005,CMP-004,3351,3351,52,76.12,3,101.77,96.18,107.33
PO-003426,2024-11-12,SUP-033,CMP-006,3297,3297,75,29.25,0,101.77,96.18,107.33
PO-002723,2024-11-12,SUP-005,CMP-001,2745,2745,51,9.71,0,101.77,96.18,107.33
PO-001814,2024-11-12,SUP-000,CMP-007,3105,3105,21,44.88,-1,101.77,96.18,107.33
PO-004264,2024-11-12,SUP-032,CMP-006,4989,4989,60,28.68,1,101.77,96.18,107.33
PO-002410,2024-11-12,SUP-009,CMP-006,5401,5401,74,28.4,3,101.77,96.18,107.33
PO-000879,2024-11-12,SUP-026,CMP-002,1373,1373,11,5.15,-2,101.77,96.18,107.33
PO-004696,2024-11-12,SUP-004,CMP-007,1928,1928,32,38.69,1,101.77,96.18,107.33
PO-000054,2024-11-12,SUP-022,CMP-000,1548,1548,23,34.7,-1,101.77,96.18,107.33
PO-003693,2024-11-12,SUP-005,CMP-002,1293,1293,46,4.96,0,101.77,96.18,107.33
PO-004628,2024-11-12,SUP-010,CMP-005,2720,2720,22,120.87,-1,101.77,96.18,107.33
PO-000281,2024-11-13,SUP-020,CMP-004,5125,5125,61,70.43,4,101.67,96.25,107.28
PO-003139,2024-11-13,SUP-019,CMP-004,2462,2462,49,75.91,2,101.67,96.25,107.28
PO-000490,2024-11-13,SUP-038,CMP-007,3086,3086,59,42.36,2,101.67,96.25,107.28
PO-001361,2024-11-13,SUP-023,CMP-008,5648,5648,42,18.76,1,101.67,96.25,107.28
PO-003615,2024-11-13,SUP-040,CMP-000,1196,1196,6,33.17,29,101.67,96.25,107.28
PO-003271,2024-11-13,SUP-039,CMP-002,1224,1224,15,5.01,1,101.67,96.25,107.28
PO-000390,2024-11-13,SUP-031,CMP-000,4088,4088,112,31.76,2,101.67,96.25,107.28
PO-002031,2024-11-14,SUP-012,CMP-004,899,899,23,68.8,3,101.58,96.32,107.22
PO-003018,2024-11-14,SUP-039,CMP-007,4312,4312,20,44.85,4,101.58,96.32,107.22
PO-000991,2024-11-14,SUP-048,CMP-000,4220,4220,12,31.65,2,101.58,96.32,107.22
PO-004398,2024-11-14,SUP-009,CMP-000,1008,1008,14,31.2,6,101.58,96.32,107.22
PO-001908,2024-11-15,SUP-013,CMP-001,2972,2972,90,8.83,-1,101.48,96.39,107.16
PO-004176,2024-11-15,SUP-024,CMP-001,5951,5951,205,9.66,0,101.48,96.39,107.16
PO-003112,2024-11-16,SUP-004,CMP-003,2800,2800,28,7.34,1,101.38,96.46,107.11
PO-003700,2024-11-16,SUP-051,CMP-006,5959,5959,160,28.45,1,101.38,96.46,107.11
PO-002315,2024-11-16,SUP-017,CMP-002,368,368,6,4.9,-1,101.38,96.46,107.11
PO-003865,2024-11-16,SUP-002,CMP-001,5385,5385,115,9.23,0,101.38,96.46,107.11
PO-001363,2024-11-17,SUP-003,CMP-008,4511,4511,63,19.32,4,101.29,96.53,107.05
PO-001148,2024-11-17,SUP-052,CMP-009,2125,2125,61,13.42,2,101.29,96.53,107.05
PO-000487,2024-11-17,SUP-007,CMP-004,4606,4606,47,72.07,5,101.29,96.53,107.05
PO-004312,2024-11-18,SUP-048,CMP-004,2361,2361,5,73.59,1,101.19,96.6,107.0
PO-001219,2024-11-18,SUP-020,CMP-009,4588,4588,31,13.38,0,101.19,96.6,107.0
PO-004658,2024-11-18,SUP-020,CMP-003,3022,3022,89,7.2,5,101.19,96.6,107.0
PO-003759,2024-11-18,SUP-001,CMP-008,2259,2259,8,18.58,0,101.19,96.6,107.0
PO-002799,2024-11-18,SUP-018,CMP-004,2475,2475,82,77.42,0,101.19,96.6,107.0
PO-000048,2024-11-18,SUP-035,CMP-004,3279,3279,26,72.98,3,101.19,96.6,107.0
PO-001734,2024-11-18,SUP-001,CMP-001,1396,1396,9,9.51,-2,101.19,96.6,107.0
PO-000450,2024-11-19,SUP-037,CMP-000,4794,4794,48,29.65,0,101.09,96.67,106.94
PO-003029,2024-11-19,SUP-022,CMP-000,2899,2899,9,31.33,-1,101.09,96.67,106.94
PO-004290,2024-11-19,SUP-051,CMP-007,2740,2740,60,46.11,4,101.09,96.67,106.94
PO-003645,2024-11-19,SUP-000,CMP-000,3889,3889,73,30.5,0,101.09,96.67,106.94
PO-002778,2024-11-19,SUP-032,CMP-002,1445,1445,17,5.17,3,101.09,96.67,106.94
PO-001756,2024-11-19,SUP-017,CMP-000,5181,5181,77,32.78,-4,101.09,96.67,106.94
PO-001874,2024-11-19,SUP-008,CMP-008,773,773,29,17.47,3,101.09,96.67,106.94
PO-003997,2024-11-19,SUP-016,CMP-004,4240,4240,75,77.82,5,101.09,96.67,106.94
PO-001780,2024-11-19,SUP-050,CMP-004,1951,1951,27,72.09,1,101.09,96.67,106.94
PO-003924,2024-11-19,SUP-017,CMP-008,4623,4623,111,17.37,-4,101.09,96.67,106.94
PO-003747,2024-11-19,SUP-021,CMP-006,4733,4733,39,28.06,-4,101.09,96.67,106.94
PO-003648,2024-11-19,SUP-023,CMP-003,377,377,5,7.09,1,101.09,96.67,106.94
PO-000751,2024-11-19,SUP-038,CMP-005,5855,5855,56,118.05,6,101.09,96.67,106.94
PO-003054,2024-11-20,SUP-039,CMP-000,2351,2351,19,30.07,2,101.0,96.74,106.89
PO-003870,2024-11-20,SUP-035,CMP-003,4169,4169,26,7.38,1,101.0,96.74,106.89
PO-003516,2024-11-20,SUP-007,CMP-000,2685,2685,34,31.25,4,101.0,96.74,106.89
PO-000698,2024-11-20,SUP-026,CMP-009,1951,1951,34,14.8,2,101.0,96.74,106.89
PO-001784,2024-11-20,SUP-006,CMP-008,3158,3158,17,18.0,1,101.0,96.74,106.89
PO-003858,2024-11-20,SUP-021,CMP-005,4091,4091,41,114.41,2,101.0,96.74,106.89
PO-000757,2024-11-20,SUP-033,CMP-006,5161,5161,73,30.49,2,101.0,96.74,106.89
PO-000612,2024-11-20,SUP-000,CMP-000,5353,5353,154,32.75,3,101.0,96.74,106.89
PO-003499,2024-11-20,SUP-045,CMP-004,287,287,3,76.09,0,101.0,96.74,106.89
PO-001194,2024-11-20,SUP-012,CMP-008,5707,5707,157,18.67,3,101.0,96.74,106.89
PO-004521,2024-11-20,SUP-034,CMP-000,5401,5401,40,31.1,2,101.0,96.74,106.89
PO-004552,2024-11-20,SUP-052,CMP-007,4566,4566,274,45.68,1,101.0,96.74,106.89
PO-001126,2024-11-20,SUP-039,CMP-004,1199,1199,4,71.44,-3,101.0,96.74,106.89
PO-000478,2024-11-20,SUP-011,CMP-006,1712,1712,319,30.74,2,101.0,96.74,106.89
PO-004148,2024-11-21,SUP-007,CMP-004,4150,4150,60,76.67,29,100.9,96.82,106.84
PO-003179,2024-11-21,SUP-032,CMP-009,4161,4161,24,13.43,2,100.9,96.82,106.84
PO-002894,2024-11-21,SUP-052,CMP-005,2136,2136,29,123.8,1,100.9,96.82,106.84
PO-001257,2024-11-21,SUP-020,CMP-004,3746,3746,25,76.69,1,100.9,96.82,106.84
PO-004142,2024-11-21,SUP-002,CMP-004,5240,5240,75,72.05,3,100.9,96.82,106.84
PO-000578,2024-11-21,SUP-043,CMP-008,3810,3810,53,17.59,1,100.9,96.82,106.84
PO-000353,2024-11-21,SUP-015,CMP-004,4153,4153,75,78.38,6,100.9,96.82,106.84
PO-002906,2024-11-21,SUP-038,CMP-004,3911,3911,63,73.72,1,100.9,96.82,106.84
PO-002457,2024-11-21,SUP-038,CMP-007,4477,4477,95,42.03,4,100.9,96.82,106.84
PO-003150,2024-11-21,SUP-027,CMP-000,4051,4051,8,30.69,3,100.9,96.82,106.84
PO-004663,2024-11-22,SUP-049,CMP-006,2382,2382,51,26.92,-3,100.81,96.89,106.79
PO-000454,2024-11-22,SUP-052,CMP-008,1515,1515,57,18.31,0,100.81,96.89,106.79
PO-002002,2024-11-22,SUP-036,CMP-003,5034,5034,44,7.23,0,100.81,96.89,106.79
PO-004768,2024-11-22,SUP-022,CMP-006,2173,2173,13,26.63,7,100.81,96.89,106.79
PO-000776,2024-11-22,SUP-026,CMP-003,4994,4994,92,7.28,0,100.81,96.89,106.79
PO-004666,2024-11-22,SUP-028,CMP-007,2571,2571,40,43.87,4,100.81,96.89,106.79
PO-000934,2024-11-22,SUP-011,CMP-003,3683,3683,152,6.76,-2,100.81,96.89,106.79
PO-004108,2024-11-23,SUP-013,CMP-004,742,742,11,78.95,4,100.71,96.97,106.74
PO-003251,2024-11-23,SUP-035,CMP-000,306,306,4,29.47,4,100.71,96.97,106.74
PO-003094,2024-11-23,SUP-042,CMP-005,5735,5735,73,116.57,3,100.71,96.97,106.74
PO-001456,2024-11-23,SUP-019,CMP-005,4621,4621,41,129.59,-2,100.71,96.97,106.74
PO-004527,2024-11-24,SUP-042,CMP-002,5539,5539,89,5.03,2,100.62,97.04,106.69
PO-001218,2024-11-24,SUP-014,CMP-005,2870,2870,26,114.92,0,100.62,97.04,106.69
PO-001342,2024-11-24,SUP-035,CMP-006,2775,2775,21,28.27,1,100.62,97.04,106.69
PO-000732,2024-11-25,SUP-010,CMP-006,774,774,4,30.41,4,100.52,97.12,106.65
PO-002464,2024-11-25,SUP-052,CMP-002,2790,2790,44,4.93,0,100.52,97.12,106.65
PO-000904,2024-11-25,SUP-002,CMP-009,5818,5818,99,12.84,4,100.52,97.12,106.65
PO-000999,2024-11-25,SUP-033,CMP-006,3718,3718,50,27.67,3,100.52,97.12,106.65
PO-000362,2024-11-25,SUP-052,CMP-004,2156,2156,17,75.26,0,100.52,97.12,106.65
PO-002334,2024-11-25,SUP-000,CMP-001,5839,5839,122,9.02,1,100.52,97.12,106.65
PO-001860,2024-11-25,SUP-050,CMP-008,2849,2849,22,18.75,3,100.52,97.12,106.65
PO-001678,2024-11-26,SUP-030,CMP-004,1648,1648,9,77.51,1,100.43,97.2,106.6
PO-003736,2024-11-26,SUP-009,CMP-005,4812,4812,42,112.92,6,100.43,97.2,106.6
PO-002398,2024-11-26,SUP-018,CMP-001,960,960,30,9.25,2,100.43,97.2,106.6
PO-003393,2024-11-26,SUP-012,CMP-000,3237,3237,130,30.03,5,100.43,97.2,106.6
PO-004005,2024-11-26,SUP-047,CMP-004,5869,5869,15,75.68,1,100.43,97.2,106.6
PO-003025,2024-11-26,SUP-034,CMP-007,2374,2374,15,42.51,3,100.43,97.2,106.6
PO-000812,2024-11-26,SUP-025,CMP-001,5965,5965,131,9.68,2,100.43,97.2,106.6
PO-004334,2024-11-26,SUP-019,CMP-004,2902,2902,61,76.4,2,100.43,97.2,106.6
PO-002085,2024-11-26,SUP-025,CMP-000,5597,5597,98,32.05,5,100.43,97.2,106.6
PO-002492,2024-11-27,SUP-021,CMP-004,1977,1977,24,73.66,-4,100.34,97.28,106.56
PO-000379,2024-11-27,SUP-021,CMP-006,2149,2149,20,27.82,1,100.34,97.28,106.56
PO-003371,2024-11-27,SUP-032,CMP-004,199,199,5,74.79,2,100.34,97.28,106.56
PO-000846,2024-11-27,SUP-047,CMP-004,4050,4050,31,75.97,5,100.34,97.28,106.56
PO-001416,2024-11-27,SUP-049,CMP-004,1132,1132,14,76.27,3,100.34,97.28,106.56
PO-002376,2024-11-28,SUP-014,CMP-000,2665,2665,14,31.44,-1,100.25,97.35,106.51
PO-002404,2024-11-28,SUP-028,CMP-003,5684,5684,96,7.54,-1,100.25,97.35,106.51
PO-002564,2024-11-28,SUP-052,CMP-003,5856,5856,77,6.77,1,100.25,97.35,106.51
PO-002696,2024-11-28,SUP-051,CMP-008,4073,4073,102,18.91,2,100.25,97.35,106.51
PO-004796,2024-11-28,SUP-005,CMP-000,4382,4382,58,31.04,0,100.25,97.35,106.51
PO-001585,2024-11-28,SUP-038,CMP-000,3282,3282,106,30.27,3,100.25,97.35,106.51
PO-002229,2024-11-28,SUP-044,CMP-000,4566,4566,172,31.97,6,100.25,97.35,106.51
PO-004507,2024-11-28,SUP-033,CMP-004,2727,2727,102,72.76,-1,100.25,97.35,106.51
PO-004239,2024-11-28,SUP-045,CMP-003,1777,1777,4,7.15,-2,100.25,97.35,106.51
PO-002991,2024-11-29,SUP-051,CMP-006,3167,3167,54,29.19,-2,100.15,97.43,106.47
PO-004568,2024-11-29,SUP-033,CMP-004,2620,2620,67,73.72,-2,100.15,97.43,106.47
PO-000996,2024-11-29,SUP-040,CMP-005,3658,3658,13,115.96,-2,100.15,97.43,106.47
PO-004161,2024-11-29,SUP-009,CMP-005,1453,1453,10,119.52,8,100.15,97.43,106.47
PO-004232,2024-11-29,SUP-022,CMP-000,5826,5826,30,29.65,-3,100.15,97.43,106.47
PO-003134,2024-11-30,SUP-052,CMP-002,1846,1846,16,5.19,-1,100.06,97.51,106.43
PO-001670,2024-11-30,SUP-010,CMP-005,4283,4283,28,116.86,-4,100.06,97.51,106.43
PO-000230,2024-11-30,SUP-003,CMP-005,4876,4876,25,122.94,0,100.06,97.51,106.43
PO-001726,2024-12-01,SUP-007,CMP-004,4463,4463,45,75.51,4,99.97,97.59,106.38
PO-004492,2024-12-01,SUP-027,CMP-000,4495,4495,27,31.59,1,99.97,97.59,106.38
PO-002929,2024-12-01,SUP-032,CMP-005,3918,3918,63,113.58,0,99.97,97.59,106.38
PO-001615,2024-12-01,SUP-015,CMP-005,3782,3782,52,119.6,5,99.97,97.59,106.38
PO-000031,2024-12-02,SUP-017,CMP-006,3145,3145,24,27.54,3,99.88,97.67,106.34
PO-003738,2024-12-02,SUP-035,CMP-004,5633,5633,14,75.52,5,99.88,97.67,106.34
PO-003028,2024-12-02,SUP-029,CMP-003,4312,4312,218,6.83,5,99.88,97.67,106.34
PO-003310,2024-12-02,SUP-011,CMP-007,2605,2605,59,42.33,-4,99.88,97.67,106.34
PO-003453,2024-12-02,SUP-036,CMP-003,5131,5131,78,7.2,4,99.88,97.67,106.34
PO-002430,2024-12-03,SUP-001,CMP-003,1418,1418,10,7.37,0,99.79,97.75,106.3
PO-004553,2024-12-03,SUP-048,CMP-002,4060,4060,13,4.77,0,99.79,97.75,106.3
PO-003283,2024-12-03,SUP-004,CMP-009,3935,3935,127,12.79,3,99.79,97.75,106.3
PO-002070,2024-12-03,SUP-039,CMP-008,4479,4479,11,18.98,-2,99.79,97.75,106.3
PO-004597,2024-12-03,SUP-025,CMP-007,936,936,21,40.18,2,99.79,97.75,106.3
PO-002411,2024-12-03,SUP-004,CMP-004,2511,2511,59,73.19,3,99.79,97.75,106.3
PO-001993,2024-12-03,SUP-029,CMP-002,3861,3861,72,5.19,4,99.79,97.75,106.3
PO-003099,2024-12-04,SUP-008,CMP-002,2644,2644,16,4.81,0,99.7,97.83,106.27
PO-000065,2024-12-04,SUP-021,CMP-000,3003,3003,54,32.08,0,99.7,97.83,106.27
PO-001844,2024-12-04,SUP-021,CMP-000,686,686,12,31.56,0,99.7,97.83,106.27
PO-000921,2024-12-04,SUP-011,CMP-008,445,445,9,17.14,4,99.7,97.83,106.27
PO-004202,2024-12-04,SUP-023,CMP-002,2735,2735,14,4.95,4,99.7,97.83,106.27
PO-003118,2024-12-04,SUP-031,CMP-004,5044,5044,93,73.01,0,99.7,97.83,106.27
PO-001847,2024-12-05,SUP-036,CMP-003,2437,2437,11,7.23,1,99.61,97.92,106.23
PO-001735,2024-12-05,SUP-010,CMP-005,4463,4463,19,125.03,2,99.61,97.92,106.23
PO-000552,2024-12-05,SUP-021,CMP-003,4370,4370,36,7.78,0,99.61,97.92,106.23
PO-004154,2024-12-05,SUP-009,CMP-003,752,752,13,7.24,4,99.61,97.92,106.23
PO-004002,2024-12-06,SUP-034,CMP-006,4598,4598,17,27.92,1,99.52,98.0,106.19
PO-001759,2024-12-06,SUP-050,CMP-000,1507,1507,14,31.24,4,99.52,98.0,106.19
PO-001282,2024-12-07,SUP-019,CMP-004,5277,5277,28,76.54,1,99.43,98.08,106.16
PO-000023,2024-12-07,SUP-038,CMP-001,5683,5683,103,9.71,5,99.43,98.08,106.16
PO-002036,2024-12-07,SUP-023,CMP-005,3061,3061,17,116.68,3,99.43,98.08,106.16
PO-003842,2024-12-07,SUP-046,CMP-003,2766,2766,39,7.41,3,99.43,98.08,106.16
PO-004029,2024-12-07,SUP-002,CMP-006,4563,4563,253,27.46,0,99.43,98.08,106.16
PO-000940,2024-12-09,SUP-006,CMP-005,379,379,4,113.66,0,99.25,98.25,106.09
PO-002435,2024-12-09,SUP-025,CMP-001,713,713,9,9.57,2,99.25,98.25,106.09
PO-003805,2024-12-09,SUP-012,CMP-005,271,271,3,116.24,1,99.25,98.25,106.09
PO-003427,2024-12-09,SUP-027,CMP-006,2120,2120,9,28.34,3,99.25,98.25,106.09
PO-000332,2024-12-10,SUP-052,CMP-005,1792,1792,24,123.07,-4,99.17,98.33,106.06
PO-004798,2024-12-10,SUP-052,CMP-009,4148,4148,77,12.92,-2,99.17,98.33,106.06
PO-000115,2024-12-10,SUP-017,CMP-009,1878,1878,14,13.8,2,99.17,98.33,106.06
PO-002223,2024-12-11,SUP-024,CMP-000,2251,2251,22,28.58,-3,99.08,98.41,106.03
PO-000219,2024-12-11,SUP-028,CMP-000,2590,2590,58,29.79,-2,99.08,98.41,106.03
PO-000287,2024-12-11,SUP-017,CMP-001,4389,4389,70,9.95,-2,99.08,98.41,106.03
PO-001948,2024-12-11,SUP-045,CMP-000,1181,1181,9,31.86,-2,99.08,98.41,106.03
PO-002975,2024-12-11,SUP-028,CMP-004,5307,5307,135,75.7,4,99.08,98.41,106.03
PO-001986,2024-12-12,SUP-016,CMP-007,997,997,16,43.49,3,98.99,98.5,105.99
PO-004675,2024-12-12,SUP-006,CMP-005,1380,1380,22,121.07,0,98.99,98.5,105.99
PO-003929,2024-12-12,SUP-009,CMP-004,2150,2150,19,76.32,1,98.99,98.5,105.99
PO-002049,2024-12-12,SUP-048,CMP-004,5736,5736,34,72.55,1,98.99,98.5,105.99
PO-002727,2024-12-12,SUP-041,CMP-004,4040,4040,31,67.05,0,98.99,98.5,105.99
PO-001105,2024-12-12,SUP-005,CMP-006,3601,3601,151,28.59,-1,98.99,98.5,105.99
PO-000411,2024-12-13,SUP-035,CMP-000,3067,3067,23,28.85,2,98.91,98.58,105.97
PO-001871,2024-12-13,SUP-000,CMP-003,5988,5988,164,7.56,-2,98.91,98.58,105.97
PO-000259,2024-12-13,SUP-050,CMP-000,4732,4732,200,31.84,3,98.91,98.58,105.97
PO-001768,2024-12-13,SUP-037,CMP-007,4744,4744,19,43.33,0,98.91,98.58,105.97
PO-003533,2024-12-13,SUP-051,CMP-002,1954,1954,17,4.78,5,98.91,98.58,105.97
PO-000334,2024-12-13,SUP-006,CMP-009,537,537,16,13.27,1,98.91,98.58,105.97
PO-000078,2024-12-13,SUP-013,CMP-000,3351,3351,60,30.27,-1,98.91,98.58,105.97
PO-002017,2024-12-13,SUP-051,CMP-000,2346,2346,46,32.05,2,98.91,98.58,105.97
PO-002390,2024-12-14,SUP-038,CMP-000,1168,1168,53,33.46,7,98.82,98.67,105.94
PO-004244,2024-12-14,SUP-032,CMP-006,4965,4965,18,28.97,7,98.82,98.67,105.94
PO-002617,2024-12-14,SUP-005,CMP-007,4396,4396,61,41.35,-1,98.82,98.67,105.94
PO-004234,2024-12-14,SUP-021,CMP-000,2255,2255,36,31.35,3,98.82,98.67,105.94
PO-004139,2024-12-14,SUP-021,CMP-001,2640,2640,105,9.55,1,98.82,98.67,105.94
PO-004748,2024-12-14,SUP-039,CMP-008,1806,1806,39,17.87,4,98.82,98.67,105.94
PO-000124,2024-12-14,SUP-022,CMP-005,1635,1635,21,116.75,2,98.82,98.67,105.94
PO-002538,2024-12-15,SUP-028,CMP-000,2514,2514,75,36.32,1,98.74,98.75,105.91
PO-001268,2024-12-15,SUP-045,CMP-009,2109,2109,14,13.16,-4,98.74,98.75,105.91
PO-004049,2024-12-15,SUP-016,CMP-007,2957,2957,23,44.37,1,98.74,98.75,105.91
PO-001754,2024-12-15,SUP-030,CMP-004,1635,1635,19,67.65,5,98.74,98.75,105.91
PO-001113,2024-12-15,SUP-025,CMP-002,1674,1674,31,4.82,1,98.74,98.75,105.91
PO-002549,2024-12-15,SUP-023,CMP-002,3507,3507,34,4.95,-2,98.74,98.75,105.91
PO-004502,2024-12-16,SUP-045,CMP-004,2359,2359,6,77.09,3,98.65,98.84,105.88
PO-000856,2024-12-16,SUP-035,CMP-004,1085,1085,2,70.1,2,98.65,98.84,105.88
PO-001580,2024-12-16,SUP-006,CMP-001,3738,3738,65,9.02,3,98.65,98.84,105.88
PO-004133,2024-12-16,SUP-023,CMP-000,2130,2130,7,31.29,2,98.65,98.84,105.88
PO-004269,2024-12-16,SUP-006,CMP-000,997,997,30,31.06,-1,98.65,98.84,105.88
PO-000867,2024-12-17,SUP-049,CMP-004,4805,4805,54,73.8,2,98.57,98.92,105.86
PO-002619,2024-12-17,SUP-033,CMP-008,3621,3621,55,18.24,1,98.57,98.92,105.86
PO-003039,2024-12-17,SUP-033,CMP-009,4920,4920,88,13.31,3,98.57,98.92,105.86
PO-003724,2024-12-17,SUP-021,CMP-007,1455,1455,24,42.97,2,98.57,98.92,105.86
PO-000868,2024-12-17,SUP-013,CMP-009,353,353,3,13.64,2,98.57,98.92,105.86
PO-000795,2024-12-17,SUP-013,CMP-004,5546,5546,61,76.97,0,98.57,98.92,105.86
PO-004794,2024-12-17,SUP-030,CMP-004,824,824,16,72.0,1,98.57,98.92,105.86
PO-003502,2024-12-18,SUP-048,CMP-003,1867,1867,10,6.85,-3,98.49,99.01,105.83
PO-003568,2024-12-18,SUP-041,CMP-007,1304,1304,15,41.46,0,98.49,99.01,105.83
PO-000108,2024-12-18,SUP-014,CMP-004,3228,3228,24,75.55,4,98.49,99.01,105.83
PO-003939,2024-12-18,SUP-031,CMP-009,1736,1736,65,13.06,1,98.49,99.01,105.83
PO-002645,2024-12-18,SUP-025,CMP-007,2938,2938,31,45.25,5,98.49,99.01,105.83
PO-002680,2024-12-18,SUP-029,CMP-005,5938,5938,77,114.09,3,98.49,99.01,105.83
PO-001493,2024-12-19,SUP-035,CMP-000,2710,2710,94,29.63,1,98.4,99.09,105.81
PO-001605,2024-12-19,SUP-023,CMP-005,4889,4889,23,123.02,2,98.4,99.09,105.81
PO-000913,2024-12-19,SUP-011,CMP-003,4318,4318,57,6.56,-1,98.4,99.09,105.81
PO-002254,2024-12-19,SUP-032,CMP-003,3634,3634,104,7.15,3,98.4,99.09,105.81
PO-000895,2024-12-20,SUP-012,CMP-004,4516,4516,112,73.54,2,98.32,99.18,105.79
PO-002493,2024-12-20,SUP-025,CMP-000,3250,3250,47,31.39,4,98.32,99.18,105.79
PO-001459,2024-12-20,SUP-030,CMP-004,1780,1780,28,73.3,-1,98.32,99.18,105.79
PO-000264,2024-12-20,SUP-016,CMP-001,3797,3797,86,9.67,0,98.32,99.18,105.79
PO-000085,2024-12-21,SUP-043,CMP-000,1959,1959,30,32.49,3,98.24,99.26,105.77
PO-004143,2024-12-21,SUP-037,CMP-002,1917,1917,4,4.8,-2,98.24,99.26,105.77
PO-004725,2024-12-21,SUP-019,CMP-000,1013,1013,13,30.02,3,98.24,99.26,105.77
PO-000053,2024-12-21,SUP-017,CMP-004,2290,2290,44,77.94,-2,98.24,99.26,105.77
PO-000410,2024-12-21,SUP-014,CMP-007,3074,3074,8,40.07,2,98.24,99.26,105.77
PO-000283,2024-12-22,SUP-029,CMP-000,1883,1883,62,30.05,0,98.16,99.35,105.75
PO-004140,2024-12-22,SUP-021,CMP-004,1229,1229,16,73.44,1,98.16,99.35,105.75
PO-001554,2024-12-23,SUP-023,CMP-004,2082,2082,10,76.05,1,98.08,99.43,105.73
PO-004621,2024-12-23,SUP-005,CMP-001,3886,3886,67,9.09,-1,98.08,99.43,105.73
PO-004759,2024-12-23,SUP-003,CMP-004,5393,5393,64,73.97,3,98.08,99.43,105.73
PO-003305,2024-12-23,SUP-006,CMP-009,3422,3422,108,14.1,25,98.08,99.43,105.73
PO-004570,2024-12-23,SUP-036,CMP-004,4975,4975,63,71.36,4,98.08,99.43,105.73
PO-002148,2024-12-23,SUP-046,CMP-007,2255,2255,121,42.91,5,98.08,99.43,105.73
PO-002962,2024-12-23,SUP-050,CMP-007,5319,5319,78,45.03,4,98.08,99.43,105.73
PO-000707,2024-12-23,SUP-027,CMP-008,3101,3101,37,17.9,6,98.08,99.43,105.73
PO-000845,2024-12-23,SUP-022,CMP-000,5746,5746,21,31.24,2,98.08,99.43,105.73
PO-004367,2024-12-24,SUP-042,CMP-000,1494,1494,13,31.68,4,98.0,99.52,105.71
PO-004260,2024-12-24,SUP-051,CMP-004,5539,5539,75,76.42,0,98.0,99.52,105.71
PO-003517,2024-12-24,SUP-022,CMP-002,5723,5723,72,4.77,3,98.0,99.52,105.71
PO-001242,2024-12-24,SUP-024,CMP-004,2294,2294,36,77.54,0,98.0,99.52,105.71
PO-003472,2024-12-24,SUP-013,CMP-003,1050,1050,54,6.69,2,98.0,99.52,105.71
PO-001063,2024-12-24,SUP-052,CMP-009,186,186,6,14.16,3,98.0,99.52,105.71
PO-003345,2024-12-24,SUP-029,CMP-004,5743,5743,39,69.61,3,98.0,99.52,105.71
PO-003972,2024-12-25,SUP-032,CMP-009,4084,4084,61,13.28,-2,97.92,99.6,105.7
PO-002997,2024-12-25,SUP-053,CMP-000,5786,5786,56,30.42,1,97.92,99.6,105.7
PO-001530,2024-12-25,SUP-013,CMP-004,2704,2704,47,74.27,0,97.92,99.6,105.7
PO-002277,2024-12-25,SUP-052,CMP-004,5756,5756,55,71.08,1,97.92,99.6,105.7
PO-002640,2024-12-25,SUP-006,CMP-003,4610,4610,45,7.42,0,97.92,99.6,105.7
PO-000521,2024-12-25,SUP-018,CMP-000,4976,4976,57,30.11,0,97.92,99.6,105.7
PO-003097,2024-12-25,SUP-017,CMP-007,4342,4342,46,43.18,4,97.92,99.6,105.7
PO-003910,2024-12-25,SUP-012,CMP-006,2517,2517,125,29.26,-1,97.92,99.6,105.7
PO-002198,2024-12-25,SUP-018,CMP-005,5835,5835,76,119.06,3,97.92,99.6,105.7
PO-000768,2024-12-26,SUP-026,CMP-006,4044,4044,225,29.42,3,97.84,99.69,105.68
PO-000941,2024-12-26,SUP-037,CMP-002,3896,3896,31,4.93,0,97.84,99.69,105.68
PO-004777,2024-12-26,SUP-005,CMP-000,4974,4974,231,29.33,-1,97.84,99.69,105.68
PO-003235,2024-12-26,SUP-025,CMP-007,3776,3776,103,42.32,4,97.84,99.69,105.68
PO-003284,2024-12-26,SUP-012,CMP-007,5785,5785,126,40.78,-2,97.84,99.69,105.68
PO-002382,2024-12-26,SUP-024,CMP-005,4373,4373,68,115.55,-1,97.84,99.69,105.68
PO-002843,2024-12-26,SUP-036,CMP-004,1603,1603,9,72.75,1,97.84,99.69,105.68
PO-001430,2024-12-26,SUP-004,CMP-000,1434,1434,14,32.69,1,97.84,99.69,105.68
PO-002084,2024-12-26,SUP-048,CMP-005,3129,3129,13,114.55,7,97.84,99.69,105.68
PO-004700,2024-12-27,SUP-018,CMP-000,2463,2463,44,30.79,-3,97.76,99.78,105.67
PO-004605,2024-12-27,SUP-015,CMP-007,4151,4151,121,45.5,10,97.76,99.78,105.67
PO-002273,2024-12-27,SUP-034,CMP-007,4839,4839,24,43.22,-1,97.76,99.78,105.67
PO-001970,2024-12-28,SUP-021,CMP-002,1316,1316,23,4.75,3,97.69,99.86,105.65
PO-001748,2024-12-28,SUP-000,CMP-003,435,435,7,7.25,3,97.69,99.86,105.65
PO-000142,2024-12-28,SUP-049,CMP-008,4094,4094,37,18.06,3,97.69,99.86,105.65
PO-003077,2024-12-28,SUP-038,CMP-005,3067,3067,31,118.73,0,97.69,99.86,105.65
PO-002274,2024-12-28,SUP-041,CMP-006,5205,5205,229,28.44,-2,97.69,99.86,105.65
PO-001441,2024-12-28,SUP-037,CMP-004,3086,3086,11,77.39,1,97.69,99.86,105.65
PO-001039,2024-12-28,SUP-001,CMP-009,4887,4887,33,13.77,-3,97.69,99.86,105.65
PO-000430,2024-12-29,SUP-013,CMP-000,2862,2862,35,30.27,0,97.61,99.95,105.64
PO-003237,2024-12-29,SUP-009,CMP-004,1730,1730,14,73.8,2,97.61,99.95,105.64
PO-003812,2024-12-29,SUP-048,CMP-009,5930,5930,18,12.49,4,97.61,99.95,105.64
PO-000626,2024-12-29,SUP-052,CMP-004,2055,2055,19,76.45,2,97.61,99.95,105.64
PO-003325,2024-12-29,SUP-005,CMP-003,4219,4219,42,7.11,4,97.61,99.95,105.64
PO-003083,2024-12-30,SUP-002,CMP-000,303,303,16,30.71,4,97.53,100.03,105.63
PO-001620,2024-12-30,SUP-031,CMP-003,2345,2345,124,7.05,4,97.53,100.03,105.63
PO-004126,2024-12-30,SUP-034,CMP-002,4222,4222,11,4.77,1,97.53,100.03,105.63
PO-004693,2024-12-30,SUP-051,CMP-004,1663,1663,32,73.38,-3,97.53,100.03,105.63
PO-004065,2024-12-31,SUP-036,CMP-008,3617,3617,22,17.66,2,97.46,100.12,105.62
PO-004426,2024-12-31,SUP-019,CMP-000,2137,2137,40,31.81,0,97.46,100.12,105.62
PO-001528,2024-12-31,SUP-048,CMP-000,4113,4113,7,28.4,-4,97.46,100.12,105.62
PO-004475,2024-12-31,SUP-050,CMP-001,3611,3611,51,9.55,1,97.46,100.12,105.62
PO-000094,2024-12-31,SUP-032,CMP-004,2123,2123,30,72.39,1,97.46,100.12,105.62
PO-001277,2024-12-31,SUP-040,CMP-003,5358,5358,22,7.44,24,97.46,100.12,105.62
PO-003651,2024-12-31,SUP-052,CMP-004,5240,5240,331,71.39,1,97.46,100.12,105.62
PO-004489,2024-12-31,SUP-029,CMP-008,3423,3423,46,18.24,4,97.46,100.12,105.62
PO-001398,2024-12-31,SUP-049,CMP-000,5677,5677,28,30.47,1,97.46,100.12,105.62
PO-000491,2025-01-01,SUP-034,CMP-005,841,841,3,119.99,-1,97.38,100.2,105.61
PO-001422,2025-01-01,SUP-036,CMP-000,566,566,5,30.07,0,97.38,100.2,105.61
PO-002255,2025-01-02,SUP-044,CMP-009,2307,2307,46,13.25,2,97.31,100.29,105.6
PO-002810,2025-01-02,SUP-017,CMP-000,5108,5108,69,29.61,2,97.31,100.29,105.6
PO-003800,2025-01-02,SUP-030,CMP-002,3297,3297,36,4.77,1,97.31,100.29,105.6
PO-003496,2025-01-02,SUP-001,CMP-001,5231,5231,44,9.14,1,97.31,100.29,105.6
PO-002175,2025-01-02,SUP-007,CMP-003,5578,5578,54,6.98,4,97.31,100.29,105.6
PO-004623,2025-01-02,SUP-006,CMP-004,5352,5352,44,71.01,1,97.31,100.29,105.6
PO-000656,2025-01-03,SUP-019,CMP-006,5241,5241,157,29.58,2,97.23,100.37,105.59
PO-004076,2025-01-03,SUP-036,CMP-003,5507,5507,24,7.17,-2,97.23,100.37,105.59
PO-003128,2025-01-03,SUP-038,CMP-007,3165,3165,13,42.46,3,97.23,100.37,105.59
PO-000456,2025-01-03,SUP-004,CMP-004,4792,4792,51,72.24,7,97.23,100.37,105.59
PO-004593,2025-01-04,SUP-048,CMP-006,422,422,1,27.96,5,97.16,100.46,105.58
PO-000628,2025-01-04,SUP-010,CMP-002,3889,3889,8,4.95,5,97.16,100.46,105.58
PO-004055,2025-01-04,SUP-026,CMP-007,5285,5285,51,40.67,-1,97.16,100.46,105.58
PO-004574,2025-01-04,SUP-013,CMP-001,2698,2698,28,9.34,0,97.16,100.46,105.58
PO-002819,2025-01-04,SUP-004,CMP-004,414,414,5,70.94,3,97.16,100.46,105.58
PO-003726,2025-01-04,SUP-033,CMP-000,273,273,9,31.02,0,97.16,100.46,105.58
PO-002338,2025-01-04,SUP-020,CMP-002,5851,5851,68,5.11,2,97.16,100.46,105.58
PO-001513,2025-01-04,SUP-051,CMP-002,3740,3740,123,4.88,1,97.16,100.46,105.58
PO-001628,2025-01-06,SUP-019,CMP-000,3064,3064,54,30.62,4,97.02,100.62,105.58
PO-002967,2025-01-06,SUP-000,CMP-000,578,578,6,30.03,1,97.02,100.62,105.58
PO-002675,2025-01-06,SUP-000,CMP-008,1341,1341,22,17.78,1,97.02,100.62,105.58
PO-000257,2025-01-06,SUP-026,CMP-002,1837,1837,94,5.02,0,97.02,100.62,105.58
PO-004694,2025-01-06,SUP-027,CMP-006,1173,1173,4,28.35,5,97.02,100.62,105.58
PO-002050,2025-01-06,SUP-025,CMP-004,2242,2242,34,70.73,6,97.02,100.62,105.58
PO-002869,2025-01-06,SUP-039,CMP-004,5997,5997,63,73.63,2,97.02,100.62,105.58
PO-000673,2025-01-06,SUP-014,CMP-008,4084,4084,55,17.98,3,97.02,100.62,105.58
PO-003784,2025-01-06,SUP-045,CMP-003,739,739,7,7.18,-2,97.02,100.62,105.58
PO-000873,2025-01-07,SUP-028,CMP-004,1940,1940,21,71.37,2,96.95,100.71,105.57
PO-000398,2025-01-07,SUP-004,CMP-005,5134,5134,77,122.19,2,96.95,100.71,105.57
PO-002667,2025-01-07,SUP-023,CMP-000,1475,1475,3,32.52,0,96.95,100.71,105.57
PO-003998,2025-01-07,SUP-025,CMP-008,4123,4123,109,17.79,3,96.95,100.71,105.57
PO-004379,2025-01-07,SUP-003,CMP-009,3498,3498,121,12.95,-2,96.95,100.71,105.57
PO-001420,2025-01-08,SUP-016,CMP-002,2547,2547,33,4.88,0,96.88,100.79,105.57
PO-003932,2025-01-08,SUP-046,CMP-004,2248,2248,52,76.71,2,96.88,100.79,105.57
PO-002130,2025-01-08,SUP-016,CMP-000,2785,2785,20,29.33,0,96.88,100.79,105.57
PO-003044,2025-01-08,SUP-051,CMP-001,895,895,24,9.66,-1,96.88,100.79,105.57
PO-002500,2025-01-08,SUP-002,CMP-002,1392,1392,26,5.05,2,96.88,100.79,105.57
PO-000547,2025-01-08,SUP-042,CMP-000,1249,1249,12,31.81,4,96.88,100.79,105.57
PO-003918,2025-01-08,SUP-017,CMP-007,1042,1042,8,41.73,3,96.88,100.79,105.57
PO-003636,2025-01-09,SUP-047,CMP-006,3984,3984,46,28.42,1,96.81,100.87,105.57
PO-002465,2025-01-09,SUP-052,CMP-004,4990,4990,45,80.37,4,96.81,100.87,105.57
PO-001334,2025-01-09,SUP-038,CMP-000,5169,5169,86,28.61,0,96.81,100.87,105.57
PO-002692,2025-01-09,SUP-024,CMP-004,5068,5068,128,78.2,-1,96.81,100.87,105.57
PO-003407,2025-01-09,SUP-027,CMP-005,1674,1674,3,122.34,2,96.81,100.87,105.57
PO-000541,2025-01-09,SUP-020,CMP-006,1187,1187,6,28.64,1,96.81,100.87,105.57
PO-001659,2025-01-10,SUP-004,CMP-009,5509,5509,32,13.82,8,96.74,100.96,105.57
PO-002451,2025-01-10,SUP-028,CMP-005,2700,2700,115,117.23,5,96.74,100.96,105.57
PO-004007,2025-01-10,SUP-031,CMP-000,2782,2782,80,31.6,-2,96.74,100.96,105.57
PO-002203,2025-01-10,SUP-045,CMP-000,1935,1935,11,31.55,-1,96.74,100.96,105.57
PO-003794,2025-01-10,SUP-042,CMP-008,1047,1047,11,17.33,0,96.74,100.96,105.57
PO-000342,2025-01-10,SUP-023,CMP-006,3518,3518,7,28.36,3,96.74,100.96,105.57
PO-000274,2025-01-10,SUP-007,CMP-003,2695,2695,41,6.84,7,96.74,100.96,105.57
PO-003601,2025-01-10,SUP-048,CMP-007,4654,4654,23,40.33,-1,96.74,100.96,105.57
PO-001198,2025-01-11,SUP-050,CMP-004,1889,1889,32,70.85,1,96.67,101.04,105.57
PO-001347,2025-01-11,SUP-036,CMP-003,5097,5097,34,7.45,2,96.67,101.04,105.57
PO-003397,2025-01-11,SUP-037,CMP-004,2329,2329,8,74.11,1,96.67,101.04,105.57
PO-002237,2025-01-11,SUP-018,CMP-005,995,995,19,118.6,1,96.67,101.04,105.57
PO-003928,2025-01-11,SUP-019,CMP-003,3307,3307,37,7.41,4,96.67,101.04,105.57
PO-000622,2025-01-11,SUP-049,CMP-001,4448,4448,67,9.59,3,96.67,101.04,105.57
PO-003474,2025-01-11,SUP-041,CMP-008,4367,4367,53,17.87,-3,96.67,101.04,105.57
PO-002123,2025-01-11,SUP-030,CMP-008,569,569,7,17.53,3,96.67,101.04,105.57
PO-004315,2025-01-12,SUP-044,CMP-004,2420,2420,46,75.79,0,96.6,101.12,105.57
PO-003669,2025-01-12,SUP-048,CMP-009,1031,1031,7,12.84,1,96.6,101.12,105.57
PO-004160,2025-01-12,SUP-045,CMP-003,1931,1931,13,7.56,0,96.6,101.12,105.57
PO-001802,2025-01-12,SUP-045,CMP-007,333,333,1,43.75,-1,96.6,101.12,105.57
PO-003854,2025-01-12,SUP-014,CMP-000,251,251,1,31.71,2,96.6,101.12,105.57
PO-003949,2025-01-12,SUP-015,CMP-000,5556,5556,130,30.57,6,96.6,101.12,105.57
PO-000726,2025-01-13,SUP-014,CMP-007,2919,2919,12,43.93,2,96.54,101.2,105.57
PO-000306,2025-01-13,SUP-042,CMP-001,1974,1974,22,9.82,6,96.54,101.2,105.57
PO-000543,2025-01-13,SUP-029,CMP-000,5947,5947,91,29.16,3,96.54,101.2,105.57
PO-000366,2025-01-13,SUP-016,CMP-009,2096,2096,32,13.14,5,96.54,101.2,105.57
PO-001014,2025-01-13,SUP-013,CMP-005,1335,1335,19,125.12,4,96.54,101.2,105.57
PO-003814,2025-01-13,SUP-049,CMP-004,2187,2187,41,68.85,-2,96.54,101.2,105.57
PO-000709,2025-01-14,SUP-047,CMP-002,3299,3299,20,4.84,7,96.47,101.28,105.58
PO-002931,2025-01-14,SUP-007,CMP-004,3704,3704,62,74.23,1,96.47,101.28,105.58
PO-000650,2025-01-14,SUP-014,CMP-003,5085,5085,56,6.87,1,96.47,101.28,105.58
PO-000404,2025-01-14,SUP-010,CMP-005,5974,5974,20,117.66,1,96.47,101.28,105.58
PO-000185,2025-01-14,SUP-051,CMP-000,1693,1693,14,33.24,5,96.47,101.28,105.58
PO-001643,2025-01-15,SUP-022,CMP-000,1167,1167,13,32.05,1,96.41,101.36,105.58
PO-001892,2025-01-15,SUP-044,CMP-005,1121,1121,14,122.54,3,96.41,101.36,105.58
PO-004016,2025-01-15,SUP-047,CMP-005,3475,3475,13,110.98,4,96.41,101.36,105.58
PO-002561,2025-01-15,SUP-028,CMP-004,3399,3399,108,72.89,-1,96.41,101.36,105.58
PO-001259,2025-01-15,SUP-045,CMP-002,1666,1666,8,4.89,-4,96.41,101.36,105.58
PO-001245,2025-01-15,SUP-001,CMP-005,2952,2952,28,117.9,3,96.41,101.36,105.58
PO-001504,2025-01-15,SUP-018,CMP-005,3212,3212,91,117.24,-4,96.41,101.36,105.58
PO-000473,2025-01-15,SUP-009,CMP-007,4213,4213,43,44.13,7,96.41,101.36,105.58
PO-003031,2025-01-16,SUP-017,CMP-009,1050,1050,9,13.54,2,96.34,101.44,105.59
PO-000693,2025-01-16,SUP-023,CMP-004,2484,2484,12,72.1,-2,96.34,101.44,105.59
PO-001050,2025-01-16,SUP-036,CMP-004,5575,5575,37,72.4,3,96.34,101.44,105.59
PO-002926,2025-01-16,SUP-034,CMP-004,2154,2154,6,74.7,4,96.34,101.44,105.59
PO-001028,2025-01-16,SUP-025,CMP-005,4121,4121,243,121.41,4,96.34,101.44,105.59
PO-002816,2025-01-17,SUP-039,CMP-007,1278,1278,12,41.81,-2,96.28,101.52,105.59
PO-000270,2025-01-17,SUP-009,CMP-000,676,676,4,32.32,-2,96.28,101.52,105.59
PO-003359,2025-01-17,SUP-005,CMP-004,749,749,22,70.74,3,96.28,101.52,105.59
PO-002134,2025-01-17,SUP-032,CMP-007,1736,1736,13,41.06,6,96.28,101.52,105.59
PO-003242,2025-01-17,SUP-043,CMP-007,5142,5142,76,42.56,7,96.28,101.52,105.59
PO-004438,2025-01-17,SUP-012,CMP-007,4410,4410,59,42.95,1,96.28,101.52,105.59
PO-000169,2025-01-17,SUP-010,CMP-001,4554,4554,22,9.88,-3,96.28,101.52,105.59
PO-002519,2025-01-18,SUP-021,CMP-007,1724,1724,38,45.72,0,96.22,101.6,105.6
PO-000676,2025-01-18,SUP-023,CMP-004,3735,3735,21,73.07,5,96.22,101.6,105.6
PO-000148,2025-01-18,SUP-028,CMP-002,4186,4186,141,5.0,2,96.22,101.6,105.6
PO-003730,2025-01-18,SUP-024,CMP-002,2764,2764,51,4.62,-4,96.22,101.6,105.6
PO-001119,2025-01-19,SUP-008,CMP-009,2198,2198,31,13.35,-1,96.15,101.68,105.61
PO-002434,2025-01-19,SUP-002,CMP-005,305,305,6,123.18,6,96.15,101.68,105.61
PO-000560,2025-01-20,SUP-011,CMP-004,5969,5969,96,74.84,4,96.09,101.76,105.62
PO-003511,2025-01-20,SUP-043,CMP-001,5658,5658,22,9.59,4,96.09,101.76,105.62
PO-000890,2025-01-21,SUP-053,CMP-007,2401,2401,16,44.88,2,96.03,101.84,105.63
PO-002035,2025-01-21,SUP-047,CMP-006,916,916,6,28.06,3,96.03,101.84,105.63
PO-004311,2025-01-21,SUP-027,CMP-000,2013,2013,1,30.38,-3,96.03,101.84,105.63
PO-004618,2025-01-21,SUP-050,CMP-000,978,978,62,30.59,-1,96.03,101.84,105.63
PO-001675,2025-01-21,SUP-024,CMP-008,4807,4807,116,16.56,1,96.03,101.84,105.63
PO-002627,2025-01-22,SUP-010,CMP-000,3805,3805,31,30.36,1,95.97,101.91,105.64
PO-003848,2025-01-22,SUP-015,CMP-000,288,288,4,30.85,2,95.97,101.91,105.64
PO-003406,2025-01-23,SUP-022,CMP-001,5837,5837,24,9.54,1,95.91,101.99,105.66
PO-002158,2025-01-23,SUP-026,CMP-004,3443,3443,102,72.66,-3,95.91,101.99,105.66
PO-004351,2025-01-23,SUP-040,CMP-001,2536,2536,26,9.88,0,95.91,101.99,105.66
PO-000813,2025-01-23,SUP-035,CMP-000,4494,4494,39,28.99,2,95.91,101.99,105.66
PO-002221,2025-01-23,SUP-002,CMP-003,2133,2133,52,7.22,3,95.91,101.99,105.66
PO-004718,2025-01-23,SUP-023,CMP-007,4598,4598,23,44.08,3,95.91,101.99,105.66
PO-001102,2025-01-24,SUP-052,CMP-000,2928,2928,59,31.11,2,95.85,102.06,105.67
PO-000308,2025-01-24,SUP-039,CMP-000,3327,3327,42,29.13,-1,95.85,102.06,105.67
PO-001271,2025-01-24,SUP-044,CMP-007,434,434,8,44.69,-1,95.85,102.06,105.67
PO-003042,2025-01-24,SUP-005,CMP-008,4701,4701,164,18.9,-3,95.85,102.06,105.67
PO-002963,2025-01-24,SUP-046,CMP-005,2394,2394,37,118.66,3,95.85,102.06,105.67
PO-000234,2025-01-24,SUP-018,CMP-001,1614,1614,69,9.48,1,95.85,102.06,105.67
PO-000327,2025-01-25,SUP-046,CMP-000,5063,5063,61,30.07,4,95.79,102.14,105.68
PO-001695,2025-01-25,SUP-009,CMP-007,3083,3083,43,42.93,3,95.79,102.14,105.68
PO-003156,2025-01-25,SUP-022,CMP-004,4810,4810,37,79.39,5,95.79,102.14,105.68
PO-001109,2025-01-25,SUP-031,CMP-000,4050,4050,56,31.26,-3,95.79,102.14,105.68
PO-002178,2025-01-25,SUP-045,CMP-004,2141,2141,11,76.51,6,95.79,102.14,105.68
PO-002990,2025-01-25,SUP-002,CMP-006,3431,3431,229,28.75,2,95.79,102.14,105.68
PO-003475,2025-01-26,SUP-024,CMP-000,5244,5244,179,29.75,-4,95.74,102.21,105.7
PO-001368,2025-01-26,SUP-029,CMP-001,2470,2470,42,9.47,0,95.74,102.21,105.7
PO-004636,2025-01-26,SUP-034,CMP-000,2809,2809,18,31.4,-2,95.74,102.21,105.7
PO-004349,2025-01-26,SUP-021,CMP-005,4216,4216,43,118.63,-2,95.74,102.21,105.7
PO-000952,2025-01-26,SUP-032,CMP-000,3745,3745,80,29.64,0,95.74,102.21,105.7
PO-001893,2025-01-26,SUP-027,CMP-000,3149,3149,12,30.38,-2,95.74,102.21,105.7
PO-001195,2025-01-26,SUP-025,CMP-009,2806,2806,76,12.59,4,95.74,102.21,105.7
PO-001497,2025-01-26,SUP-045,CMP-001,4133,4133,23,9.26,0,95.74,102.21,105.7
PO-004023,2025-01-26,SUP-051,CMP-002,4930,4930,160,4.93,2,95.74,102.21,105.7
PO-000665,2025-01-27,SUP-048,CMP-006,1955,1955,6,28.44,5,95.68,102.29,105.72
PO-003599,2025-01-27,SUP-037,CMP-006,1805,1805,27,29.6,1,95.68,102.29,105.72
PO-000279,2025-01-27,SUP-023,CMP-008,5732,5732,62,17.91,1,95.68,102.29,105.72
PO-001031,2025-01-27,SUP-021,CMP-004,3040,3040,44,73.58,1,95.68,102.29,105.72
PO-000172,2025-01-28,SUP-045,CMP-004,4720,4720,4,78.68,-3,95.63,102.36,105.73
PO-000453,2025-01-28,SUP-010,CMP-000,4548,4548,14,30.81,0,95.63,102.36,105.73
PO-002409,2025-01-28,SUP-019,CMP-004,1065,1065,7,77.85,-4,95.63,102.36,105.73
PO-004534,2025-01-28,SUP-021,CMP-003,5580,5580,67,7.52,-1,95.63,102.36,105.73
PO-002483,2025-01-28,SUP-015,CMP-005,934,934,14,118.82,7,95.63,102.36,105.73
PO-003639,2025-01-29,SUP-049,CMP-000,3352,3352,27,32.27,-1,95.57,102.43,105.75
PO-003187,2025-01-29,SUP-013,CMP-004,5226,5226,43,74.96,1,95.57,102.43,105.75
PO-000227,2025-01-29,SUP-024,CMP-002,3365,3365,88,4.59,0,95.57,102.43,105.75
PO-002494,2025-01-29,SUP-026,CMP-009,5127,5127,125,12.53,3,95.57,102.43,105.75
PO-000165,2025-01-29,SUP-039,CMP-007,2149,2149,29,42.18,5,95.57,102.43,105.75
PO-003783,2025-01-29,SUP-052,CMP-005,333,333,5,120.36,2,95.57,102.43,105.75
PO-002895,2025-01-29,SUP-018,CMP-001,3476,3476,48,9.35,2,95.57,102.43,105.75
PO-003666,2025-01-29,SUP-033,CMP-009,1359,1359,41,13.63,-3,95.57,102.43,105.75
PO-003308,2025-01-30,SUP-029,CMP-004,3779,3779,79,71.0,2,95.52,102.5,105.77
PO-001154,2025-01-30,SUP-040,CMP-005,2840,2840,6,125.59,3,95.52,102.5,105.77
PO-003247,2025-01-30,SUP-029,CMP-002,368,368,3,4.72,2,95.52,102.5,105.77
PO-000298,2025-01-31,SUP-020,CMP-009,5421,5421,97,13.12,2,95.46,102.58,105.79
PO-004419,2025-01-31,SUP-029,CMP-004,2205,2205,36,72.5,2,95.46,102.58,105.79
PO-002045,2025-01-31,SUP-015,CMP-000,1653,1653,57,31.5,8,95.46,102.58,105.79
PO-000047,2025-01-31,SUP-044,CMP-004,2760,2760,102,75.21,5,95.46,102.58,105.79
PO-002344,2025-01-31,SUP-052,CMP-004,3414,3414,47,70.58,-1,95.46,102.58,105.79
PO-003991,2025-01-31,SUP-029,CMP-008,5886,5886,78,19.08,2,95.46,102.58,105.79
PO-002117,2025-01-31,SUP-042,CMP-007,2135,2135,18,45.13,2,95.46,102.58,105.79
PO-002569,2025-02-01,SUP-000,CMP-000,4627,4627,117,32.29,4,95.41,102.65,105.81
PO-001015,2025-02-01,SUP-024,CMP-001,2165,2165,41,9.26,0,95.41,102.65,105.81
PO-004695,2025-02-01,SUP-053,CMP-006,4018,4018,44,27.8,-1,95.41,102.65,105.81
PO-001405,2025-02-01,SUP-033,CMP-000,4975,4975,220,32.41,1,95.41,102.65,105.81
PO-000942,2025-02-02,SUP-007,CMP-000,1130,1130,7,30.51,5,95.36,102.71,105.83
PO-001937,2025-02-02,SUP-038,CMP-009,2620,2620,27,12.65,4,95.36,102.71,105.83
PO-004183,2025-02-02,SUP-001,CMP-004,1788,1788,15,74.93,-3,95.36,102.71,105.83
PO-002946,2025-02-02,SUP-027,CMP-009,2316,2316,8,12.75,2,95.36,102.71,105.83
PO-002496,2025-02-03,SUP-014,CMP-000,2471,2471,10,31.7,0,95.31,102.78,105.86
PO-002526,2025-02-03,SUP-047,CMP-007,2959,2959,31,41.47,6,95.31,102.78,105.86
PO-002933,2025-02-03,SUP-001,CMP-004,4582,4582,40,73.83,3,95.31,102.78,105.86
PO-000254,2025-02-03,SUP-034,CMP-004,5329,5329,24,69.46,4,95.31,102.78,105.86
PO-000276,2025-02-03,SUP-050,CMP-001,1760,1760,28,9.5,0,95.31,102.78,105.86
PO-002755,2025-02-04,SUP-040,CMP-000,1493,1493,12,32.33,3,95.26,102.85,105.88
PO-003088,2025-02-04,SUP-018,CMP-009,954,954,17,13.58,2,95.26,102.85,105.88
PO-001153,2025-02-04,SUP-019,CMP-007,2064,2064,40,41.89,-3,95.26,102.85,105.88
PO-004067,2025-02-04,SUP-030,CMP-004,779,779,6,73.01,6,95.26,102.85,105.88
PO-001704,2025-02-04,SUP-000,CMP-007,3565,3565,30,42.72,2,95.26,102.85,105.88
PO-004337,2025-02-05,SUP-051,CMP-001,4589,4589,54,9.41,1,95.21,102.92,105.9
PO-001934,2025-02-05,SUP-050,CMP-007,4503,4503,51,43.53,0,95.21,102.92,105.9
PO-000987,2025-02-05,SUP-000,CMP-004,3047,3047,20,75.21,1,95.21,102.92,105.9
PO-004412,2025-02-05,SUP-031,CMP-009,4656,4656,133,13.0,2,95.21,102.92,105.9
PO-000461,2025-02-05,SUP-009,CMP-004,5707,5707,33,77.79,5,95.21,102.92,105.9
PO-002136,2025-02-05,SUP-015,CMP-004,1787,1787,23,76.39,5,95.21,102.92,105.9
PO-002310,2025-02-05,SUP-015,CMP-007,4771,4771,105,45.89,7,95.21,102.92,105.9
PO-004105,2025-02-05,SUP-031,CMP-007,1765,1765,16,45.31,1,95.21,102.92,105.9
PO-004619,2025-02-06,SUP-024,CMP-004,1654,1654,27,71.71,4,95.16,102.98,105.93
PO-001098,2025-02-06,SUP-029,CMP-009,4089,4089,65,12.29,4,95.16,102.98,105.93
PO-003573,2025-02-06,SUP-017,CMP-000,1885,1885,33,30.14,3,95.16,102.98,105.93
PO-001387,2025-02-06,SUP-041,CMP-009,1502,1502,21,12.9,1,95.16,102.98,105.93
PO-003363,2025-02-06,SUP-028,CMP-001,3162,3162,115,9.39,0,95.16,102.98,105.93
PO-001351,2025-02-06,SUP-040,CMP-009,5549,5549,29,13.76,1,95.16,102.98,105.93
PO-001968,2025-02-06,SUP-047,CMP-000,1970,1970,7,30.3,5,95.16,102.98,105.93
PO-002689,2025-02-06,SUP-034,CMP-007,2271,2271,11,46.55,1,95.16,102.98,105.93
PO-003492,2025-02-07,SUP-009,CMP-004,3353,3353,16,79.26,3,95.12,103.05,105.96
PO-000950,2025-02-07,SUP-018,CMP-004,2390,2390,44,71.72,4,95.12,103.05,105.96
PO-003741,2025-02-07,SUP-021,CMP-004,2167,2167,21,70.46,5,95.12,103.05,105.96
PO-002357,2025-02-07,SUP-002,CMP-002,1855,1855,36,4.75,-2,95.12,103.05,105.96
PO-004008,2025-02-07,SUP-051,CMP-003,3315,3315,70,6.91,-3,95.12,103.05,105.96
PO-004480,2025-02-08,SUP-002,CMP-006,3690,3690,107,28.63,-3,95.07,103.11,105.98
PO-002611,2025-02-08,SUP-007,CMP-000,4814,4814,82,29.35,6,95.07,103.11,105.98
PO-003927,2025-02-08,SUP-038,CMP-003,3677,3677,56,7.25,0,95.07,103.11,105.98
PO-001327,2025-02-08,SUP-044,CMP-002,5665,5665,61,5.05,1,95.07,103.11,105.98
PO-000136,2025-02-08,SUP-037,CMP-004,1671,1671,16,70.36,0,95.07,103.11,105.98
PO-004504,2025-02-08,SUP-048,CMP-007,1914,1914,4,41.37,0,95.07,103.11,105.98
PO-003830,2025-02-08,SUP-015,CMP-004,5381,5381,88,75.77,5,95.07,103.11,105.98
PO-003751,2025-02-09,SUP-045,CMP-004,381,381,1,72.44,2,95.02,103.18,106.01
PO-002491,2025-02-10,SUP-026,CMP-001,638,638,23,10.2,1,94.98,103.24,106.04
PO-000832,2025-02-10,SUP-040,CMP-000,1567,1567,5,30.22,-2,94.98,103.24,106.04
PO-002391,2025-02-10,SUP-010,CMP-001,378,378,4,10.09,-2,94.98,103.24,106.04
PO-001577,2025-02-10,SUP-038,CMP-004,1912,1912,86,75.91,4,94.98,103.24,106.04
PO-000962,2025-02-10,SUP-032,CMP-001,503,503,8,8.96,-1,94.98,103.24,106.04
PO-003555,2025-02-11,SUP-053,CMP-005,4780,4780,79,118.84,-3,94.93,103.3,106.07
PO-001708,2025-02-11,SUP-013,CMP-004,339,339,6,72.58,2,94.93,103.3,106.07
PO-002041,2025-02-11,SUP-019,CMP-004,4173,4173,79,69.5,1,94.93,103.3,106.07
PO-001880,2025-02-11,SUP-034,CMP-005,1267,1267,6,124.35,1,94.93,103.3,106.07
PO-001074,2025-02-11,SUP-008,CMP-005,2451,2451,70,121.95,4,94.93,103.3,106.07
PO-004216,2025-02-12,SUP-003,CMP-003,1707,1707,69,7.55,2,94.89,103.36,106.1
PO-000570,2025-02-12,SUP-017,CMP-006,5328,5328,63,28.69,0,94.89,103.36,106.1
PO-001373,2025-02-12,SUP-000,CMP-001,3846,3846,29,9.49,1,94.89,103.36,106.1
PO-004643,2025-02-13,SUP-021,CMP-005,495,495,12,116.43,3,94.85,103.42,106.13
PO-002425,2025-02-13,SUP-042,CMP-005,2378,2378,26,121.54,1,94.85,103.42,106.13
PO-001060,2025-02-13,SUP-033,CMP-003,3062,3062,66,7.29,-1,94.85,103.42,106.13
PO-001265,2025-02-13,SUP-047,CMP-002,5116,5116,22,4.9,6,94.85,103.42,106.13
PO-004565,2025-02-14,SUP-003,CMP-006,1802,1802,33,29.17,4,94.81,103.48,106.17
PO-002204,2025-02-15,SUP-028,CMP-009,3518,3518,45,13.8,-4,94.76,103.54,106.2
PO-004510,2025-02-15,SUP-053,CMP-000,3645,3645,36,30.57,1,94.76,103.54,106.2
PO-001950,2025-02-15,SUP-023,CMP-005,876,876,4,118.27,0,94.76,103.54,106.2
PO-003637,2025-02-15,SUP-017,CMP-008,2266,2266,47,19.64,0,94.76,103.54,106.2
PO-001793,2025-02-15,SUP-041,CMP-009,627,627,6,13.18,0,94.76,103.54,106.2
PO-002009,2025-02-16,SUP-032,CMP-007,2787,2787,38,42.28,1,94.72,103.59,106.23
PO-003896,2025-02-16,SUP-017,CMP-003,435,435,6,9.14,0,94.72,103.59,106.23
PO-004655,2025-02-16,SUP-002,CMP-000,2061,2061,84,29.42,1,94.72,103.59,106.23
PO-004009,2025-02-16,SUP-050,CMP-000,3075,3075,23,30.65,0,94.72,103.59,106.23
PO-000551,2025-02-17,SUP-023,CMP-007,5749,5749,41,42.46,0,94.68,103.65,106.27
PO-002729,2025-02-17,SUP-005,CMP-000,3243,3243,33,30.57,2,94.68,103.65,106.27
PO-002834,2025-02-17,SUP-009,CMP-004,5129,5129,50,73.17,3,94.68,103.65,106.27
PO-001447,2025-02-17,SUP-019,CMP-009,5514,5514,165,13.19,1,94.68,103.65,106.27
PO-001384,2025-02-17,SUP-036,CMP-007,2253,2253,22,45.57,3,94.68,103.65,106.27
PO-003471,2025-02-17,SUP-009,CMP-003,4050,4050,29,7.46,2,94.68,103.65,106.27
PO-002923,2025-02-17,SUP-022,CMP-004,4397,4397,157,69.13,2,94.68,103.65,106.27
PO-003129,2025-02-18,SUP-000,CMP-004,5666,5666,82,71.24,-1,94.65,103.7,106.3
PO-001445,2025-02-18,SUP-034,CMP-004,5819,5819,32,73.03,1,94.65,103.7,106.3
PO-003733,2025-02-18,SUP-032,CMP-005,2701,2701,31,118.15,1,94.65,103.7,106.3
PO-000286,2025-02-18,SUP-030,CMP-002,1911,1911,25,4.9,0,94.65,103.7,106.3
PO-001619,2025-02-19,SUP-034,CMP-002,294,294,2,4.62,2,94.61,103.76,106.34
PO-003819,2025-02-19,SUP-047,CMP-000,3933,3933,7,31.73,10,94.61,103.76,106.34
PO-002775,2025-02-19,SUP-008,CMP-008,324,324,3,19.03,1,94.61,103.76,106.34
PO-002779,2025-02-19,SUP-006,CMP-000,430,430,5,28.64,2,94.61,103.76,106.34
PO-003675,2025-02-19,SUP-011,CMP-005,646,646,28,117.8,4,94.61,103.76,106.34
PO-001123,2025-02-19,SUP-010,CMP-004,1884,1884,16,76.76,2,94.61,103.76,106.34
PO-001913,2025-02-20,SUP-035,CMP-008,1463,1463,13,19.05,4,94.57,103.81,106.38
PO-003392,2025-02-20,SUP-020,CMP-004,4620,4620,37,70.39,1,94.57,103.81,106.38
PO-003963,2025-02-20,SUP-032,CMP-007,4123,4123,74,44.61,5,94.57,103.81,106.38
PO-004356,2025-02-20,SUP-048,CMP-007,1509,1509,10,44.38,0,94.57,103.81,106.38
PO-004441,2025-02-20,SUP-004,CMP-008,2549,2549,83,18.23,1,94.57,103.81,106.38
PO-001541,2025-02-20,SUP-024,CMP-003,3529,3529,41,7.68,0,94.57,103.81,106.38
PO-002613,2025-02-21,SUP-029,CMP-007,5225,5225,91,42.51,0,94.54,103.86,106.41
PO-004022,2025-02-21,SUP-013,CMP-004,3259,3259,54,76.38,2,94.54,103.86,106.41
PO-003192,2025-02-21,SUP-053,CMP-002,2550,2550,48,4.97,1,94.54,103.86,106.41
PO-000463,2025-02-21,SUP-022,CMP-004,5074,5074,35,69.85,2,94.54,103.86,106.41
PO-002873,2025-02-21,SUP-036,CMP-004,2673,2673,9,73.55,3,94.54,103.86,106.41
PO-003525,2025-02-21,SUP-006,CMP-007,2199,2199,27,42.65,-1,94.54,103.86,106.41
PO-003352,2025-02-21,SUP-028,CMP-001,3601,3601,67,10.13,-2,94.54,103.86,106.41
PO-001298,2025-02-21,SUP-052,CMP-000,5019,5019,137,30.79,5,94.54,103.86,106.41
PO-003059,2025-02-21,SUP-042,CMP-006,1391,1391,16,29.63,1,94.54,103.86,106.41
PO-003225,2025-02-22,SUP-009,CMP-009,1365,1365,20,12.68,7,94.5,103.91,106.45
PO-004581,2025-02-22,SUP-010,CMP-000,2737,2737,46,32.13,-4,94.5,103.91,106.45
PO-004447,2025-02-22,SUP-005,CMP-000,3615,3615,74,29.4,5,94.5,103.91,106.45
PO-003898,2025-02-22,SUP-051,CMP-000,2923,2923,81,31.18,2,94.5,103.91,106.45
PO-001505,2025-02-22,SUP-039,CMP-007,1976,1976,33,43.15,0,94.5,103.91,106.45
PO-003451,2025-02-23,SUP-003,CMP-004,5974,5974,144,73.26,0,94.47,103.96,106.49
PO-003995,2025-02-23,SUP-022,CMP-007,2537,2537,13,42.85,-2,94.47,103.96,106.49
PO-002829,2025-02-23,SUP-009,CMP-007,4231,4231,62,43.22,6,94.47,103.96,106.49
PO-003513,2025-02-23,SUP-016,CMP-004,3350,3350,34,71.32,3,94.47,103.96,106.49
PO-004030,2025-02-23,SUP-010,CMP-005,4600,4600,41,114.92,2,94.47,103.96,106.49
PO-001836,2025-02-24,SUP-001,CMP-002,1998,1998,32,5.35,-1,94.43,104.01,106.53
PO-002467,2025-02-24,SUP-013,CMP-001,3488,3488,41,9.93,-1,94.43,104.01,106.53
PO-003679,2025-02-24,SUP-044,CMP-008,1779,1779,19,19.11,-2,94.43,104.01,106.53
PO-004087,2025-02-24,SUP-001,CMP-008,1134,1134,22,17.41,2,94.43,104.01,106.53
PO-002099,2025-02-24,SUP-014,CMP-006,2855,2855,17,28.12,1,94.43,104.01,106.53
PO-001454,2025-02-24,SUP-036,CMP-003,1674,1674,18,7.61,2,94.43,104.01,106.53
PO-004086,2025-02-24,SUP-050,CMP-001,5097,5097,207,9.21,3,94.43,104.01,106.53
PO-002140,2025-02-24,SUP-045,CMP-004,1704,1704,6,72.73,0,94.43,104.01,106.53
PO-003631,2025-02-25,SUP-021,CMP-003,1638,1638,12,7.25,0,94.4,104.05,106.57
PO-004103,2025-02-25,SUP-020,CMP-002,2194,2194,31,4.91,3,94.4,104.05,106.57
PO-003138,2025-02-26,SUP-036,CMP-005,4204,4204,47,115.36,1,94.37,104.1,106.61
PO-003351,2025-02-26,SUP-006,CMP-006,4508,4508,53,28.33,2,94.37,104.1,106.61
PO-002980,2025-02-26,SUP-012,CMP-004,3031,3031,19,73.02,0,94.37,104.1,106.61
PO-001180,2025-02-26,SUP-003,CMP-001,2068,2068,39,9.77,-3,94.37,104.1,106.61
PO-001261,2025-02-26,SUP-032,CMP-003,4320,4320,67,7.12,1,94.37,104.1,106.61
PO-002891,2025-02-27,SUP-009,CMP-004,189,189,6,76.51,0,94.34,104.15,106.65
PO-000291,2025-02-27,SUP-053,CMP-007,5878,5878,81,43.19,1,94.34,104.15,106.65
PO-004401,2025-02-27,SUP-027,CMP-007,5562,5562,11,42.68,4,94.34,104.15,106.65
PO-003051,2025-02-27,SUP-044,CMP-000,622,622,8,29.86,0,94.34,104.15,106.65
PO-000194,2025-02-27,SUP-039,CMP-004,1248,1248,4,71.28,1,94.34,104.15,106.65
PO-002122,2025-02-28,SUP-037,CMP-008,379,379,2,18.0,2,94.31,104.19,106.7
PO-000529,2025-02-28,SUP-049,CMP-006,1345,1345,28,28.71,1,94.31,104.19,106.7
PO-004742,2025-02-28,SUP-014,CMP-006,5194,5194,36,29.43,-2,94.31,104.19,106.7
PO-002744,2025-02-28,SUP-002,CMP-004,2017,2017,57,70.93,4,94.31,104.19,106.7
PO-001594,2025-02-28,SUP-042,CMP-000,5378,5378,140,30.68,3,94.31,104.19,106.7
PO-000427,2025-02-28,SUP-044,CMP-004,2661,2661,50,74.24,1,94.31,104.19,106.7
PO-001677,2025-02-28,SUP-050,CMP-006,1387,1387,35,28.86,-2,94.31,104.19,106.7
PO-002447,2025-03-01,SUP-036,CMP-004,3193,3193,21,74.06,-1,94.28,104.23,106.74
PO-001066,2025-03-01,SUP-015,CMP-000,3949,3949,64,29.77,9,94.28,104.23,106.74
PO-003375,2025-03-01,SUP-036,CMP-004,1564,1564,19,73.36,2,94.28,104.23,106.74
PO-004317,2025-03-01,SUP-019,CMP-007,2162,2162,99,41.04,3,94.28,104.23,106.74
PO-000900,2025-03-01,SUP-017,CMP-007,1651,1651,31,45.05,1,94.28,104.23,106.74
PO-004692,2025-03-01,SUP-003,CMP-007,4612,4612,81,43.59,3,94.28,104.23,106.74
PO-000585,2025-03-01,SUP-049,CMP-009,1675,1675,36,12.77,6,94.28,104.23,106.74
PO-001738,2025-03-02,SUP-036,CMP-004,542,542,1,72.44,6,94.25,104.27,106.78
PO-003728,2025-03-02,SUP-022,CMP-000,5081,5081,37,29.62,-1,94.25,104.27,106.78
PO-002684,2025-03-02,SUP-032,CMP-004,4190,4190,65,72.92,4,94.25,104.27,106.78
PO-002174,2025-03-02,SUP-023,CMP-009,5069,5069,30,13.33,1,94.25,104.27,106.78
PO-004032,2025-03-02,SUP-016,CMP-007,3120,3120,38,44.53,4,94.25,104.27,106.78
PO-001517,2025-03-02,SUP-030,CMP-004,1296,1296,13,74.58,1,94.25,104.27,106.78
PO-004712,2025-03-03,SUP-019,CMP-004,2246,2246,29,72.19,0,94.22,104.31,106.83
PO-003981,2025-03-03,SUP-019,CMP-009,3323,3323,27,12.75,1,94.22,104.31,106.83
PO-002553,2025-03-03,SUP-044,CMP-007,4548,4548,104,43.92,-1,94.22,104.31,106.83
PO-002018,2025-03-03,SUP-008,CMP-007,2647,2647,26,43.5,0,94.22,104.31,106.83
PO-004014,2025-03-03,SUP-045,CMP-004,3555,3555,14,73.31,4,94.22,104.31,106.83
PO-003792,2025-03-03,SUP-013,CMP-002,2704,2704,22,5.05,-1,94.22,104.31,106.83
PO-004630,2025-03-03,SUP-015,CMP-004,1168,1168,36,75.88,9,94.22,104.31,106.83
PO-003727,2025-03-03,SUP-024,CMP-007,5510,5510,197,40.31,0,94.22,104.31,106.83
PO-002461,2025-03-03,SUP-052,CMP-005,2464,2464,33,123.69,3,94.22,104.31,106.83
PO-001470,2025-03-04,SUP-017,CMP-005,3474,3474,35,117.66,-2,94.2,104.35,106.87
PO-001848,2025-03-04,SUP-033,CMP-004,4056,4056,64,76.11,2,94.2,104.35,106.87
PO-003702,2025-03-04,SUP-002,CMP-001,5960,5960,219,9.9,2,94.2,104.35,106.87
PO-003226,2025-03-04,SUP-003,CMP-004,2874,2874,54,76.97,2,94.2,104.35,106.87
PO-001173,2025-03-04,SUP-012,CMP-004,4632,4632,157,73.36,-2,94.2,104.35,106.87
PO-000680,2025-03-04,SUP-016,CMP-007,3247,3247,57,45.22,0,94.2,104.35,106.87
PO-000399,2025-03-04,SUP-026,CMP-004,3770,3770,109,80.8,3,94.2,104.35,106.87
PO-002502,2025-03-04,SUP-027,CMP-001,3942,3942,26,9.68,1,94.2,104.35,106.87
PO-002955,2025-03-04,SUP-053,CMP-000,5437,5437,109,30.86,-3,94.2,104.35,106.87
PO-001391,2025-03-05,SUP-052,CMP-007,3554,3554,68,45.07,20,94.17,104.39,106.92
PO-003739,2025-03-05,SUP-032,CMP-000,3759,3759,30,29.33,7,94.17,104.39,106.92
PO-001104,2025-03-05,SUP-022,CMP-000,5990,5990,65,31.22,0,94.17,104.39,106.92
PO-004541,2025-03-05,SUP-033,CMP-007,5286,5286,120,45.15,1,94.17,104.39,106.92
PO-000256,2025-03-05,SUP-007,CMP-002,5735,5735,52,5.0,8,94.17,104.39,106.92
PO-000152,2025-03-05,SUP-015,CMP-007,3660,3660,973,43.42,3,94.17,104.39,106.92
PO-001846,2025-03-06,SUP-042,CMP-006,2420,2420,31,28.7,0,94.14,104.43,106.97
PO-000888,2025-03-06,SUP-016,CMP-009,2047,2047,30,13.0,2,94.14,104.43,106.97
PO-001130,2025-03-06,SUP-006,CMP-000,1623,1623,23,31.12,3,94.14,104.43,106.97
PO-004709,2025-03-06,SUP-034,CMP-005,4386,4386,12,114.22,0,94.14,104.43,106.97
PO-003145,2025-03-06,SUP-053,CMP-002,1067,1067,32,5.01,-2,94.14,104.43,106.97
PO-001034,2025-03-07,SUP-040,CMP-001,3988,3988,15,9.66,-1,94.12,104.46,107.01
PO-000970,2025-03-07,SUP-015,CMP-000,3874,3874,128,29.56,4,94.12,104.46,107.01
PO-001324,2025-03-07,SUP-031,CMP-000,5499,5499,37,29.82,1,94.12,104.46,107.01
PO-001789,2025-03-07,SUP-003,CMP-004,4857,4857,53,78.18,0,94.12,104.46,107.01
PO-000562,2025-03-07,SUP-019,CMP-008,370,370,6,18.03,1,94.12,104.46,107.01
PO-004413,2025-03-08,SUP-003,CMP-006,3861,3861,57,28.1,3,94.1,104.5,107.06
PO-001778,2025-03-08,SUP-017,CMP-004,1089,1089,25,76.53,-1,94.1,104.5,107.06
PO-004662,2025-03-09,SUP-042,CMP-004,3023,3023,30,73.13,4,94.07,104.53,107.11
PO-004197,2025-03-09,SUP-024,CMP-007,1742,1742,119,41.52,-2,94.07,104.53,107.11
PO-003085,2025-03-09,SUP-044,CMP-000,4817,4817,44,29.99,0,94.07,104.53,107.11
PO-002874,2025-03-09,SUP-019,CMP-002,4857,4857,50,4.85,4,94.07,104.53,107.11
PO-002949,2025-03-09,SUP-028,CMP-005,2274,2274,79,123.78,2,94.07,104.53,107.11
PO-001138,2025-03-10,SUP-046,CMP-005,5731,5731,142,113.14,-1,94.05,104.56,107.16
PO-004077,2025-03-10,SUP-026,CMP-007,3741,3741,93,45.1,-2,94.05,104.56,107.16
PO-002900,2025-03-10,SUP-007,CMP-000,2441,2441,36,29.25,-3,94.05,104.56,107.16
PO-003425,2025-03-10,SUP-019,CMP-003,2398,2398,44,7.78,2,94.05,104.56,107.16
PO-001536,2025-03-10,SUP-034,CMP-008,3208,3208,21,17.57,2,94.05,104.56,107.16
PO-001925,2025-03-11,SUP-019,CMP-006,2512,2512,52,28.83,-3,94.03,104.59,107.21
PO-001380,2025-03-11,SUP-010,CMP-000,1966,1966,22,31.73,0,94.03,104.59,107.21
PO-003419,2025-03-11,SUP-007,CMP-006,1901,1901,14,26.73,3,94.03,104.59,107.21
PO-001828,2025-03-11,SUP-049,CMP-005,4258,4258,19,117.85,0,94.03,104.59,107.21
PO-000716,2025-03-12,SUP-025,CMP-005,1796,1796,41,117.97,1,94.01,104.62,107.26
PO-000149,2025-03-12,SUP-001,CMP-008,2339,2339,7,19.11,1,94.01,104.62,107.26
PO-003448,2025-03-12,SUP-009,CMP-007,2043,2043,29,42.28,7,94.01,104.62,107.26
PO-000036,2025-03-12,SUP-042,CMP-007,2604,2604,44,42.07,2,94.01,104.62,107.26
PO-003595,2025-03-12,SUP-006,CMP-004,5891,5891,62,74.81,0,94.01,104.62,107.26
PO-002777,2025-03-12,SUP-013,CMP-000,1033,1033,24,28.58,3,94.01,104.62,107.26
PO-004332,2025-03-13,SUP-006,CMP-002,3360,3360,66,4.74,-1,93.99,104.65,107.31
PO-001546,2025-03-13,SUP-029,CMP-003,3603,3603,319,7.66,1,93.99,104.65,107.31
PO-004099,2025-03-13,SUP-035,CMP-009,1976,1976,33,13.06,8,93.99,104.65,107.31
PO-003756,2025-03-14,SUP-028,CMP-000,3222,3222,129,31.1,-2,93.97,104.68,107.36
PO-004214,2025-03-14,SUP-007,CMP-000,3745,3745,38,27.03,2,93.97,104.68,107.36
PO-002202,2025-03-14,SUP-002,CMP-003,2191,2191,71,7.18,-1,93.97,104.68,107.36
PO-003357,2025-03-15,SUP-023,CMP-004,4697,4697,32,71.44,0,93.96,104.71,107.41
PO-000705,2025-03-15,SUP-002,CMP-005,733,733,13,124.02,-2,93.96,104.71,107.41
PO-001665,2025-03-15,SUP-040,CMP-006,815,815,6,27.17,2,93.96,104.71,107.41
PO-003515,2025-03-15,SUP-010,CMP-007,4044,4044,13,45.18,-2,93.96,104.71,107.41
PO-000155,2025-03-15,SUP-043,CMP-004,3206,3206,93,71.51,6,93.96,104.71,107.41
PO-004536,2025-03-15,SUP-021,CMP-000,216,216,1,31.63,0,93.96,104.71,107.41
PO-004306,2025-03-15,SUP-042,CMP-004,4819,4819,77,76.68,1,93.96,104.71,107.41
PO-003092,2025-03-15,SUP-029,CMP-000,4280,4280,75,30.25,2,93.96,104.71,107.41
PO-000548,2025-03-15,SUP-027,CMP-006,640,640,3,28.12,7,93.96,104.71,107.41
PO-003911,2025-03-15,SUP-034,CMP-001,3058,3058,10,9.58,1,93.96,104.71,107.41
PO-002555,2025-03-16,SUP-026,CMP-004,4783,4783,90,71.85,2,93.94,104.73,107.46
PO-004531,2025-03-16,SUP-010,CMP-000,4617,4617,34,30.26,-1,93.94,104.73,107.46
PO-003002,2025-03-16,SUP-048,CMP-005,252,252,1,115.73,3,93.94,104.73,107.46
PO-004677,2025-03-17,SUP-049,CMP-000,667,667,10,30.3,0,93.92,104.75,107.51
PO-004259,2025-03-17,SUP-019,CMP-004,3199,3199,110,70.92,3,93.92,104.75,107.51
PO-000245,2025-03-17,SUP-033,CMP-000,1110,1110,18,30.82,-1,93.92,104.75,107.51
PO-001319,2025-03-17,SUP-035,CMP-004,4039,4039,13,75.73,4,93.92,104.75,107.51
PO-002307,2025-03-17,SUP-000,CMP-002,4949,4949,24,5.09,1,93.92,104.75,107.51
PO-002739,2025-03-17,SUP-041,CMP-006,672,672,8,27.76,-2,93.92,104.75,107.51
PO-001649,2025-03-17,SUP-009,CMP-000,822,822,6,29.17,3,93.92,104.75,107.51
PO-000111,2025-03-17,SUP-039,CMP-001,527,527,4,9.52,2,93.92,104.75,107.51
PO-000844,2025-03-17,SUP-039,CMP-008,5266,5266,46,18.57,-1,93.92,104.75,107.51
PO-002809,2025-03-18,SUP-048,CMP-000,5521,5521,29,31.21,1,93.91,104.78,107.57
PO-002638,2025-03-18,SUP-007,CMP-004,2773,2773,34,75.41,-1,93.91,104.78,107.57
PO-004114,2025-03-18,SUP-049,CMP-003,2357,2357,37,7.16,0,93.91,104.78,107.57
PO-000532,2025-03-18,SUP-010,CMP-005,1237,1237,3,122.99,0,93.91,104.78,107.57
PO-004295,2025-03-18,SUP-031,CMP-003,4624,4624,128,7.11,-2,93.91,104.78,107.57
PO-002228,2025-03-18,SUP-012,CMP-005,5578,5578,59,115.19,-2,93.91,104.78,107.57
PO-002064,2025-03-19,SUP-004,CMP-009,315,315,5,12.73,4,93.89,104.8,107.62
PO-002714,2025-03-19,SUP-006,CMP-006,417,417,8,27.5,-1,93.89,104.8,107.62
PO-003106,2025-03-19,SUP-043,CMP-006,5630,5630,33,29.51,5,93.89,104.8,107.62
PO-003103,2025-03-19,SUP-042,CMP-006,1062,1062,11,28.96,-2,93.89,104.8,107.62
PO-003974,2025-03-19,SUP-024,CMP-000,2575,2575,72,31.5,4,93.89,104.8,107.62
PO-001551,2025-03-19,SUP-000,CMP-006,4586,4586,176,28.65,3,93.89,104.8,107.62
PO-003806,2025-03-20,SUP-035,CMP-004,580,580,3,72.25,4,93.88,104.82,107.68
PO-003454,2025-03-20,SUP-052,CMP-000,5407,5407,62,32.0,5,93.88,104.82,107.68
PO-001394,2025-03-20,SUP-004,CMP-004,2170,2170,48,72.65,4,93.88,104.82,107.68
PO-004242,2025-03-20,SUP-039,CMP-000,1311,1311,12,28.94,-1,93.88,104.82,107.68
PO-001936,2025-03-20,SUP-015,CMP-004,4030,4030,130,74.55,6,93.88,104.82,107.68
PO-000170,2025-03-20,SUP-014,CMP-004,4112,4112,82,74.13,3,93.88,104.82,107.68
PO-004045,2025-03-21,SUP-020,CMP-003,684,684,6,7.22,2,93.87,104.84,107.73
PO-002767,2025-03-21,SUP-022,CMP-000,452,452,12,31.93,1,93.87,104.84,107.73
PO-003010,2025-03-21,SUP-030,CMP-000,3383,3383,82,30.1,1,93.87,104.84,107.73
PO-002290,2025-03-21,SUP-001,CMP-004,3339,3339,29,72.25,-1,93.87,104.84,107.73
PO-001539,2025-03-21,SUP-036,CMP-009,5969,5969,51,12.45,3,93.87,104.84,107.73
PO-001822,2025-03-21,SUP-042,CMP-008,1748,1748,32,19.33,0,93.87,104.84,107.73
PO-004481,2025-03-22,SUP-017,CMP-004,3951,3951,42,75.89,2,93.86,104.85,107.78
PO-000328,2025-03-22,SUP-021,CMP-002,3665,3665,67,4.76,0,93.86,104.85,107.78
PO-002157,2025-03-22,SUP-032,CMP-003,540,540,5,7.18,0,93.86,104.85,107.78
PO-000533,2025-03-22,SUP-008,CMP-000,2531,2531,11,31.0,-2,93.86,104.85,107.78
PO-000076,2025-03-22,SUP-043,CMP-001,4404,4404,32,10.64,1,93.86,104.85,107.78
PO-002231,2025-03-22,SUP-048,CMP-004,4348,4348,5,73.45,1,93.86,104.85,107.78
PO-000518,2025-03-22,SUP-053,CMP-005,4337,4337,11,120.05,0,93.86,104.85,107.78
PO-002905,2025-03-23,SUP-023,CMP-004,4928,4928,18,75.9,0,93.85,104.87,107.84
PO-002818,2025-03-23,SUP-009,CMP-007,5514,5514,29,42.39,0,93.85,104.87,107.84
PO-000210,2025-03-23,SUP-050,CMP-009,1518,1518,36,14.07,-3,93.85,104.87,107.84
PO-001808,2025-03-23,SUP-053,CMP-000,822,822,4,29.54,0,93.85,104.87,107.84
PO-001346,2025-03-23,SUP-047,CMP-008,3672,3672,8,18.9,6,93.85,104.87,107.84
PO-000744,2025-03-24,SUP-015,CMP-001,4434,4434,127,9.61,9,93.84,104.88,107.9
PO-003464,2025-03-24,SUP-003,CMP-001,1817,1817,59,9.77,-4,93.84,104.88,107.9
PO-004756,2025-03-24,SUP-007,CMP-005,2384,2384,43,122.14,8,93.84,104.88,107.9
PO-004751,2025-03-24,SUP-052,CMP-002,4491,4491,110,5.15,13,93.84,104.88,107.9
PO-001316,2025-03-24,SUP-028,CMP-000,3995,3995,48,30.53,29,93.84,104.88,107.9
PO-000316,2025-03-25,SUP-015,CMP-000,3464,3464,48,29.64,7,93.83,104.9,107.95
PO-003709,2025-03-25,SUP-044,CMP-006,2151,2151,31,29.84,1,93.83,104.9,107.95
PO-004305,2025-03-25,SUP-004,CMP-004,2641,2641,284,70.17,2,93.83,104.9,107.95
PO-002331,2025-03-25,SUP-024,CMP-004,2722,2722,30,72.62,0,93.83,104.9,107.95
PO-002694,2025-03-25,SUP-037,CMP-000,1418,1418,7,29.16,-4,93.83,104.9,107.95
PO-001032,2025-03-25,SUP-026,CMP-003,4798,4798,127,7.64,2,93.83,104.9,107.95
PO-000134,2025-03-25,SUP-005,CMP-003,819,819,17,7.52,0,93.83,104.9,107.95
PO-002700,2025-03-26,SUP-033,CMP-007,4741,4741,47,45.51,-4,93.82,104.91,108.01
PO-001545,2025-03-26,SUP-036,CMP-007,3432,3432,36,42.15,4,93.82,104.91,108.01
PO-003056,2025-03-26,SUP-004,CMP-000,4115,4115,78,29.14,1,93.82,104.91,108.01
PO-001890,2025-03-26,SUP-041,CMP-005,5005,5005,86,108.73,-1,93.82,104.91,108.01
PO-002910,2025-03-26,SUP-019,CMP-009,2105,2105,37,12.8,-3,93.82,104.91,108.01
PO-001462,2025-03-26,SUP-005,CMP-004,2031,2031,37,71.58,-1,93.82,104.91,108.01
PO-002345,2025-03-26,SUP-013,CMP-004,1295,1295,14,77.03,7,93.82,104.91,108.01
PO-002107,2025-03-26,SUP-017,CMP-000,1963,1963,21,32.07,0,93.82,104.91,108.01
PO-003170,2025-03-27,SUP-010,CMP-001,4329,4329,19,9.66,4,93.81,104.92,108.06
PO-002442,2025-03-27,SUP-008,CMP-003,2688,2688,78,7.55,8,93.81,104.92,108.06
PO-004427,2025-03-27,SUP-034,CMP-007,5668,5668,18,44.32,0,93.81,104.92,108.06
PO-004384,2025-03-27,SUP-031,CMP-006,1870,1870,40,29.68,4,93.81,104.92,108.06
PO-004734,2025-03-27,SUP-046,CMP-007,2849,2849,39,44.83,2,93.81,104.92,108.06
PO-002836,2025-03-28,SUP-033,CMP-005,4155,4155,149,123.45,2,93.8,104.93,108.12
PO-000815,2025-03-28,SUP-008,CMP-004,4156,4156,71,73.77,2,93.8,104.93,108.12
PO-000651,2025-03-28,SUP-022,CMP-002,2236,2236,20,5.02,1,93.8,104.93,108.12
PO-002583,2025-03-28,SUP-033,CMP-008,3435,3435,117,19.04,-4,93.8,104.93,108.12
PO-003358,2025-03-28,SUP-053,CMP-001,4051,4051,73,9.83,2,93.8,104.93,108.12
PO-000428,2025-03-28,SUP-048,CMP-003,2731,2731,5,7.77,-2,93.8,104.93,108.12
PO-000598,2025-03-28,SUP-010,CMP-000,5427,5427,21,31.23,-3,93.8,104.93,108.12
PO-000523,2025-03-28,SUP-025,CMP-006,786,786,19,28.31,2,93.8,104.93,108.12
PO-003300,2025-03-28,SUP-038,CMP-004,209,209,2,70.59,1,93.8,104.93,108.12
PO-004340,2025-03-29,SUP-032,CMP-008,4644,4644,102,18.47,0,93.8,104.94,108.18
PO-004174,2025-03-29,SUP-047,CMP-005,553,553,3,126.66,1,93.8,104.94,108.18
PO-000180,2025-03-29,SUP-024,CMP-006,5932,5932,56,29.83,1,93.8,104.94,108.18
PO-000605,2025-03-30,SUP-004,CMP-000,1518,1518,40,31.05,2,93.79,104.95,108.24
PO-004363,2025-03-30,SUP-012,CMP-008,2659,2659,74,17.85,4,93.79,104.95,108.24
PO-002881,2025-03-30,SUP-012,CMP-007,3531,3531,151,41.82,3,93.79,104.95,108.24
PO-002067,2025-03-31,SUP-007,CMP-007,3339,3339,35,41.12,3,93.79,104.95,108.29
PO-000646,2025-03-31,SUP-001,CMP-004,2653,2653,13,72.87,0,93.79,104.95,108.29
PO-004530,2025-04-01,SUP-025,CMP-008,816,816,28,17.72,4,93.79,104.96,108.35
PO-000557,2025-04-01,SUP-005,CMP-004,2609,2609,46,77.93,1,93.79,104.96,108.35
PO-004443,2025-04-01,SUP-006,CMP-004,3666,3666,38,70.78,1,93.79,104.96,108.35
PO-001492,2025-04-01,SUP-014,CMP-004,4641,4641,38,68.93,0,93.79,104.96,108.35
PO-004006,2025-04-01,SUP-032,CMP-005,3402,3402,73,109.65,4,93.79,104.96,108.35
PO-001085,2025-04-02,SUP-012,CMP-004,392,392,8,72.29,-1,93.78,104.96,108.41
PO-003040,2025-04-02,SUP-002,CMP-004,2384,2384,115,69.17,-3,93.78,104.96,108.41
PO-002798,2025-04-03,SUP-004,CMP-006,1005,1005,9,28.08,1,93.78,104.97,108.47
PO-002790,2025-04-03,SUP-034,CMP-004,4017,4017,9,71.01,-1,93.78,104.97,108.47
PO-002716,2025-04-03,SUP-053,CMP-009,4705,4705,46,13.71,0,93.78,104.97,108.47
PO-003553,2025-04-03,SUP-012,CMP-007,4317,4317,45,44.79,1,93.78,104.97,108.47
PO-001283,2025-04-03,SUP-012,CMP-006,908,908,12,27.8,1,93.78,104.97,108.47
PO-001617,2025-04-04,SUP-016,CMP-001,5430,5430,53,9.54,5,93.78,104.97,108.53
PO-002060,2025-04-04,SUP-001,CMP-000,3195,3195,22,32.01,-1,93.78,104.97,108.53
PO-000237,2025-04-04,SUP-012,CMP-004,1663,1663,17,69.66,1,93.78,104.97,108.53
PO-002707,2025-04-04,SUP-025,CMP-000,3800,3800,40,29.63,6,93.78,104.97,108.53
PO-004003,2025-04-04,SUP-051,CMP-009,4825,4825,42,13.9,1,93.78,104.97,108.53
PO-004265,2025-04-04,SUP-011,CMP-005,5737,5737,101,120.08,3,93.78,104.97,108.53
PO-002305,2025-04-04,SUP-001,CMP-004,4878,4878,41,71.67,1,93.78,104.97,108.53
PO-003043,2025-04-04,SUP-033,CMP-004,1757,1757,20,73.6,1,93.78,104.97,108.53
PO-003978,2025-04-05,SUP-040,CMP-000,1476,1476,7,28.08,-1,93.78,104.97,108.59
PO-001289,2025-04-05,SUP-015,CMP-007,5832,5832,71,43.55,6,93.78,104.97,108.59
PO-004224,2025-04-05,SUP-010,CMP-001,5469,5469,17,10.34,6,93.78,104.97,108.59
PO-004221,2025-04-05,SUP-009,CMP-004,4756,4756,23,71.81,1,93.78,104.97,108.59
PO-003934,2025-04-05,SUP-039,CMP-005,3448,3448,30,117.39,0,93.78,104.97,108.59
PO-001150,2025-04-05,SUP-016,CMP-002,2529,2529,41,5.14,1,93.78,104.97,108.59
PO-004278,2025-04-05,SUP-046,CMP-004,5269,5269,108,73.82,5,93.78,104.97,108.59
PO-003917,2025-04-05,SUP-018,CMP-005,2083,2083,21,122.86,0,93.78,104.97,108.59
PO-004466,2025-04-05,SUP-041,CMP-003,2171,2171,19,7.37,-1,93.78,104.97,108.59
PO-001221,2025-04-06,SUP-004,CMP-000,2707,2707,41,32.64,3,93.78,104.97,108.65
PO-000933,2025-04-06,SUP-031,CMP-007,215,215,4,44.4,-1,93.78,104.97,108.65
PO-003880,2025-04-06,SUP-019,CMP-004,1783,1783,75,73.41,0,93.78,104.97,108.65
PO-002919,2025-04-06,SUP-018,CMP-006,1973,1973,110,29.99,2,93.78,104.97,108.65
PO-001885,2025-04-06,SUP-019,CMP-003,5740,5740,87,7.83,-2,93.78,104.97,108.65
PO-001942,2025-04-06,SUP-041,CMP-007,201,201,7,43.38,3,93.78,104.97,108.65
PO-000725,2025-04-06,SUP-002,CMP-000,1037,1037,15,29.93,2,93.78,104.97,108.65
PO-003292,2025-04-06,SUP-048,CMP-003,599,599,2,7.55,0,93.78,104.97,108.65
PO-002956,2025-04-07,SUP-032,CMP-006,5750,5750,39,29.22,1,93.78,104.97,108.71
PO-004532,2025-04-07,SUP-044,CMP-000,476,476,4,31.59,-2,93.78,104.97,108.71
PO-001929,2025-04-07,SUP-038,CMP-004,2823,2823,30,74.82,0,93.78,104.97,108.71
PO-001118,2025-04-07,SUP-025,CMP-000,599,599,3,29.32,2,93.78,104.97,108.71
PO-002066,2025-04-07,SUP-015,CMP-004,5088,5088,304,74.14,6,93.78,104.97,108.71
PO-001134,2025-04-07,SUP-033,CMP-000,1184,1184,26,32.1,-3,93.78,104.97,108.71
PO-000182,2025-04-08,SUP-031,CMP-004,904,904,11,71.71,2,93.78,104.96,108.77
PO-000407,2025-04-08,SUP-022,CMP-006,988,988,7,28.18,-4,93.78,104.96,108.77
PO-001995,2025-04-08,SUP-051,CMP-003,2743,2743,49,7.27,0,93.78,104.96,108.77
PO-002845,2025-04-08,SUP-046,CMP-003,5014,5014,85,7.02,2,93.78,104.96,108.77
PO-001755,2025-04-09,SUP-032,CMP-006,1825,1825,36,30.36,-2,93.79,104.96,108.83
PO-003562,2025-04-09,SUP-024,CMP-005,4859,4859,97,125.86,-1,93.79,104.96,108.83
PO-000236,2025-04-09,SUP-039,CMP-008,5303,5303,65,17.02,1,93.79,104.96,108.83
PO-002032,2025-04-09,SUP-037,CMP-004,3040,3040,62,72.0,0,93.79,104.96,108.83
PO-003887,2025-04-09,SUP-033,CMP-005,4683,4683,85,112.93,-3,93.79,104.96,108.83
PO-003124,2025-04-10,SUP-017,CMP-004,3010,3010,35,73.93,-2,93.79,104.95,108.89
PO-002528,2025-04-10,SUP-052,CMP-007,2309,2309,79,43.83,1,93.79,104.95,108.89
PO-001064,2025-04-10,SUP-019,CMP-003,4513,4513,110,7.72,-4,93.79,104.95,108.89
PO-003913,2025-04-11,SUP-017,CMP-003,4942,4942,45,7.57,-2,93.8,104.94,108.95
PO-004129,2025-04-11,SUP-013,CMP-004,1838,1838,27,74.74,0,93.8,104.94,108.95
PO-002743,2025-04-11,SUP-028,CMP-003,4575,4575,36,7.41,1,93.8,104.94,108.95
PO-001035,2025-04-11,SUP-048,CMP-002,2041,2041,4,4.68,-1,93.8,104.94,108.95
PO-004667,2025-04-12,SUP-049,CMP-009,3048,3048,36,12.85,0,93.8,104.94,109.01
PO-000346,2025-04-12,SUP-008,CMP-004,781,781,19,71.58,1,93.8,104.94,109.01
PO-000853,2025-04-12,SUP-013,CMP-000,3022,3022,67,32.16,1,93.8,104.94,109.01
PO-002548,2025-04-12,SUP-000,CMP-009,3482,3482,16,15.52,0,93.8,104.94,109.01
PO-004754,2025-04-12,SUP-012,CMP-006,4588,4588,33,27.81,1,93.8,104.94,109.01
PO-004169,2025-04-12,SUP-042,CMP-004,1847,1847,19,73.6,2,93.8,104.94,109.01
PO-003613,2025-04-12,SUP-029,CMP-003,1385,1385,14,6.89,2,93.8,104.94,109.01
PO-002207,2025-04-12,SUP-001,CMP-009,4312,4312,25,13.67,-2,93.8,104.94,109.01
PO-002520,2025-04-12,SUP-029,CMP-000,4154,4154,78,28.79,1,93.8,104.94,109.01
PO-004069,2025-04-13,SUP-034,CMP-006,3228,3228,12,31.74,0,93.81,104.93,109.07
PO-002482,2025-04-13,SUP-043,CMP-005,5685,5685,71,116.94,2,93.81,104.93,109.07
PO-004253,2025-04-13,SUP-043,CMP-009,548,548,3,13.76,1,93.81,104.93,109.07
PO-000337,2025-04-13,SUP-033,CMP-004,2471,2471,61,71.14,1,93.81,104.93,109.07
PO-001080,2025-04-13,SUP-031,CMP-004,5938,5938,51,71.03,4,93.81,104.93,109.07
PO-002024,2025-04-13,SUP-045,CMP-000,5226,5226,41,31.67,-1,93.81,104.93,109.07
PO-002886,2025-04-14,SUP-041,CMP-006,5673,5673,78,31.22,2,93.81,104.92,109.13
PO-004222,2025-04-14,SUP-020,CMP-000,5536,5536,42,31.85,4,93.81,104.92,109.13
PO-001048,2025-04-14,SUP-032,CMP-007,4116,4116,101,44.44,6,93.81,104.92,109.13
PO-000678,2025-04-14,SUP-006,CMP-009,795,795,11,12.28,0,93.81,104.92,109.13
PO-003862,2025-04-14,SUP-053,CMP-002,3366,3366,48,5.34,2,93.81,104.92,109.13
PO-004698,2025-04-14,SUP-041,CMP-000,2665,2665,28,30.06,3,93.81,104.92,109.13
PO-003409,2025-04-14,SUP-051,CMP-004,3695,3695,59,73.04,0,93.81,104.92,109.13
PO-000158,2025-04-15,SUP-047,CMP-007,3796,3796,21,42.87,4,93.82,104.91,109.19
PO-002733,2025-04-15,SUP-025,CMP-007,5276,5276,99,43.07,1,93.82,104.91,109.19
PO-000007,2025-04-15,SUP-018,CMP-006,5158,5158,31,29.7,-1,93.82,104.91,109.19
PO-003914,2025-04-15,SUP-053,CMP-004,5662,5662,83,71.09,4,93.82,104.91,109.19
PO-000064,2025-04-15,SUP-046,CMP-004,2657,2657,48,75.38,2,93.82,104.91,109.19
PO-004324,2025-04-15,SUP-036,CMP-000,1003,1003,13,31.02,6,93.82,104.91,109.19
PO-004369,2025-04-16,SUP-052,CMP-004,5037,5037,240,75.25,1,93.83,104.89,109.25
PO-003302,2025-04-16,SUP-032,CMP-005,1777,1777,47,116.32,-1,93.83,104.89,109.25
PO-000742,2025-04-16,SUP-039,CMP-004,1266,1266,6,75.65,-1,93.83,104.89,109.25
PO-003718,2025-04-16,SUP-005,CMP-002,4943,4943,69,5.9,4,93.83,104.89,109.25
PO-004394,2025-04-16,SUP-029,CMP-004,5191,5191,103,71.6,-1,93.83,104.89,109.25
PO-002961,2025-04-16,SUP-027,CMP-007,5601,5601,24,44.0,-1,93.83,104.89,109.25
PO-000002,2025-04-17,SUP-000,CMP-005,3956,3956,54,121.01,-1,93.84,104.88,109.32
PO-004715,2025-04-17,SUP-032,CMP-004,5989,5989,58,70.49,0,93.84,104.88,109.32
PO-004429,2025-04-17,SUP-003,CMP-001,2068,2068,73,9.87,1,93.84,104.88,109.32
PO-001895,2025-04-17,SUP-006,CMP-002,2412,2412,22,4.87,1,93.84,104.88,109.32
PO-003541,2025-04-17,SUP-049,CMP-000,4313,4313,48,28.24,2,93.84,104.88,109.32
PO-004704,2025-04-17,SUP-002,CMP-008,1149,1149,23,18.39,1,93.84,104.88,109.32
PO-001563,2025-04-18,SUP-004,CMP-006,4504,4504,106,27.8,5,93.85,104.86,109.38
PO-000448,2025-04-18,SUP-042,CMP-004,4865,4865,42,76.8,4,93.85,104.86,109.38
PO-002717,2025-04-18,SUP-049,CMP-007,964,964,10,43.25,3,93.85,104.86,109.38
PO-000282,2025-04-18,SUP-003,CMP-000,4442,4442,129,31.17,0,93.85,104.86,109.38
PO-001940,2025-04-18,SUP-051,CMP-000,519,519,17,30.97,-2,93.85,104.86,109.38
PO-001603,2025-04-18,SUP-027,CMP-002,2677,2677,6,5.05,5,93.85,104.86,109.38
PO-003755,2025-04-19,SUP-007,CMP-008,5408,5408,28,17.95,7,93.86,104.85,109.44
PO-001436,2025-04-19,SUP-019,CMP-005,2237,2237,16,125.36,1,93.86,104.85,109.44
PO-001650,2025-04-19,SUP-017,CMP-000,1674,1674,12,30.02,1,93.86,104.85,109.44
PO-003506,2025-04-19,SUP-034,CMP-004,5608,5608,15,73.75,1,93.86,104.85,109.44
PO-001354,2025-04-19,SUP-036,CMP-003,4866,4866,44,7.78,0,93.86,104.85,109.44
PO-001632,2025-04-19,SUP-025,CMP-004,4323,4323,87,70.13,5,93.86,104.85,109.44
PO-001318,2025-04-19,SUP-046,CMP-009,5733,5733,182,12.78,1,93.86,104.85,109.44
PO-002797,2025-04-20,SUP-004,CMP-004,5626,5626,149,76.87,-2,93.87,104.83,109.5
PO-003215,2025-04-20,SUP-022,CMP-007,5926,5926,70,42.57,0,93.87,104.83,109.5
PO-003754,2025-04-20,SUP-009,CMP-004,4815,4815,80,73.11,5,93.87,104.83,109.5
PO-000581,2025-04-20,SUP-007,CMP-001,1727,1727,9,9.81,3,93.87,104.83,109.5
PO-002190,2025-04-21,SUP-009,CMP-000,1674,1674,24,28.74,0,93.88,104.81,109.56
PO-002762,2025-04-21,SUP-051,CMP-003,4872,4872,84,7.45,0,93.88,104.81,109.56
PO-002907,2025-04-21,SUP-020,CMP-009,3108,3108,28,13.72,2,93.88,104.81,109.56
PO-004446,2025-04-21,SUP-018,CMP-004,1956,1956,23,75.12,-3,93.88,104.81,109.56
PO-004019,2025-04-21,SUP-047,CMP-004,1777,1777,12,72.84,2,93.88,104.81,109.56
PO-002350,2025-04-22,SUP-013,CMP-005,1815,1815,17,121.89,1,93.9,104.79,109.62
PO-001785,2025-04-22,SUP-027,CMP-008,4235,4235,11,18.26,5,93.9,104.79,109.62
PO-003583,2025-04-22,SUP-002,CMP-004,4552,4552,190,70.54,1,93.9,104.79,109.62
PO-000948,2025-04-22,SUP-037,CMP-009,4254,4254,41,13.02,2,93.9,104.79,109.62
PO-003626,2025-04-22,SUP-015,CMP-004,4677,4677,68,70.75,4,93.9,104.79,109.62
PO-003102,2025-04-22,SUP-045,CMP-009,3008,3008,28,14.0,-3,93.9,104.79,109.62
PO-000139,2025-04-22,SUP-008,CMP-004,2792,2792,45,72.66,4,93.9,104.79,109.62
PO-002193,2025-04-22,SUP-029,CMP-000,5138,5138,56,29.86,-2,93.9,104.79,109.62
PO-001491,2025-04-23,SUP-008,CMP-004,209,209,4,75.22,1,93.91,104.77,109.68
PO-000049,2025-04-23,SUP-034,CMP-004,873,873,6,76.27,-2,93.91,104.77,109.68
PO-003999,2025-04-23,SUP-012,CMP-005,2604,2604,47,120.89,1,93.91,104.77,109.68
PO-000722,2025-04-23,SUP-008,CMP-002,1035,1035,32,5.34,3,93.91,104.77,109.68
PO-003706,2025-04-23,SUP-003,CMP-004,1894,1894,26,72.12,4,93.91,104.77,109.68
PO-004702,2025-04-23,SUP-001,CMP-002,3532,3532,19,4.97,-2,93.91,104.77,109.68
PO-002914,2025-04-23,SUP-037,CMP-007,5442,5442,29,42.5,2,93.91,104.77,109.68
PO-004786,2025-04-24,SUP-015,CMP-007,1837,1837,24,44.11,5,93.92,104.75,109.75
PO-000704,2025-04-24,SUP-018,CMP-009,3433,3433,43,13.05,-1,93.92,104.75,109.75
PO-004296,2025-04-24,SUP-004,CMP-004,2772,2772,81,76.59,1,93.92,104.75,109.75
PO-000671,2025-04-24,SUP-020,CMP-007,5230,5230,20,44.83,1,93.92,104.75,109.75
PO-002751,2025-04-25,SUP-035,CMP-005,2030,2030,17,121.51,2,93.94,104.73,109.81
PO-004390,2025-04-25,SUP-043,CMP-000,1228,1228,24,31.13,11,93.94,104.73,109.81
PO-002021,2025-04-25,SUP-028,CMP-007,2766,2766,105,45.84,3,93.94,104.73,109.81
PO-003257,2025-04-25,SUP-046,CMP-005,4951,4951,47,118.2,0,93.94,104.73,109.81
PO-002802,2025-04-25,SUP-019,CMP-004,185,185,5,75.28,1,93.94,104.73,109.81
PO-000623,2025-04-25,SUP-032,CMP-005,5433,5433,141,121.38,0,93.94,104.73,109.81
PO-004027,2025-04-25,SUP-038,CMP-007,1254,1254,14,43.13,1,93.94,104.73,109.81
PO-003218,2025-04-25,SUP-017,CMP-009,511,511,4,14.17,-4,93.94,104.73,109.81
PO-003221,2025-04-26,SUP-016,CMP-004,3477,3477,59,73.89,9,93.95,104.71,109.87
PO-002713,2025-04-26,SUP-015,CMP-004,4242,4242,56,75.14,6,93.95,104.71,109.87
PO-003245,2025-04-26,SUP-049,CMP-007,2810,2810,38,43.96,-1,93.95,104.71,109.87
PO-003684,2025-04-26,SUP-002,CMP-004,1113,1113,13,73.46,-3,93.95,104.71,109.87
PO-000302,2025-04-27,SUP-009,CMP-000,2250,2250,13,29.97,2,93.97,104.68,109.93
PO-003762,2025-04-27,SUP-029,CMP-001,5117,5117,119,9.54,1,93.97,104.68,109.93
PO-002772,2025-04-27,SUP-018,CMP-004,3710,3710,46,81.19,0,93.97,104.68,109.93
PO-000837,2025-04-28,SUP-050,CMP-005,843,843,4,117.7,0,93.99,104.66,109.99
PO-004145,2025-04-28,SUP-050,CMP-008,4235,4235,40,18.32,1,93.99,104.66,109.99
PO-002650,2025-04-28,SUP-043,CMP-004,4216,4216,81,75.36,4,93.99,104.66,109.99
PO-000394,2025-04-28,SUP-038,CMP-001,5684,5684,61,10.1,-2,93.99,104.66,109.99
PO-004343,2025-04-28,SUP-000,CMP-004,2712,2712,25,72.16,-3,93.99,104.66,109.99
PO-000537,2025-04-29,SUP-000,CMP-009,2565,2565,27,13.5,-2,94.0,104.63,110.05
PO-002698,2025-04-29,SUP-042,CMP-005,4401,4401,19,124.19,1,94.0,104.63,110.05
PO-002948,2025-04-29,SUP-022,CMP-005,3575,3575,41,115.18,0,94.0,104.63,110.05
PO-004101,2025-04-30,SUP-008,CMP-004,3301,3301,42,77.71,1,94.02,104.6,110.11
PO-003153,2025-04-30,SUP-046,CMP-009,376,376,12,15.2,-2,94.02,104.6,110.11
PO-003081,2025-04-30,SUP-045,CMP-005,808,808,3,118.06,-2,94.02,104.6,110.11
PO-002478,2025-04-30,SUP-014,CMP-004,3842,3842,39,69.18,2,94.02,104.6,110.11
PO-004225,2025-04-30,SUP-021,CMP-005,4895,4895,46,118.29,-1,94.02,104.6,110.11
PO-001717,2025-04-30,SUP-051,CMP-007,5820,5820,174,45.14,3,94.02,104.6,110.11
PO-002352,2025-04-30,SUP-042,CMP-002,1188,1188,26,5.36,2,94.02,104.6,110.11
PO-002986,2025-04-30,SUP-028,CMP-000,2381,2381,53,32.05,4,94.02,104.6,110.11
PO-002654,2025-04-30,SUP-052,CMP-000,5246,5246,153,31.51,3,94.02,104.6,110.11
PO-000861,2025-04-30,SUP-036,CMP-005,1817,1817,12,113.97,4,94.02,104.6,110.11
PO-002170,2025-04-30,SUP-024,CMP-009,2283,2283,35,13.1,0,94.02,104.6,110.11
PO-001084,2025-05-01,SUP-025,CMP-005,5370,5370,123,117.58,1,94.04,104.57,110.17
PO-001850,2025-05-01,SUP-032,CMP-008,5981,5981,85,18.15,5,94.04,104.57,110.17
PO-004737,2025-05-01,SUP-017,CMP-004,2042,2042,35,75.09,4,94.04,104.57,110.17
PO-002485,2025-05-01,SUP-034,CMP-004,2176,2176,18,78.17,2,94.04,104.57,110.17
PO-000563,2025-05-01,SUP-037,CMP-004,3822,3822,8,68.76,-1,94.04,104.57,110.17
PO-003115,2025-05-02,SUP-012,CMP-008,2556,2556,51,17.96,-4,94.06,104.55,110.23
PO-003734,2025-05-02,SUP-023,CMP-000,3702,3702,13,29.84,1,94.06,104.55,110.23
PO-000554,2025-05-02,SUP-023,CMP-006,5238,5238,30,28.18,4,94.06,104.55,110.23
PO-002620,2025-05-02,SUP-026,CMP-004,2057,2057,56,75.44,4,94.06,104.55,110.23
PO-003635,2025-05-02,SUP-017,CMP-009,5981,5981,65,13.0,1,94.06,104.55,110.23
PO-003447,2025-05-03,SUP-036,CMP-007,3907,3907,13,45.81,3,94.08,104.52,110.3
PO-002669,2025-05-03,SUP-017,CMP-001,2587,2587,46,10.0,-2,94.08,104.52,110.3
PO-002012,2025-05-03,SUP-042,CMP-000,5835,5835,53,32.36,5,94.08,104.52,110.3
PO-004085,2025-05-03,SUP-048,CMP-000,2672,2672,7,29.98,1,94.08,104.52,110.3
PO-003109,2025-05-03,SUP-034,CMP-000,5452,5452,26,31.22,3,94.08,104.52,110.3
PO-004288,2025-05-03,SUP-033,CMP-008,1638,1638,57,17.63,-1,94.08,104.52,110.3
PO-001243,2025-05-03,SUP-006,CMP-006,1923,1923,27,30.13,1,94.08,104.52,110.3
PO-001658,2025-05-04,SUP-024,CMP-001,605,605,21,10.03,1,94.1,104.48,110.36
PO-003476,2025-05-04,SUP-034,CMP-004,5714,5714,32,75.21,2,94.1,104.48,110.36
PO-003748,2025-05-04,SUP-040,CMP-000,4512,4512,25,32.78,-1,94.1,104.48,110.36
PO-004629,2025-05-04,SUP-001,CMP-006,4876,4876,11,30.31,-1,94.1,104.48,110.36
PO-004201,2025-05-04,SUP-024,CMP-000,5767,5767,151,30.44,2,94.1,104.48,110.36
PO-003161,2025-05-05,SUP-020,CMP-004,5789,5789,28,74.31,0,94.13,104.45,110.42
PO-002264,2025-05-05,SUP-028,CMP-000,402,402,10,30.65,-1,94.13,104.45,110.42
PO-001537,2025-05-06,SUP-003,CMP-007,2998,2998,59,41.84,4,94.15,104.42,110.48
PO-000938,2025-05-06,SUP-023,CMP-003,4650,4650,31,7.42,4,94.15,104.42,110.48
PO-004036,2025-05-06,SUP-030,CMP-000,5437,5437,650,30.8,4,94.15,104.42,110.48
PO-000727,2025-05-06,SUP-009,CMP-002,1350,1350,20,4.79,3,94.15,104.42,110.48
PO-000464,2025-05-06,SUP-044,CMP-003,4350,4350,90,7.47,-4,94.15,104.42,110.48
PO-004325,2025-05-06,SUP-012,CMP-004,5330,5330,48,71.8,-1,94.15,104.42,110.48
PO-003309,2025-05-07,SUP-035,CMP-004,2260,2260,11,71.44,6,94.17,104.38,110.54
PO-000440,2025-05-07,SUP-002,CMP-005,4453,4453,82,117.99,0,94.17,104.38,110.54
PO-003388,2025-05-07,SUP-032,CMP-004,3029,3029,29,73.62,4,94.17,104.38,110.54
PO-000432,2025-05-08,SUP-007,CMP-001,3393,3393,39,9.76,6,94.2,104.35,110.6
PO-003017,2025-05-08,SUP-022,CMP-003,4185,4185,39,7.32,4,94.2,104.35,110.6
PO-001076,2025-05-09,SUP-004,CMP-005,3960,3960,56,116.61,3,94.22,104.31,110.66
PO-001070,2025-05-09,SUP-041,CMP-009,659,659,15,12.47,-1,94.22,104.31,110.66
PO-001260,2025-05-09,SUP-037,CMP-005,5566,5566,13,110.93,0,94.22,104.31,110.66
PO-001647,2025-05-09,SUP-051,CMP-004,2667,2667,27,74.3,1,94.22,104.31,110.66
PO-003710,2025-05-09,SUP-005,CMP-004,2201,2201,65,66.15,0,94.22,104.31,110.66
PO-001728,2025-05-09,SUP-017,CMP-002,5628,5628,39,5.15,0,94.22,104.31,110.66
PO-003095,2025-05-09,SUP-026,CMP-008,4008,4008,62,18.24,2,94.22,104.31,110.66
PO-004172,2025-05-09,SUP-025,CMP-003,4899,4899,146,7.29,1,94.22,104.31,110.66
PO-002239,2025-05-09,SUP-007,CMP-000,1639,1639,31,31.05,2,94.22,104.31,110.66
PO-002571,2025-05-10,SUP-019,CMP-007,2369,2369,28,44.54,0,94.25,104.28,110.72
PO-001558,2025-05-10,SUP-051,CMP-003,1882,1882,40,8.03,-1,94.25,104.28,110.72
PO-000883,2025-05-10,SUP-021,CMP-006,5288,5288,101,30.51,0,94.25,104.28,110.72
PO-000075,2025-05-11,SUP-034,CMP-000,716,716,2,31.47,2,94.27,104.24,110.77
PO-000313,2025-05-11,SUP-053,CMP-004,1914,1914,26,71.03,0,94.27,104.24,110.77
PO-004084,2025-05-11,SUP-023,CMP-000,4161,4161,30,30.71,3,94.27,104.24,110.77
PO-001120,2025-05-11,SUP-039,CMP-009,3264,3264,15,12.61,1,94.27,104.24,110.77
PO-003942,2025-05-11,SUP-052,CMP-004,4816,4816,69,79.45,2,94.27,104.24,110.77
PO-001595,2025-05-11,SUP-029,CMP-004,2002,2002,81,70.97,2,94.27,104.24,110.77
PO-000042,2025-05-11,SUP-017,CMP-004,3465,3465,74,77.39,1,94.27,104.24,110.77
PO-000653,2025-05-12,SUP-006,CMP-002,5056,5056,19,4.92,3,94.3,104.2,110.83
PO-004749,2025-05-12,SUP-031,CMP-003,871,871,12,7.52,0,94.3,104.2,110.83
PO-001132,2025-05-12,SUP-007,CMP-004,4865,4865,30,75.78,6,94.3,104.2,110.83
PO-000179,2025-05-12,SUP-004,CMP-006,1894,1894,35,30.33,-2,94.3,104.2,110.83
PO-000538,2025-05-12,SUP-026,CMP-004,4925,4925,95,74.04,3,94.3,104.2,110.83
PO-004273,2025-05-12,SUP-026,CMP-009,3994,3994,67,13.23,3,94.3,104.2,110.83
PO-002749,2025-05-12,SUP-045,CMP-004,4545,4545,17,72.77,0,94.3,104.2,110.83
PO-001646,2025-05-13,SUP-051,CMP-007,241,241,6,42.49,4,94.32,104.16,110.89
PO-001779,2025-05-13,SUP-037,CMP-004,789,789,1,72.69,0,94.32,104.16,110.89
PO-003488,2025-05-13,SUP-013,CMP-005,2151,2151,33,121.17,4,94.32,104.16,110.89
PO-001125,2025-05-13,SUP-016,CMP-000,3629,3629,72,30.35,0,94.32,104.16,110.89
PO-000691,2025-05-13,SUP-027,CMP-004,4062,4062,21,70.39,4,94.32,104.16,110.89
PO-004470,2025-05-13,SUP-017,CMP-004,2812,2812,53,77.33,3,94.32,104.16,110.89
PO-004097,2025-05-13,SUP-001,CMP-004,3800,3800,24,73.84,1,94.32,104.16,110.89
PO-001278,2025-05-14,SUP-052,CMP-001,3748,3748,57,10.06,-1,94.35,104.12,110.95
PO-000657,2025-05-14,SUP-012,CMP-002,4630,4630,73,5.05,4,94.35,104.12,110.95
PO-003366,2025-05-14,SUP-041,CMP-001,3293,3293,41,9.09,-1,94.35,104.12,110.95
PO-001356,2025-05-14,SUP-035,CMP-000,5003,5003,80,28.57,4,94.35,104.12,110.95
PO-004383,2025-05-14,SUP-002,CMP-002,5942,5942,97,4.94,1,94.35,104.12,110.95
PO-004669,2025-05-15,SUP-044,CMP-000,2209,2209,50,32.12,-1,94.38,104.08,111.01
PO-001783,2025-05-15,SUP-001,CMP-003,2126,2126,8,7.56,-1,94.38,104.08,111.01
PO-001018,2025-05-16,SUP-023,CMP-006,5172,5172,21,28.34,-1,94.41,104.04,111.07
PO-000561,2025-05-16,SUP-053,CMP-000,1613,1613,14,29.69,-2,94.41,104.04,111.07
PO-002708,2025-05-16,SUP-036,CMP-007,3675,3675,24,42.04,1,94.41,104.04,111.07
PO-000834,2025-05-16,SUP-025,CMP-004,1204,1204,32,75.61,2,94.41,104.04,111.07
PO-003655,2025-05-16,SUP-011,CMP-005,2408,2408,33,121.88,0,94.41,104.04,111.07
PO-004674,2025-05-16,SUP-017,CMP-000,3269,3269,32,30.8,6,94.41,104.04,111.07
PO-000168,2025-05-16,SUP-053,CMP-003,2333,2333,41,6.93,0,94.41,104.04,111.07
PO-001604,2025-05-16,SUP-020,CMP-001,550,550,6,9.56,0,94.41,104.04,111.07
PO-000600,2025-05-16,SUP-015,CMP-009,4186,4186,55,13.34,10,94.41,104.04,111.07
PO-001054,2025-05-16,SUP-033,CMP-001,2341,2341,67,10.0,-3,94.41,104.04,111.07
PO-003450,2025-05-16,SUP-004,CMP-004,5044,5044,49,72.36,1,94.41,104.04,111.07
PO-000992,2025-05-17,SUP-038,CMP-001,1455,1455,15,9.7,3,94.44,104.0,111.12
PO-004272,2025-05-17,SUP-009,CMP-001,4450,4450,40,9.65,4,94.44,104.0,111.12
PO-003047,2025-05-17,SUP-009,CMP-006,3255,3255,91,29.52,5,94.44,104.0,111.12
PO-002394,2025-05-18,SUP-037,CMP-004,5441,5441,14,70.83,0,94.47,103.96,111.18
PO-001974,2025-05-18,SUP-012,CMP-003,5489,5489,66,7.29,0,94.47,103.96,111.18
PO-003296,2025-05-18,SUP-011,CMP-004,5806,5806,92,76.47,-2,94.47,103.96,111.18
PO-000866,2025-05-19,SUP-045,CMP-000,4338,4338,17,31.23,3,94.5,103.91,111.24
PO-003662,2025-05-19,SUP-035,CMP-008,1135,1135,5,18.63,5,94.5,103.91,111.24
PO-004423,2025-05-19,SUP-019,CMP-005,3978,3978,132,120.03,1,94.5,103.91,111.24
PO-003108,2025-05-19,SUP-029,CMP-004,1721,1721,19,66.68,2,94.5,103.91,111.24
PO-004040,2025-05-19,SUP-042,CMP-005,4453,4453,102,125.01,1,94.5,103.91,111.24
PO-002747,2025-05-19,SUP-021,CMP-000,5866,5866,44,31.59,2,94.5,103.91,111.24
PO-004559,2025-05-19,SUP-053,CMP-005,1978,1978,11,130.48,3,94.5,103.91,111.24
PO-002407,2025-05-19,SUP-023,CMP-001,4961,4961,54,10.59,4,94.5,103.91,111.24
PO-001438,2025-05-20,SUP-040,CMP-004,5258,5258,10,73.44,2,94.53,103.87,111.29
PO-004151,2025-05-20,SUP-012,CMP-007,453,453,9,42.39,1,94.53,103.87,111.29
PO-003586,2025-05-21,SUP-047,CMP-004,451,451,3,68.12,6,94.56,103.83,111.35
PO-002731,2025-05-21,SUP-013,CMP-009,3142,3142,95,13.19,8,94.56,103.83,111.35
PO-004632,2025-05-21,SUP-020,CMP-001,5348,5348,41,9.43,7,94.56,103.83,111.35
PO-004177,2025-05-22,SUP-007,CMP-001,4006,4006,27,9.49,-2,94.6,103.78,111.41
PO-004370,2025-05-22,SUP-015,CMP-001,3910,3910,55,9.29,8,94.6,103.78,111.41
PO-004063,2025-05-22,SUP-030,CMP-000,1648,1648,23,29.47,4,94.6,103.78,111.41
PO-003234,2025-05-22,SUP-027,CMP-006,5207,5207,14,28.82,4,94.6,103.78,111.41
PO-001668,2025-05-22,SUP-040,CMP-000,3243,3243,17,30.52,-2,94.6,103.78,111.41
PO-004726,2025-05-23,SUP-047,CMP-005,4844,4844,23,119.59,1,94.63,103.73,111.46
PO-001998,2025-05-23,SUP-028,CMP-000,4145,4145,88,32.06,1,94.63,103.73,111.46
PO-000765,2025-05-23,SUP-038,CMP-003,324,324,3,7.56,1,94.63,103.73,111.46
PO-001753,2025-05-23,SUP-038,CMP-000,3670,3670,66,31.94,0,94.63,103.73,111.46
PO-004555,2025-05-23,SUP-015,CMP-004,1392,1392,15,78.64,4,94.63,103.73,111.46
PO-002126,2025-05-23,SUP-013,CMP-006,3348,3348,40,28.2,-1,94.63,103.73,111.46
PO-000652,2025-05-24,SUP-045,CMP-004,698,698,2,77.49,-2,94.66,103.69,111.52
PO-001407,2025-05-24,SUP-052,CMP-003,4428,4428,144,7.63,2,94.66,103.69,111.52
PO-002726,2025-05-24,SUP-047,CMP-001,4694,4694,33,9.77,3,94.66,103.69,111.52
PO-001157,2025-05-24,SUP-002,CMP-005,3107,3107,168,113.69,-4,94.66,103.69,111.52
PO-000823,2025-05-25,SUP-046,CMP-003,2259,2259,34,7.23,5,94.7,103.64,111.57
PO-000200,2025-05-25,SUP-049,CMP-005,3070,3070,45,114.03,1,94.7,103.64,111.57
PO-000684,2025-05-25,SUP-001,CMP-009,3778,3778,32,13.31,-1,94.7,103.64,111.57
PO-001124,2025-05-25,SUP-030,CMP-004,665,665,6,76.65,5,94.7,103.64,111.57
PO-001216,2025-05-25,SUP-025,CMP-004,5382,5382,53,72.4,-1,94.7,103.64,111.57
PO-003514,2025-05-25,SUP-019,CMP-001,738,738,10,9.47,3,94.7,103.64,111.57
PO-003231,2025-05-26,SUP-025,CMP-006,768,768,12,29.42,1,94.73,103.59,111.62
PO-002875,2025-05-26,SUP-021,CMP-006,920,920,8,28.22,-1,94.73,103.59,111.62
PO-003512,2025-05-26,SUP-015,CMP-004,5339,5339,115,75.85,8,94.73,103.59,111.62
PO-000252,2025-05-27,SUP-017,CMP-005,1408,1408,26,119.87,0,94.77,103.54,111.68
PO-000517,2025-05-27,SUP-031,CMP-002,1273,1273,38,5.22,0,94.77,103.54,111.68
PO-003992,2025-05-27,SUP-026,CMP-000,3939,3939,40,30.73,-1,94.77,103.54,111.68
PO-001931,2025-05-27,SUP-036,CMP-001,2918,2918,13,9.69,6,94.77,103.54,111.68
PO-002200,2025-05-27,SUP-033,CMP-007,417,417,12,42.71,2,94.77,103.54,111.68
PO-001224,2025-05-28,SUP-019,CMP-009,5684,5684,46,13.64,-1,94.8,103.5,111.73
PO-002533,2025-05-28,SUP-053,CMP-004,3374,3374,49,68.67,2,94.8,103.5,111.73
PO-000449,2025-05-28,SUP-046,CMP-005,480,480,4,116.41,3,94.8,103.5,111.73
PO-002318,2025-05-28,SUP-038,CMP-004,1408,1408,22,69.16,3,94.8,103.5,111.73
PO-000438,2025-05-29,SUP-036,CMP-006,1489,1489,7,29.16,5,94.84,103.45,111.78
PO-003171,2025-05-29,SUP-017,CMP-004,3635,3635,81,71.8,1,94.84,103.45,111.78
PO-000841,2025-05-29,SUP-020,CMP-005,1984,1984,13,115.91,1,94.84,103.45,111.78
PO-002152,2025-05-30,SUP-042,CMP-001,3541,3541,54,9.95,3,94.87,103.4,111.83
PO-002414,2025-05-30,SUP-017,CMP-004,3295,3295,128,79.68,0,94.87,103.4,111.83
PO-003661,2025-05-30,SUP-036,CMP-001,635,635,3,10.73,1,94.87,103.4,111.83
PO-001651,2025-05-30,SUP-014,CMP-004,2926,2926,13,74.67,4,94.87,103.4,111.83
PO-000095,2025-05-31,SUP-051,CMP-000,390,390,6,30.88,-3,94.91,103.35,111.89
PO-003466,2025-05-31,SUP-047,CMP-003,1518,1518,6,7.23,4,94.91,103.35,111.89
PO-001879,2025-05-31,SUP-034,CMP-006,5193,5193,13,27.77,5,94.91,103.35,111.89
PO-003795,2025-05-31,SUP-019,CMP-009,2466,2466,35,12.48,2,94.91,103.35,111.89
PO-003592,2025-05-31,SUP-021,CMP-000,2428,2428,23,29.59,3,94.91,103.35,111.89
PO-003248,2025-05-31,SUP-041,CMP-000,2174,2174,36,29.44,2,94.91,103.35,111.89
PO-000803,2025-06-01,SUP-034,CMP-004,5362,5362,27,75.13,6,94.95,103.3,111.94
PO-003791,2025-06-01,SUP-004,CMP-004,1731,1731,34,73.31,2,94.95,103.3,111.94
PO-003035,2025-06-01,SUP-040,CMP-008,248,248,1,18.26,5,94.95,103.3,111.94
PO-002232,2025-06-01,SUP-029,CMP-004,4644,4644,65,74.83,4,94.95,103.3,111.94
PO-001450,2025-06-01,SUP-004,CMP-000,2675,2675,56,30.06,1,94.95,103.3,111.94
PO-000289,2025-06-01,SUP-027,CMP-006,3833,3833,17,29.19,6,94.95,103.3,111.94
PO-002219,2025-06-01,SUP-010,CMP-000,2410,2410,9,30.93,2,94.95,103.3,111.94
PO-001562,2025-06-01,SUP-028,CMP-001,4438,4438,62,10.2,3,94.95,103.3,111.94
PO-001507,2025-06-02,SUP-004,CMP-000,2367,2367,61,31.32,-4,94.99,103.25,111.99
PO-003863,2025-06-02,SUP-050,CMP-004,2478,2478,29,72.89,-3,94.99,103.25,111.99
PO-004073,2025-06-02,SUP-003,CMP-003,1114,1114,20,7.59,4,94.99,103.25,111.99
PO-000617,2025-06-02,SUP-012,CMP-007,5395,5395,138,44.15,-3,94.99,103.25,111.99
PO-002003,2025-06-03,SUP-045,CMP-007,3658,3658,32,41.86,-1,95.02,103.19,112.04
PO-000701,2025-06-03,SUP-047,CMP-008,3426,3426,9,18.54,2,95.02,103.19,112.04
PO-000798,2025-06-03,SUP-006,CMP-004,2193,2193,40,78.84,0,95.02,103.19,112.04
PO-000229,2025-06-04,SUP-039,CMP-004,1441,1441,21,73.16,5,95.06,103.14,112.09
PO-003206,2025-06-04,SUP-016,CMP-000,242,242,5,31.41,1,95.06,103.14,112.09
PO-001954,2025-06-04,SUP-048,CMP-004,4731,4731,29,73.65,0,95.06,103.14,112.09
PO-004256,2025-06-04,SUP-030,CMP-000,1041,1041,7,28.67,2,95.06,103.14,112.09
PO-004562,2025-06-04,SUP-021,CMP-004,4764,4764,125,72.8,1,95.06,103.14,112.09
PO-003705,2025-06-04,SUP-043,CMP-000,2219,2219,9,32.96,1,95.06,103.14,112.09
PO-000130,2025-06-05,SUP-047,CMP-004,3116,3116,8,71.21,1,95.1,103.09,112.14
PO-000260,2025-06-05,SUP-043,CMP-004,5582,5582,50,73.12,6,95.1,103.09,112.14
PO-003281,2025-06-05,SUP-024,CMP-001,4509,4509,90,10.13,-4,95.1,103.09,112.14
PO-001377,2025-06-05,SUP-047,CMP-000,5304,5304,34,30.34,1,95.1,103.09,112.14
PO-002453,2025-06-05,SUP-046,CMP-009,3711,3711,85,13.3,3,95.1,103.09,112.14
PO-003845,2025-06-06,SUP-041,CMP-000,5894,5894,183,28.76,-1,95.14,103.04,112.18
PO-001110,2025-06-07,SUP-036,CMP-004,1612,1612,25,72.91,4,95.18,102.99,112.23
PO-002105,2025-06-07,SUP-004,CMP-004,1200,1200,40,74.08,4,95.18,102.99,112.23
PO-000416,2025-06-07,SUP-041,CMP-003,4738,4738,69,7.28,-1,95.18,102.99,112.23
PO-000631,2025-06-08,SUP-007,CMP-002,3353,3353,13,4.76,1,95.22,102.93,112.28
PO-001341,2025-06-08,SUP-031,CMP-001,4451,4451,69,8.71,-4,95.22,102.93,112.28
PO-000587,2025-06-08,SUP-021,CMP-001,2822,2822,41,9.12,8,95.22,102.93,112.28
PO-003958,2025-06-08,SUP-032,CMP-004,5157,5157,93,73.89,2,95.22,102.93,112.28
PO-001040,2025-06-08,SUP-038,CMP-000,1670,1670,14,31.22,1,95.22,102.93,112.28
PO-001557,2025-06-08,SUP-042,CMP-006,3586,3586,35,29.47,-4,95.22,102.93,112.28
PO-004790,2025-06-09,SUP-052,CMP-000,5812,5812,251,33.13,2,95.27,102.88,112.33
PO-004761,2025-06-10,SUP-030,CMP-004,4138,4138,64,72.85,1,95.31,102.83,112.37
PO-001579,2025-06-10,SUP-048,CMP-005,1399,1399,6,115.16,0,95.31,102.83,112.37
PO-001973,2025-06-10,SUP-039,CMP-004,3050,3050,34,71.22,-1,95.31,102.83,112.37
PO-004733,2025-06-10,SUP-016,CMP-004,1570,1570,20,74.87,0,95.31,102.83,112.37
PO-001067,2025-06-10,SUP-038,CMP-004,5330,5330,51,63.91,-1,95.31,102.83,112.37
PO-001621,2025-06-11,SUP-039,CMP-004,2408,2408,10,75.73,1,95.35,102.77,112.42
PO-003852,2025-06-11,SUP-027,CMP-008,315,315,0,17.13,6,95.35,102.77,112.42
PO-003275,2025-06-11,SUP-034,CMP-005,371,371,1,126.84,2,95.35,102.77,112.42
PO-004297,2025-06-12,SUP-045,CMP-004,2628,2628,10,72.21,-3,95.39,102.72,112.46
PO-000745,2025-06-12,SUP-022,CMP-002,3873,3873,27,5.01,-1,95.39,102.72,112.46
PO-002062,2025-06-12,SUP-012,CMP-007,1281,1281,23,41.52,-2,95.39,102.72,112.46
PO-004585,2025-06-12,SUP-017,CMP-000,194,194,2,29.79,-1,95.39,102.72,112.46
PO-001633,2025-06-12,SUP-020,CMP-005,1911,1911,20,116.97,4,95.39,102.72,112.46
PO-000345,2025-06-12,SUP-043,CMP-000,3963,3963,19,31.18,4,95.39,102.72,112.46
PO-003107,2025-06-12,SUP-040,CMP-003,2720,2720,12,7.29,2,95.39,102.72,112.46
PO-003498,2025-06-13,SUP-009,CMP-005,793,793,6,114.88,2,95.43,102.66,112.51
PO-003868,2025-06-13,SUP-016,CMP-000,1119,1119,20,31.79,1,95.43,102.66,112.51
PO-001725,2025-06-13,SUP-053,CMP-003,3704,3704,86,7.85,1,95.43,102.66,112.51
PO-003446,2025-06-13,SUP-053,CMP-004,3635,3635,25,73.38,1,95.43,102.66,112.51
PO-003956,2025-06-13,SUP-007,CMP-004,656,656,10,75.43,6,95.43,102.66,112.51
PO-003827,2025-06-14,SUP-009,CMP-004,4711,4711,63,72.45,1,95.48,102.61,112.55
PO-001240,2025-06-14,SUP-028,CMP-007,3710,3710,65,45.12,-1,95.48,102.61,112.55
PO-001693,2025-06-14,SUP-051,CMP-000,4473,4473,46,29.83,-1,95.48,102.61,112.55
PO-002448,2025-06-14,SUP-030,CMP-004,1702,1702,17,71.8,4,95.48,102.61,112.55
PO-003003,2025-06-14,SUP-023,CMP-004,2562,2562,20,75.35,-4,95.48,102.61,112.55
PO-004497,2025-06-15,SUP-035,CMP-000,3806,3806,20,31.9,2,95.52,102.55,112.59
PO-001676,2025-06-15,SUP-034,CMP-004,4550,4550,14,64.64,5,95.52,102.55,112.59
PO-000466,2025-06-15,SUP-041,CMP-004,1555,1555,18,75.3,1,95.52,102.55,112.59
PO-003820,2025-06-15,SUP-021,CMP-000,240,240,3,31.29,4,95.52,102.55,112.59
PO-000965,2025-06-15,SUP-022,CMP-001,3711,3711,16,9.51,2,95.52,102.55,112.59
PO-001362,2025-06-15,SUP-023,CMP-002,1641,1641,22,5.09,2,95.52,102.55,112.59
PO-004710,2025-06-15,SUP-029,CMP-006,5403,5403,65,30.94,6,95.52,102.55,112.59
PO-004361,2025-06-16,SUP-040,CMP-004,3372,3372,10,76.03,5,95.57,102.5,112.63
PO-003342,2025-06-16,SUP-039,CMP-004,4337,4337,32,76.32,2,95.57,102.5,112.63
PO-003197,2025-06-16,SUP-047,CMP-006,1042,1042,5,28.84,5,95.57,102.5,112.63
PO-000565,2025-06-17,SUP-033,CMP-004,2823,2823,39,74.82,3,95.61,102.45,112.67
PO-001137,2025-06-17,SUP-051,CMP-002,1475,1475,26,5.23,0,95.61,102.45,112.67
PO-001013,2025-06-17,SUP-012,CMP-002,4907,4907,49,4.59,1,95.61,102.45,112.67
PO-000433,2025-06-17,SUP-049,CMP-002,5318,5318,126,5.16,3,95.61,102.45,112.67
PO-002468,2025-06-17,SUP-024,CMP-004,3874,3874,92,75.49,1,95.61,102.45,112.67
PO-004125,2025-06-17,SUP-018,CMP-002,5694,5694,202,4.91,1,95.61,102.45,112.67
PO-000584,2025-06-17,SUP-053,CMP-005,3957,3957,33,115.75,-1,95.61,102.45,112.67
PO-002705,2025-06-18,SUP-010,CMP-000,5456,5456,15,32.15,0,95.65,102.39,112.71
PO-001533,2025-06-18,SUP-045,CMP-007,3450,3450,21,47.3,-1,95.65,102.39,112.71
PO-000960,2025-06-18,SUP-030,CMP-009,2700,2700,88,13.43,2,95.65,102.39,112.71
PO-000044,2025-06-18,SUP-039,CMP-004,5963,5963,81,70.59,1,95.65,102.39,112.71
PO-003066,2025-06-18,SUP-037,CMP-004,731,731,9,70.53,-4,95.65,102.39,112.71
PO-004068,2025-06-18,SUP-020,CMP-004,3596,3596,29,71.35,2,95.65,102.39,112.71
PO-001775,2025-06-18,SUP-009,CMP-000,4549,4549,38,31.35,-1,95.65,102.39,112.71
PO-003399,2025-06-19,SUP-052,CMP-007,1790,1790,50,42.9,2,95.7,102.34,112.75
PO-002177,2025-06-19,SUP-041,CMP-007,4635,4635,50,42.89,0,95.7,102.34,112.75
PO-001254,2025-06-19,SUP-001,CMP-004,276,276,1,71.12,0,95.7,102.34,112.75
PO-002693,2025-06-19,SUP-003,CMP-007,2770,2770,46,41.52,-2,95.7,102.34,112.75
PO-002840,2025-06-19,SUP-035,CMP-003,5983,5983,28,7.26,5,95.7,102.34,112.75
PO-002281,2025-06-19,SUP-028,CMP-005,4297,4297,33,119.49,5,95.7,102.34,112.75
PO-001378,2025-06-20,SUP-029,CMP-006,2810,2810,38,29.5,3,95.74,102.28,112.79
PO-001388,2025-06-20,SUP-004,CMP-004,3298,3298,43,78.36,3,95.74,102.28,112.79
PO-000496,2025-06-20,SUP-046,CMP-009,1569,1569,43,13.98,3,95.74,102.28,112.79
PO-002443,2025-06-21,SUP-005,CMP-008,4646,4646,72,18.61,-3,95.79,102.23,112.83
PO-000144,2025-06-21,SUP-014,CMP-003,2170,2170,9,7.47,4,95.79,102.23,112.83
PO-001446,2025-06-21,SUP-015,CMP-002,3656,3656,84,5.12,10,95.79,102.23,112.83
PO-001442,2025-06-21,SUP-024,CMP-004,4119,4119,79,74.05,0,95.79,102.23,112.83
PO-001903,2025-06-21,SUP-010,CMP-003,4339,4339,17,7.65,-1,95.79,102.23,112.83
PO-000380,2025-06-21,SUP-031,CMP-007,3904,3904,32,46.77,-1,95.79,102.23,112.83
PO-001133,2025-06-21,SUP-049,CMP-004,2919,2919,20,74.99,1,95.79,102.23,112.83
PO-003851,2025-06-21,SUP-017,CMP-006,4916,4916,118,30.8,1,95.79,102.23,112.83
PO-001425,2025-06-22,SUP-048,CMP-008,5596,5596,34,17.83,3,95.84,102.17,112.87
PO-000655,2025-06-22,SUP-039,CMP-006,2511,2511,30,28.27,5,95.84,102.17,112.87
PO-004374,2025-06-22,SUP-051,CMP-007,5450,5450,94,43.31,-1,95.84,102.17,112.87
PO-001709,2025-06-23,SUP-048,CMP-001,739,739,1,9.61,0,95.88,102.12,112.91
PO-003657,2025-06-23,SUP-038,CMP-006,1703,1703,31,28.72,4,95.88,102.12,112.91
PO-002567,2025-06-23,SUP-041,CMP-006,3174,3174,37,28.5,-4,95.88,102.12,112.91
PO-003152,2025-06-23,SUP-042,CMP-007,3176,3176,38,42.79,2,95.88,102.12,112.91
PO-000896,2025-06-23,SUP-032,CMP-009,3671,3671,19,14.09,3,95.88,102.12,112.91
PO-001296,2025-06-24,SUP-025,CMP-009,376,376,5,12.64,2,95.93,102.06,112.94
PO-002668,2025-06-24,SUP-023,CMP-006,3239,3239,25,29.25,5,95.93,102.06,112.94
PO-002563,2025-06-24,SUP-039,CMP-004,5029,5029,45,74.54,6,95.93,102.06,112.94
PO-004779,2025-06-24,SUP-042,CMP-004,4769,4769,59,77.69,3,95.93,102.06,112.94
PO-000181,2025-06-24,SUP-042,CMP-005,969,969,7,126.92,1,95.93,102.06,112.94
PO-001375,2025-06-25,SUP-035,CMP-004,5055,5055,85,70.5,3,95.98,102.01,112.98
PO-000489,2025-06-25,SUP-048,CMP-004,192,192,0,75.91,5,95.98,102.01,112.98
PO-003336,2025-06-25,SUP-008,CMP-006,3462,3462,70,29.26,1,95.98,102.01,112.98
PO-001408,2025-06-25,SUP-025,CMP-001,1146,1146,21,9.43,8,95.98,102.01,112.98
PO-003646,2025-06-25,SUP-030,CMP-002,1686,1686,41,4.67,3,95.98,102.01,112.98
PO-001482,2025-06-26,SUP-000,CMP-000,1177,1177,21,29.33,0,96.02,101.95,113.01
PO-001838,2025-06-26,SUP-020,CMP-007,5290,5290,64,42.02,-1,96.02,101.95,113.01
PO-003372,2025-06-26,SUP-021,CMP-003,5889,5889,122,7.89,3,96.02,101.95,113.01
PO-004721,2025-06-26,SUP-042,CMP-000,5062,5062,64,31.91,3,96.02,101.95,113.01
PO-003222,2025-06-26,SUP-019,CMP-004,565,565,5,72.05,0,96.02,101.95,113.01
PO-002761,2025-06-27,SUP-002,CMP-004,1998,1998,44,74.27,-2,96.07,101.9,113.05
PO-003137,2025-06-27,SUP-005,CMP-002,5256,5256,77,5.03,-4,96.07,101.9,113.05
PO-000778,2025-06-27,SUP-042,CMP-005,1310,1310,5,126.62,3,96.07,101.9,113.05
PO-000138,2025-06-27,SUP-016,CMP-004,3723,3723,87,75.22,1,96.07,101.9,113.05
PO-004459,2025-06-27,SUP-026,CMP-004,3826,3826,214,79.81,2,96.07,101.9,113.05
PO-003489,2025-06-28,SUP-007,CMP-008,465,465,6,18.71,5,96.12,101.84,113.08
PO-001994,2025-06-28,SUP-035,CMP-006,4679,4679,61,29.0,6,96.12,101.84,113.08
PO-001762,2025-06-28,SUP-007,CMP-000,3513,3513,41,32.64,4,96.12,101.84,113.08
PO-001280,2025-06-28,SUP-012,CMP-003,2510,2510,93,6.84,5,96.12,101.84,113.08
PO-001679,2025-06-29,SUP-000,CMP-001,3601,3601,39,9.55,-2,96.17,101.79,113.11
PO-001379,2025-06-29,SUP-045,CMP-004,545,545,1,77.89,5,96.17,101.79,113.11
PO-001009,2025-06-29,SUP-045,CMP-002,5695,5695,31,4.98,0,96.17,101.79,113.11
PO-003534,2025-06-29,SUP-049,CMP-002,3871,3871,24,4.73,0,96.17,101.79,113.11
PO-002348,2025-06-29,SUP-017,CMP-004,4951,4951,42,78.23,0,96.17,101.79,113.11
PO-000150,2025-06-29,SUP-047,CMP-002,2233,2233,16,5.02,3,96.17,101.79,113.11
PO-001856,2025-06-29,SUP-020,CMP-005,3241,3241,16,113.87,0,96.17,101.79,113.11
PO-002001,2025-06-29,SUP-006,CMP-003,1770,1770,35,7.73,0,96.17,101.79,113.11
PO-004717,2025-06-30,SUP-008,CMP-009,1534,1534,41,13.61,-1,96.22,101.74,113.14
PO-001745,2025-06-30,SUP-048,CMP-004,3570,3570,6,74.21,0,96.22,101.74,113.14
PO-000269,2025-06-30,SUP-003,CMP-006,4159,4159,282,29.44,2,96.22,101.74,113.14
PO-001114,2025-07-01,SUP-042,CMP-009,5252,5252,68,13.64,1,96.26,101.68,113.17
PO-002904,2025-07-01,SUP-016,CMP-001,2365,2365,41,9.54,3,96.26,101.68,113.17
PO-003860,2025-07-01,SUP-033,CMP-004,2870,2870,168,81.23,-2,96.26,101.68,113.17
PO-002896,2025-07-01,SUP-032,CMP-006,5174,5174,33,29.19,2,96.26,101.68,113.17
PO-000242,2025-07-01,SUP-000,CMP-006,4631,4631,86,29.72,-2,96.26,101.68,113.17
PO-000682,2025-07-01,SUP-023,CMP-000,4196,4196,20,32.13,0,96.26,101.68,113.17
PO-000786,2025-07-01,SUP-014,CMP-009,3978,3978,8,12.96,3,96.26,101.68,113.17
PO-000145,2025-07-01,SUP-013,CMP-005,3971,3971,87,132.28,4,96.26,101.68,113.17
PO-001640,2025-07-02,SUP-019,CMP-006,406,406,11,28.85,1,96.31,101.63,113.2
PO-001616,2025-07-02,SUP-021,CMP-005,5659,5659,46,125.53,-2,96.31,101.63,113.2
PO-000344,2025-07-02,SUP-020,CMP-006,2128,2128,25,29.57,-2,96.31,101.63,113.2
PO-004556,2025-07-02,SUP-001,CMP-008,1110,1110,8,18.76,-1,96.31,101.63,113.2
PO-002527,2025-07-02,SUP-030,CMP-005,346,346,9,117.46,2,96.31,101.63,113.2
PO-002604,2025-07-02,SUP-010,CMP-002,3827,3827,17,5.34,4,96.31,101.63,113.2
PO-000681,2025-07-02,SUP-034,CMP-002,1029,1029,6,4.85,5,96.31,101.63,113.2
PO-000602,2025-07-02,SUP-017,CMP-003,1411,1411,16,7.51,5,96.31,101.63,113.2
PO-000188,2025-07-02,SUP-032,CMP-004,3829,3829,60,74.67,1,96.31,101.63,113.2
PO-000614,2025-07-02,SUP-024,CMP-006,3898,3898,128,29.43,4,96.31,101.63,113.2
PO-001337,2025-07-03,SUP-027,CMP-008,4373,4373,36,18.52,3,96.36,101.57,113.23
PO-000497,2025-07-03,SUP-008,CMP-004,4723,4723,56,75.09,3,96.36,101.57,113.23
PO-000403,2025-07-03,SUP-006,CMP-000,2123,2123,24,29.47,-4,96.36,101.57,113.23
PO-001888,2025-07-03,SUP-047,CMP-004,2774,2774,15,80.99,5,96.36,101.57,113.23
PO-003433,2025-07-03,SUP-027,CMP-004,390,390,2,69.38,3,96.36,101.57,113.23
PO-002135,2025-07-03,SUP-002,CMP-007,5121,5121,157,45.54,-2,96.36,101.57,113.23
PO-001803,2025-07-04,SUP-034,CMP-009,5153,5153,20,13.19,-2,96.41,101.52,113.26
PO-002069,2025-07-04,SUP-037,CMP-003,3084,3084,24,7.62,3,96.41,101.52,113.26
PO-004523,2025-07-04,SUP-034,CMP-005,4690,4690,17,125.89,5,96.41,101.52,113.26
PO-004231,2025-07-04,SUP-044,CMP-008,5221,5221,85,19.74,2,96.41,101.52,113.26
PO-000121,2025-07-04,SUP-031,CMP-000,4240,4240,126,31.4,-4,96.41,101.52,113.26
PO-002145,2025-07-04,SUP-050,CMP-009,5058,5058,45,12.78,-2,96.41,101.52,113.26
PO-000483,2025-07-05,SUP-051,CMP-003,4369,4369,54,7.5,1,96.46,101.47,113.29
PO-004382,2025-07-05,SUP-001,CMP-007,2910,2910,19,46.58,1,96.46,101.47,113.29
PO-003607,2025-07-06,SUP-044,CMP-003,2096,2096,39,7.7,1,96.51,101.42,113.31
PO-001721,2025-07-06,SUP-016,CMP-002,751,751,13,4.96,2,96.51,101.42,113.31
PO-000695,2025-07-06,SUP-012,CMP-004,1069,1069,13,74.39,1,96.51,101.42,113.31
PO-001663,2025-07-07,SUP-029,CMP-001,4232,4232,136,9.54,-1,96.56,101.36,113.34
PO-003355,2025-07-07,SUP-049,CMP-004,647,647,9,78.08,0,96.56,101.36,113.34
PO-000288,2025-07-07,SUP-023,CMP-003,3738,3738,17,7.2,2,96.56,101.36,113.34
PO-001210,2025-07-07,SUP-018,CMP-004,3803,3803,55,70.06,3,96.56,101.36,113.34
PO-002330,2025-07-08,SUP-005,CMP-007,4495,4495,20,41.91,2,96.61,101.31,113.36
PO-001364,2025-07-08,SUP-042,CMP-004,5720,5720,106,77.04,6,96.61,101.31,113.36
PO-004775,2025-07-08,SUP-006,CMP-003,5069,5069,27,7.51,4,96.61,101.31,113.36
PO-003293,2025-07-08,SUP-020,CMP-004,458,458,4,104.32,1,96.61,101.31,113.36
PO-004400,2025-07-08,SUP-038,CMP-004,2659,2659,76,68.77,5,96.61,101.31,113.36
PO-003328,2025-07-08,SUP-013,CMP-004,402,402,6,73.98,-2,96.61,101.31,113.36
PO-001293,2025-07-08,SUP-009,CMP-000,4695,4695,39,31.59,3,96.61,101.31,113.36
PO-003500,2025-07-09,SUP-008,CMP-003,278,278,6,7.46,0,96.66,101.26,113.39
PO-002159,2025-07-09,SUP-037,CMP-009,1485,1485,7,13.49,0,96.66,101.26,113.39
PO-000204,2025-07-09,SUP-012,CMP-000,3723,3723,41,29.94,1,96.66,101.26,113.39
PO-000990,2025-07-09,SUP-044,CMP-005,258,258,3,116.64,1,96.66,101.26,113.39
PO-003435,2025-07-10,SUP-051,CMP-002,828,828,19,4.65,6,96.71,101.21,113.41
PO-000364,2025-07-10,SUP-005,CMP-003,1301,1301,19,7.41,-2,96.71,101.21,113.41
PO-003347,2025-07-11,SUP-033,CMP-002,2671,2671,84,5.12,0,96.76,101.16,113.43
PO-003787,2025-07-11,SUP-006,CMP-006,1537,1537,22,30.0,2,96.76,101.16,113.43
PO-001183,2025-07-11,SUP-030,CMP-007,4740,4740,110,39.99,-1,96.76,101.16,113.43
PO-002191,2025-07-11,SUP-038,CMP-005,523,523,6,117.65,3,96.76,101.16,113.43
PO-003194,2025-07-12,SUP-000,CMP-000,343,343,4,31.77,2,96.81,101.11,113.45
PO-003504,2025-07-12,SUP-047,CMP-005,5260,5260,58,118.84,3,96.81,101.11,113.45
PO-003282,2025-07-12,SUP-037,CMP-004,2120,2120,12,72.44,-4,96.81,101.11,113.45
PO-003410,2025-07-13,SUP-042,CMP-004,1604,1604,27,73.72,1,96.86,101.06,113.47
PO-002655,2025-07-13,SUP-035,CMP-000,4740,4740,26,30.58,3,96.86,101.06,113.47
PO-002311,2025-07-13,SUP-011,CMP-006,2875,2875,36,28.49,-1,96.86,101.06,113.47
PO-001657,2025-07-13,SUP-013,CMP-003,1609,1609,15,7.1,2,96.86,101.06,113.47
PO-000654,2025-07-14,SUP-038,CMP-009,3019,3019,17,12.92,2,96.91,101.01,113.49
PO-000143,2025-07-14,SUP-007,CMP-000,730,730,10,32.52,3,96.91,101.01,113.49
PO-002999,2025-07-14,SUP-011,CMP-000,3164,3164,210,31.81,2,96.91,101.01,113.49
PO-003565,2025-07-14,SUP-018,CMP-009,1966,1966,18,13.61,2,96.91,101.01,113.49
PO-004057,2025-07-15,SUP-017,CMP-009,4154,4154,58,13.5,1,96.96,100.96,113.51
PO-000392,2025-07-15,SUP-023,CMP-003,325,325,1,7.07,4,96.96,100.96,113.51
PO-001972,2025-07-15,SUP-015,CMP-005,5440,5440,220,126.43,9,96.96,100.96,113.51
PO-004767,2025-07-15,SUP-045,CMP-006,497,497,4,27.25,-1,96.96,100.96,113.51
PO-003707,2025-07-16,SUP-031,CMP-003,333,333,12,7.54,-3,97.01,100.91,113.53
PO-001956,2025-07-16,SUP-030,CMP-003,4664,4664,59,7.56,4,97.01,100.91,113.53
PO-002740,2025-07-16,SUP-034,CMP-005,2053,2053,11,114.71,-1,97.01,100.91,113.53
PO-002608,2025-07-16,SUP-018,CMP-005,3829,3829,53,116.41,-1,97.01,100.91,113.53
PO-003078,2025-07-16,SUP-023,CMP-008,4539,4539,18,22.47,-1,97.01,100.91,113.53
PO-000469,2025-07-16,SUP-002,CMP-004,4512,4512,89,74.66,1,97.01,100.91,113.53
PO-001270,2025-07-16,SUP-023,CMP-008,4952,4952,20,19.76,-2,97.01,100.91,113.53
PO-002129,2025-07-17,SUP-019,CMP-004,3897,3897,71,79.53,2,97.07,100.86,113.55
PO-001711,2025-07-17,SUP-028,CMP-003,778,778,12,6.86,5,97.07,100.86,113.55
PO-002509,2025-07-17,SUP-042,CMP-005,1799,1799,15,119.86,2,97.07,100.86,113.55
PO-002324,2025-07-17,SUP-015,CMP-005,2801,2801,66,119.43,7,97.07,100.86,113.55
PO-000480,2025-07-18,SUP-000,CMP-000,2004,2004,41,30.17,2,97.12,100.82,113.56
PO-000759,2025-07-18,SUP-008,CMP-004,1404,1404,27,77.22,1,97.12,100.82,113.56
PO-004165,2025-07-18,SUP-000,CMP-004,2135,2135,25,74.04,-1,97.12,100.82,113.56
PO-001897,2025-07-18,SUP-028,CMP-004,5639,5639,101,80.44,1,97.12,100.82,113.56
PO-003430,2025-07-18,SUP-031,CMP-000,4062,4062,143,33.14,1,97.12,100.82,113.56
PO-004047,2025-07-18,SUP-014,CMP-006,5853,5853,27,27.92,-3,97.12,100.82,113.56
PO-003058,2025-07-18,SUP-034,CMP-004,751,751,2,70.2,4,97.12,100.82,113.56
PO-001667,2025-07-18,SUP-012,CMP-001,1289,1289,39,9.52,0,97.12,100.82,113.56
PO-000937,2025-07-18,SUP-030,CMP-000,3344,3344,25,31.75,6,97.12,100.82,113.56
PO-004661,2025-07-18,SUP-021,CMP-003,2023,2023,21,7.29,2,97.12,100.82,113.56
PO-004376,2025-07-18,SUP-011,CMP-001,1935,1935,26,9.21,-3,97.12,100.82,113.56
PO-003899,2025-07-18,SUP-020,CMP-004,4050,4050,23,76.7,5,97.12,100.82,113.56
PO-002882,2025-07-19,SUP-001,CMP-009,4220,4220,22,13.51,2,97.17,100.77,113.58
PO-002308,2025-07-19,SUP-039,CMP-001,5842,5842,34,9.2,1,97.17,100.77,113.58
PO-003624,2025-07-19,SUP-042,CMP-003,1003,1003,13,7.44,5,97.17,100.77,113.58
PO-000209,2025-07-19,SUP-023,CMP-003,2557,2557,7,7.63,5,97.17,100.77,113.58
PO-001992,2025-07-19,SUP-039,CMP-000,3868,3868,31,30.51,0,97.17,100.77,113.58
PO-002149,2025-07-20,SUP-005,CMP-007,517,517,22,40.68,-1,97.22,100.72,113.59
PO-000975,2025-07-20,SUP-030,CMP-009,4044,4044,48,13.69,3,97.22,100.72,113.59
PO-001767,2025-07-20,SUP-010,CMP-004,2778,2778,26,79.09,3,97.22,100.72,113.59
PO-000096,2025-07-20,SUP-041,CMP-004,4761,4761,70,76.1,-3,97.22,100.72,113.59
PO-002629,2025-07-20,SUP-040,CMP-009,3220,3220,12,12.96,2,97.22,100.72,113.59
PO-002681,2025-07-20,SUP-031,CMP-005,2606,2606,33,124.84,-4,97.22,100.72,113.59
PO-001962,2025-07-20,SUP-040,CMP-004,5042,5042,17,71.36,3,97.22,100.72,113.59
PO-002227,2025-07-20,SUP-018,CMP-001,2668,2668,37,9.86,3,97.22,100.72,113.59
PO-004549,2025-07-20,SUP-027,CMP-003,2263,2263,7,6.94,1,97.22,100.72,113.59
PO-003104,2025-07-21,SUP-020,CMP-005,1188,1188,38,127.96,3,97.27,100.68,113.6
PO-004061,2025-07-21,SUP-042,CMP-001,4864,4864,127,9.81,3,97.27,100.68,113.6
PO-004688,2025-07-21,SUP-012,CMP-003,1517,1517,33,7.01,2,97.27,100.68,113.6
PO-000575,2025-07-21,SUP-030,CMP-004,5489,5489,87,80.66,3,97.27,100.68,113.6
PO-004227,2025-07-21,SUP-024,CMP-006,1109,1109,29,27.05,0,97.27,100.68,113.6
PO-004096,2025-07-22,SUP-043,CMP-007,5664,5664,34,42.03,5,97.32,100.63,113.61
PO-001624,2025-07-22,SUP-043,CMP-005,1285,1285,6,121.55,7,97.32,100.63,113.61
PO-000255,2025-07-22,SUP-018,CMP-000,2846,2846,81,30.57,-1,97.32,100.63,113.61
PO-004410,2025-07-23,SUP-025,CMP-009,5130,5130,223,12.59,-1,97.37,100.59,113.62
PO-001900,2025-07-23,SUP-001,CMP-005,298,298,4,116.32,-3,97.37,100.59,113.62
PO-004263,2025-07-23,SUP-033,CMP-005,2699,2699,107,131.68,1,97.37,100.59,113.62
PO-001266,2025-07-23,SUP-033,CMP-007,3615,3615,56,43.41,3,97.37,100.59,113.62
PO-002420,2025-07-23,SUP-017,CMP-004,1370,1370,24,75.95,4,97.37,100.59,113.62
PO-001083,2025-07-23,SUP-025,CMP-007,196,196,3,44.42,3,97.37,100.59,113.62
PO-002168,2025-07-23,SUP-006,CMP-006,3810,3810,111,31.35,5,97.37,100.59,113.62
PO-001136,2025-07-23,SUP-050,CMP-003,1911,1911,52,7.45,2,97.37,100.59,113.62
PO-001736,2025-07-24,SUP-028,CMP-002,4734,4734,117,5.12,1,97.42,100.55,113.63
PO-004420,2025-07-24,SUP-018,CMP-005,3665,3665,57,122.28,-2,97.42,100.55,113.63
PO-003989,2025-07-24,SUP-038,CMP-008,259,259,3,18.18,4,97.42,100.55,113.63
PO-001638,2025-07-24,SUP-040,CMP-009,4975,4975,22,13.4,1,97.42,100.55,113.63
PO-004512,2025-07-24,SUP-041,CMP-004,5584,5584,93,74.78,-2,97.42,100.55,113.63
PO-002353,2025-07-24,SUP-006,CMP-000,3146,3146,18,31.11,0,97.42,100.55,113.63
PO-002702,2025-07-24,SUP-018,CMP-003,5462,5462,54,7.14,-4,97.42,100.55,113.63
PO-004137,2025-07-25,SUP-011,CMP-006,5352,5352,143,29.54,0,97.48,100.5,113.64
PO-000486,2025-07-25,SUP-002,CMP-007,4355,4355,89,41.9,3,97.48,100.5,113.64
PO-002023,2025-07-25,SUP-045,CMP-002,5247,5247,13,5.19,1,97.48,100.5,113.64
PO-003142,2025-07-25,SUP-039,CMP-005,337,337,4,125.4,0,97.48,100.5,113.64
PO-003937,2025-07-25,SUP-024,CMP-004,3669,3669,125,74.42,-2,97.48,100.5,113.64
PO-001306,2025-07-25,SUP-019,CMP-006,5618,5618,91,27.91,-3,97.48,100.5,113.64
PO-000859,2025-07-25,SUP-004,CMP-004,631,631,12,78.49,3,97.48,100.5,113.64
PO-002010,2025-07-25,SUP-039,CMP-009,5483,5483,32,13.8,0,97.48,100.5,113.64
PO-003333,2025-07-26,SUP-013,CMP-007,4242,4242,55,47.03,3,97.53,100.46,113.65
PO-003689,2025-07-26,SUP-022,CMP-005,5852,5852,89,114.1,2,97.53,100.46,113.65
PO-004371,2025-07-26,SUP-039,CMP-007,1063,1063,6,41.82,1,97.53,100.46,113.65
PO-000026,2025-07-26,SUP-035,CMP-000,4544,4544,40,30.78,7,97.53,100.46,113.65
PO-002015,2025-07-26,SUP-041,CMP-000,3476,3476,44,32.38,-1,97.53,100.46,113.65
PO-003581,2025-07-26,SUP-035,CMP-003,1909,1909,17,7.0,1,97.53,100.46,113.65
PO-002712,2025-07-27,SUP-029,CMP-000,2190,2190,16,30.57,3,97.58,100.42,113.66
PO-004206,2025-07-27,SUP-033,CMP-006,5534,5534,269,30.14,2,97.58,100.42,113.66
PO-004732,2025-07-27,SUP-015,CMP-000,3595,3595,66,30.55,9,97.58,100.42,113.66
PO-001714,2025-07-27,SUP-029,CMP-001,2944,2944,32,9.34,0,97.58,100.42,113.66
PO-000875,2025-07-27,SUP-018,CMP-006,795,795,16,29.43,1,97.58,100.42,113.66
PO-001226,2025-07-28,SUP-005,CMP-005,4081,4081,243,118.17,-3,97.63,100.38,113.66
PO-002589,2025-07-28,SUP-036,CMP-009,5656,5656,31,13.73,5,97.63,100.38,113.66
PO-003236,2025-07-28,SUP-026,CMP-007,4712,4712,51,46.36,0,97.63,100.38,113.66
PO-004152,2025-07-28,SUP-022,CMP-000,1750,1750,6,31.22,1,97.63,100.38,113.66
PO-000603,2025-07-28,SUP-018,CMP-004,4692,4692,118,69.28,4,97.63,100.38,113.66
PO-001601,2025-07-28,SUP-041,CMP-000,2509,2509,31,30.32,-3,97.63,100.38,113.66
PO-000608,2025-07-28,SUP-033,CMP-004,520,520,19,80.22,2,97.63,100.38,113.66
PO-001701,2025-07-29,SUP-012,CMP-001,5146,5146,86,9.77,-1,97.68,100.34,113.67
PO-002424,2025-07-29,SUP-052,CMP-000,4083,4083,124,30.43,2,97.68,100.34,113.67
PO-002241,2025-07-29,SUP-023,CMP-004,2384,2384,6,77.56,0,97.68,100.34,113.67
PO-001071,2025-07-29,SUP-000,CMP-000,1552,1552,27,31.5,1,97.68,100.34,113.67
PO-003647,2025-07-29,SUP-021,CMP-005,5707,5707,65,115.56,1,97.68,100.34,113.67
PO-000724,2025-07-30,SUP-052,CMP-004,1380,1380,34,77.96,4,97.73,100.3,113.67
PO-003619,2025-07-30,SUP-008,CMP-004,5006,5006,105,73.35,-2,97.73,100.3,113.67
PO-002131,2025-07-30,SUP-028,CMP-009,4765,4765,79,12.85,2,97.73,100.3,113.67
PO-004190,2025-07-30,SUP-010,CMP-007,2978,2978,31,45.4,2,97.73,100.3,113.67
PO-000995,2025-07-30,SUP-003,CMP-008,5394,5394,121,18.09,-2,97.73,100.3,113.67
PO-003272,2025-07-30,SUP-023,CMP-008,3547,3547,13,18.5,-4,97.73,100.3,113.67
PO-001502,2025-07-31,SUP-051,CMP-004,754,754,10,80.15,4,97.79,100.26,113.67
PO-003127,2025-07-31,SUP-038,CMP-003,1157,1157,14,7.42,1,97.79,100.26,113.67
PO-000577,2025-08-01,SUP-006,CMP-006,5485,5485,98,29.63,-1,97.84,100.22,113.68
PO-002730,2025-08-01,SUP-015,CMP-004,4101,4101,87,76.03,5,97.84,100.22,113.68
PO-001182,2025-08-01,SUP-053,CMP-007,2210,2210,32,41.3,4,97.84,100.22,113.68
PO-002295,2025-08-01,SUP-030,CMP-004,3726,3726,51,76.24,3,97.84,100.22,113.68
PO-004500,2025-08-01,SUP-038,CMP-001,3779,3779,96,9.04,-1,97.84,100.22,113.68
PO-001392,2025-08-02,SUP-036,CMP-004,3859,3859,29,75.73,5,97.89,100.19,113.68
PO-002037,2025-08-02,SUP-041,CMP-005,4818,4818,62,116.85,1,97.89,100.19,113.68
PO-001540,2025-08-02,SUP-033,CMP-005,2588,2588,33,121.64,-3,97.89,100.19,113.68
PO-000580,2025-08-02,SUP-037,CMP-006,513,513,5,28.21,0,97.89,100.19,113.68
PO-001935,2025-08-02,SUP-007,CMP-000,5431,5431,54,32.04,4,97.89,100.19,113.68
PO-001393,2025-08-03,SUP-015,CMP-006,3940,3940,92,29.14,7,97.94,100.15,113.68
PO-000686,2025-08-03,SUP-047,CMP-004,4196,4196,20,71.65,4,97.94,100.15,113.68
PO-004735,2025-08-03,SUP-041,CMP-004,4046,4046,44,72.45,4,97.94,100.15,113.68
PO-003952,2025-08-03,SUP-020,CMP-009,953,953,5,13.19,6,97.94,100.15,113.68
PO-003166,2025-08-03,SUP-042,CMP-004,5900,5900,117,80.69,1,97.94,100.15,113.68
PO-000388,2025-08-03,SUP-006,CMP-009,4318,4318,71,13.77,2,97.94,100.15,113.68
PO-000263,2025-08-03,SUP-036,CMP-007,336,336,3,44.0,5,97.94,100.15,113.68
PO-000730,2025-08-03,SUP-005,CMP-009,3748,3748,126,13.91,2,97.94,100.15,113.68
PO-001274,2025-08-04,SUP-002,CMP-000,5314,5314,79,30.94,1,97.99,100.12,113.68
PO-000634,2025-08-04,SUP-030,CMP-007,2771,2771,60,44.78,2,97.99,100.12,113.68
PO-004490,2025-08-04,SUP-023,CMP-001,2394,2394,10,9.32,2,97.99,100.12,113.68
PO-001938,2025-08-05,SUP-040,CMP-007,3338,3338,23,43.24,1,98.04,100.08,113.67
PO-000280,2025-08-05,SUP-033,CMP-005,5196,5196,136,123.04,3,98.04,100.08,113.67
PO-002530,2025-08-05,SUP-035,CMP-007,331,331,2,44.8,2,98.04,100.08,113.67
PO-001868,2025-08-05,SUP-038,CMP-004,1284,1284,11,78.87,-1,98.04,100.08,113.67
PO-002146,2025-08-05,SUP-022,CMP-004,552,552,3,79.64,-1,98.04,100.08,113.67
PO-001072,2025-08-05,SUP-010,CMP-005,4331,4331,10,119.52,0,98.04,100.08,113.67
PO-004217,2025-08-05,SUP-038,CMP-004,2501,2501,53,71.17,-1,98.04,100.08,113.67
PO-000814,2025-08-06,SUP-022,CMP-004,1906,1906,31,75.72,2,98.09,100.05,113.67
PO-002568,2025-08-06,SUP-013,CMP-004,1457,1457,56,75.58,4,98.09,100.05,113.67
PO-003907,2025-08-06,SUP-016,CMP-005,1052,1052,13,118.16,0,98.09,100.05,113.67
PO-002794,2025-08-07,SUP-023,CMP-000,4013,4013,29,32.56,3,98.14,100.02,113.67
PO-003080,2025-08-07,SUP-011,CMP-006,1833,1833,12,28.48,2,98.14,100.02,113.67
PO-003831,2025-08-07,SUP-010,CMP-007,4083,4083,39,45.85,-1,98.14,100.02,113.67
PO-000714,2025-08-07,SUP-004,CMP-007,940,940,18,42.76,4,98.14,100.02,113.67
PO-001542,2025-08-07,SUP-027,CMP-005,4829,4829,50,114.72,3,98.14,100.02,113.67
PO-004706,2025-08-07,SUP-039,CMP-001,4266,4266,57,9.26,2,98.14,100.02,113.67
PO-003230,2025-08-07,SUP-049,CMP-006,4941,4941,82,30.26,-3,98.14,100.02,113.67
PO-002529,2025-08-08,SUP-021,CMP-001,5201,5201,86,8.98,0,98.2,99.99,113.66
PO-002217,2025-08-08,SUP-046,CMP-001,2136,2136,18,9.2,-1,98.2,99.99,113.66
PO-002624,2025-08-08,SUP-049,CMP-003,402,402,12,7.35,-4,98.2,99.99,113.66
PO-001401,2025-08-08,SUP-038,CMP-009,3356,3356,57,12.51,3,98.2,99.99,113.66
PO-002789,2025-08-08,SUP-034,CMP-001,4389,4389,15,9.03,1,98.2,99.99,113.66
PO-003013,2025-08-08,SUP-047,CMP-003,480,480,2,7.18,6,98.2,99.99,113.66
PO-000572,2025-08-08,SUP-017,CMP-005,2627,2627,45,122.33,-2,98.2,99.99,113.66
PO-000426,2025-08-08,SUP-029,CMP-000,722,722,10,30.11,0,98.2,99.99,113.66
PO-003314,2025-08-08,SUP-041,CMP-000,1298,1298,61,32.75,-3,98.2,99.99,113.66
PO-004204,2025-08-09,SUP-044,CMP-004,5190,5190,47,70.89,4,98.25,99.96,113.65
PO-003111,2025-08-10,SUP-014,CMP-009,4673,4673,18,13.42,2,98.3,99.93,113.65
PO-003844,2025-08-10,SUP-026,CMP-003,3543,3543,127,7.22,2,98.3,99.93,113.65
PO-000641,2025-08-10,SUP-031,CMP-004,3394,3394,97,76.16,-1,98.3,99.93,113.65
PO-001051,2025-08-11,SUP-045,CMP-002,2802,2802,14,5.43,0,98.35,99.9,113.64
PO-001902,2025-08-11,SUP-045,CMP-001,5459,5459,16,10.05,1,98.35,99.9,113.64
PO-000012,2025-08-11,SUP-018,CMP-006,3381,3381,36,28.33,3,98.35,99.9,113.64
PO-003623,2025-08-11,SUP-004,CMP-007,870,870,15,44.24,1,98.35,99.9,113.64
PO-004526,2025-08-11,SUP-034,CMP-009,5483,5483,13,14.01,2,98.35,99.9,113.64
PO-004373,2025-08-11,SUP-003,CMP-003,761,761,5,7.4,4,98.35,99.9,113.64
PO-000850,2025-08-11,SUP-051,CMP-008,2680,2680,52,19.2,0,98.35,99.9,113.64
PO-001922,2025-08-11,SUP-017,CMP-002,3871,3871,70,4.86,1,98.35,99.9,113.64
PO-003663,2025-08-11,SUP-010,CMP-000,2065,2065,14,32.39,-1,98.35,99.9,113.64
PO-002628,2025-08-11,SUP-027,CMP-004,5878,5878,39,77.9,3,98.35,99.9,113.64
PO-001453,2025-08-12,SUP-027,CMP-001,562,562,2,9.59,5,98.4,99.87,113.63
PO-000105,2025-08-12,SUP-006,CMP-003,1363,1363,14,7.32,3,98.4,99.87,113.63
PO-001522,2025-08-12,SUP-050,CMP-007,2319,2319,25,44.82,-3,98.4,99.87,113.63
PO-000894,2025-08-12,SUP-043,CMP-007,5558,5558,47,43.69,5,98.4,99.87,113.63
PO-001202,2025-08-12,SUP-048,CMP-004,3565,3565,20,74.39,-3,98.4,99.87,113.63
PO-003377,2025-08-12,SUP-032,CMP-000,3459,3459,29,32.54,0,98.4,99.87,113.63
PO-000910,2025-08-13,SUP-016,CMP-007,3019,3019,55,45.51,3,98.45,99.84,113.62
PO-002095,2025-08-13,SUP-050,CMP-007,3602,3602,27,41.37,5,98.45,99.84,113.62
PO-004158,2025-08-13,SUP-032,CMP-002,1315,1315,10,4.63,20,98.45,99.84,113.62
PO-003045,2025-08-14,SUP-005,CMP-005,4481,4481,158,125.69,-1,98.5,99.82,113.61
PO-001593,2025-08-14,SUP-031,CMP-007,3614,3614,18,45.61,-2,98.5,99.82,113.61
PO-001115,2025-08-14,SUP-052,CMP-001,4213,4213,143,9.88,0,98.5,99.82,113.61
PO-003135,2025-08-14,SUP-044,CMP-003,631,631,6,7.67,-1,98.5,99.82,113.61
PO-003867,2025-08-15,SUP-051,CMP-002,5608,5608,142,5.37,-1,98.55,99.79,113.59
PO-001410,2025-08-15,SUP-053,CMP-004,4916,4916,41,75.14,6,98.55,99.79,113.59
PO-000775,2025-08-15,SUP-044,CMP-007,3260,3260,38,43.33,-1,98.55,99.79,113.59
PO-000826,2025-08-15,SUP-037,CMP-007,562,562,10,42.97,0,98.55,99.79,113.59
PO-003905,2025-08-15,SUP-047,CMP-008,553,553,4,18.6,-2,98.55,99.79,113.59
PO-000963,2025-08-15,SUP-004,CMP-004,1081,1081,15,73.97,1,98.55,99.79,113.59
PO-000928,2025-08-16,SUP-027,CMP-009,4313,4313,11,13.03,3,98.6,99.77,113.58
PO-003891,2025-08-16,SUP-045,CMP-000,966,966,6,30.9,0,98.6,99.77,113.58
PO-000173,2025-08-16,SUP-041,CMP-004,3345,3345,58,74.44,-1,98.6,99.77,113.58
PO-002531,2025-08-17,SUP-021,CMP-002,5491,5491,103,5.13,0,98.65,99.75,113.56
PO-000993,2025-08-17,SUP-052,CMP-000,5356,5356,119,32.26,-3,98.65,99.75,113.56
PO-000038,2025-08-17,SUP-020,CMP-004,2609,2609,21,75.49,1,98.65,99.75,113.56
PO-000922,2025-08-17,SUP-028,CMP-006,5707,5707,69,28.39,2,98.65,99.75,113.56
PO-003546,2025-08-17,SUP-040,CMP-000,5801,5801,16,30.0,1,98.65,99.75,113.56
PO-003572,2025-08-17,SUP-036,CMP-000,3991,3991,28,30.81,-1,98.65,99.75,113.56
PO-004679,2025-08-17,SUP-001,CMP-001,372,372,3,9.21,-2,98.65,99.75,113.56
PO-000985,2025-08-18,SUP-024,CMP-006,1646,1646,66,26.7,0,98.7,99.72,113.55
PO-000120,2025-08-18,SUP-052,CMP-000,5787,5787,61,30.79,1,98.7,99.72,113.55
PO-001648,2025-08-18,SUP-018,CMP-004,185,185,5,75.38,0,98.7,99.72,113.55
PO-003708,2025-08-18,SUP-017,CMP-004,4922,4922,115,76.7,3,98.7,99.72,113.55
PO-000593,2025-08-18,SUP-020,CMP-009,3513,3513,28,13.09,1,98.7,99.72,113.55
PO-004167,2025-08-19,SUP-020,CMP-004,1514,1514,19,77.64,5,98.75,99.7,113.53
PO-004450,2025-08-19,SUP-016,CMP-004,2846,2846,19,74.16,4,98.75,99.7,113.53
PO-001821,2025-08-19,SUP-051,CMP-003,1596,1596,21,7.6,-3,98.75,99.7,113.53
PO-000028,2025-08-19,SUP-045,CMP-007,4414,4414,11,44.4,-3,98.75,99.7,113.53
PO-003557,2025-08-19,SUP-006,CMP-004,4445,4445,164,76.77,2,98.75,99.7,113.53
PO-001660,2025-08-19,SUP-029,CMP-007,3285,3285,71,42.62,2,98.75,99.7,113.53
PO-002921,2025-08-19,SUP-036,CMP-003,3660,3660,9,7.35,4,98.75,99.7,113.53
PO-002186,2025-08-20,SUP-052,CMP-000,3894,3894,86,31.77,0,98.8,99.68,113.51
PO-002512,2025-08-20,SUP-006,CMP-004,1891,1891,28,75.02,-1,98.8,99.68,113.51
PO-000092,2025-08-20,SUP-021,CMP-001,3734,3734,75,9.66,1,98.8,99.68,113.51
PO-004653,2025-08-20,SUP-001,CMP-006,3003,3003,26,28.12,1,98.8,99.68,113.51
PO-001241,2025-08-20,SUP-045,CMP-006,4318,4318,12,30.31,1,98.8,99.68,113.51
PO-000621,2025-08-20,SUP-019,CMP-003,3879,3879,49,7.23,-1,98.8,99.68,113.51
PO-002909,2025-08-20,SUP-003,CMP-006,739,739,31,28.63,2,98.8,99.68,113.51
PO-001547,2025-08-20,SUP-015,CMP-005,233,233,8,121.76,5,98.8,99.68,113.51
PO-002179,2025-08-20,SUP-040,CMP-009,1925,1925,9,13.34,4,98.8,99.68,113.51
PO-003769,2025-08-21,SUP-002,CMP-001,4467,4467,195,9.8,-1,98.84,99.67,113.5
PO-002218,2025-08-21,SUP-018,CMP-006,5055,5055,144,30.61,1,98.84,99.67,113.5
PO-002734,2025-08-21,SUP-051,CMP-009,4771,4771,66,14.35,-3,98.84,99.67,113.5
PO-001244,2025-08-21,SUP-012,CMP-009,1350,1350,17,12.67,0,98.84,99.67,113.5
PO-004785,2025-08-21,SUP-031,CMP-006,4631,4631,83,28.03,2,98.84,99.67,113.5
PO-000536,2025-08-21,SUP-001,CMP-000,2600,2600,88,32.18,-2,98.84,99.67,113.5
PO-002701,2025-08-21,SUP-001,CMP-004,4279,4279,72,75.24,0,98.84,99.67,113.5
PO-002332,2025-08-21,SUP-002,CMP-003,484,484,16,7.06,4,98.84,99.67,113.5
PO-003253,2025-08-21,SUP-025,CMP-005,4524,4524,73,124.1,3,98.84,99.67,113.5
PO-000059,2025-08-22,SUP-043,CMP-000,4720,4720,21,29.65,5,98.89,99.65,113.48
PO-003580,2025-08-22,SUP-008,CMP-000,3989,3989,61,31.47,2,98.89,99.65,113.48
PO-000041,2025-08-22,SUP-007,CMP-008,279,279,3,18.25,6,98.89,99.65,113.48
PO-004335,2025-08-22,SUP-020,CMP-005,2113,2113,17,120.64,5,98.89,99.65,113.48
PO-001794,2025-08-22,SUP-019,CMP-002,722,722,10,4.87,0,98.89,99.65,113.48
PO-003337,2025-08-23,SUP-044,CMP-008,3836,3836,147,19.04,0,98.94,99.63,113.45
PO-002477,2025-08-23,SUP-046,CMP-004,5220,5220,67,75.19,0,98.94,99.63,113.45
PO-000423,2025-08-23,SUP-027,CMP-002,3113,3113,11,4.85,1,98.94,99.63,113.45
PO-002595,2025-08-23,SUP-047,CMP-000,3125,3125,52,32.69,5,98.94,99.63,113.45
PO-002486,2025-08-23,SUP-033,CMP-002,1852,1852,158,5.09,2,98.94,99.63,113.45
PO-004109,2025-08-23,SUP-015,CMP-002,4403,4403,58,5.22,9,98.94,99.63,113.45
PO-001046,2025-08-24,SUP-013,CMP-001,930,930,10,9.61,5,98.99,99.62,113.43
PO-000760,2025-08-24,SUP-028,CMP-000,1757,1757,65,32.99,1,98.99,99.62,113.43
PO-001452,2025-08-24,SUP-015,CMP-002,4319,4319,86,4.89,9,98.99,99.62,113.43
PO-002389,2025-08-25,SUP-049,CMP-002,830,830,16,5.12,-1,99.04,99.6,113.41
PO-003893,2025-08-25,SUP-008,CMP-006,2885,2885,51,28.39,1,99.04,99.6,113.41
PO-004328,2025-08-25,SUP-018,CMP-004,5120,5120,85,80.49,-4,99.04,99.6,113.41
PO-002137,2025-08-25,SUP-035,CMP-000,5025,5025,13,31.86,1,99.04,99.6,113.41
PO-002224,2025-08-25,SUP-020,CMP-007,3709,3709,33,43.18,1,99.04,99.6,113.41
PO-002649,2025-08-26,SUP-026,CMP-004,543,543,28,77.3,-2,99.08,99.59,113.39
PO-001058,2025-08-26,SUP-031,CMP-004,445,445,16,76.22,0,99.08,99.59,113.39
PO-002634,2025-08-26,SUP-007,CMP-004,1473,1473,12,74.77,4,99.08,99.59,113.39
PO-002603,2025-08-26,SUP-035,CMP-008,3959,3959,14,17.95,5,99.08,99.59,113.39
PO-003211,2025-08-26,SUP-032,CMP-001,194,194,3,9.36,-1,99.08,99.59,113.39
PO-004660,2025-08-26,SUP-036,CMP-004,5839,5839,32,75.93,2,99.08,99.59,113.39
PO-004778,2025-08-26,SUP-037,CMP-000,1378,1378,9,31.48,-2,99.08,99.59,113.39
PO-003612,2025-08-27,SUP-049,CMP-009,5226,5226,59,13.17,-2,99.13,99.58,113.36
PO-000854,2025-08-27,SUP-003,CMP-006,847,847,22,28.66,2,99.13,99.58,113.36
PO-001485,2025-08-27,SUP-024,CMP-000,346,346,10,31.25,0,99.13,99.58,113.36
PO-001449,2025-08-27,SUP-011,CMP-008,2772,2772,28,19.17,-1,99.13,99.58,113.36
PO-002100,2025-08-27,SUP-021,CMP-003,5866,5866,71,7.37,3,99.13,99.58,113.36
PO-004563,2025-08-27,SUP-029,CMP-004,1769,1769,16,71.53,2,99.13,99.58,113.36
PO-000272,2025-08-28,SUP-036,CMP-004,4506,4506,23,74.2,2,99.18,99.57,113.33
PO-000635,2025-08-28,SUP-049,CMP-005,3992,3992,41,122.81,-3,99.18,99.57,113.33
PO-003217,2025-08-29,SUP-031,CMP-009,3954,3954,48,13.15,3,99.22,99.56,113.31
PO-001238,2025-08-29,SUP-005,CMP-004,3258,3258,29,75.08,1,99.22,99.56,113.31
PO-001543,2025-08-29,SUP-047,CMP-009,601,601,4,13.47,4,99.22,99.56,113.31
PO-002463,2025-08-30,SUP-027,CMP-001,2632,2632,9,9.64,5,99.27,99.55,113.28
PO-003000,2025-08-30,SUP-006,CMP-007,1572,1572,18,44.72,1,99.27,99.55,113.28
PO-000304,2025-08-30,SUP-021,CMP-002,1526,1526,11,4.85,2,99.27,99.55,113.28
PO-001258,2025-08-30,SUP-038,CMP-002,496,496,4,4.93,4,99.27,99.55,113.28
PO-001569,2025-08-30,SUP-034,CMP-007,1924,1924,5,44.3,1,99.27,99.55,113.28
PO-002902,2025-08-31,SUP-006,CMP-004,2316,2316,67,80.51,2,99.32,99.54,113.25
PO-000753,2025-08-31,SUP-007,CMP-004,5169,5169,38,72.94,4,99.32,99.54,113.25
PO-001461,2025-08-31,SUP-041,CMP-001,1707,1707,29,9.07,-2,99.32,99.54,113.25
PO-003959,2025-08-31,SUP-026,CMP-002,1825,1825,43,4.93,2,99.32,99.54,113.25
PO-003575,2025-08-31,SUP-005,CMP-001,1005,1005,32,9.52,2,99.32,99.54,113.25
PO-002027,2025-09-01,SUP-028,CMP-004,5559,5559,94,74.21,3,99.36,99.54,113.22
PO-004795,2025-09-01,SUP-026,CMP-008,1374,1374,36,18.88,-2,99.36,99.54,113.22
PO-002268,2025-09-01,SUP-034,CMP-002,1788,1788,7,5.09,4,99.36,99.54,113.22
PO-002811,2025-09-01,SUP-007,CMP-002,2819,2819,47,4.75,4,99.36,99.54,113.22
PO-002759,2025-09-01,SUP-024,CMP-007,2419,2419,111,42.07,0,99.36,99.54,113.22
PO-003970,2025-09-02,SUP-009,CMP-002,2092,2092,38,4.91,4,99.41,99.53,113.19
PO-002138,2025-09-02,SUP-028,CMP-004,1185,1185,21,76.8,-1,99.41,99.53,113.19
PO-000683,2025-09-02,SUP-032,CMP-007,3031,3031,47,44.25,-2,99.41,99.53,113.19
PO-000156,2025-09-02,SUP-031,CMP-004,847,847,15,75.04,0,99.41,99.53,113.19
PO-002458,2025-09-02,SUP-035,CMP-003,5708,5708,46,7.04,-2,99.41,99.53,113.19
PO-002985,2025-09-02,SUP-036,CMP-001,2248,2248,21,9.03,2,99.41,99.53,113.19
PO-001041,2025-09-02,SUP-045,CMP-002,640,640,4,4.93,0,99.41,99.53,113.19
PO-004533,2025-09-03,SUP-015,CMP-008,4871,4871,63,18.36,5,99.45,99.53,113.16
PO-002742,2025-09-03,SUP-036,CMP-005,3595,3595,18,117.43,1,99.45,99.53,113.16
PO-001653,2025-09-03,SUP-011,CMP-004,5662,5662,60,75.09,0,99.45,99.53,113.16
PO-002342,2025-09-03,SUP-011,CMP-004,608,608,7,78.14,1,99.45,99.53,113.16
PO-003712,2025-09-03,SUP-041,CMP-003,1151,1151,20,7.15,0,99.45,99.53,113.16
PO-000512,2025-09-04,SUP-014,CMP-000,3144,3144,16,31.44,-4,99.5,99.53,113.12
PO-002171,2025-09-04,SUP-006,CMP-008,4626,4626,42,18.05,0,99.5,99.53,113.12
PO-004505,2025-09-04,SUP-002,CMP-005,5016,5016,121,119.5,-1,99.5,99.53,113.12
PO-001858,2025-09-04,SUP-047,CMP-004,4987,4987,67,77.38,0,99.5,99.53,113.12
PO-002591,2025-09-05,SUP-006,CMP-007,2986,2986,33,42.68,0,99.54,99.53,113.09
PO-000097,2025-09-05,SUP-016,CMP-002,2555,2555,43,5.06,1,99.54,99.53,113.09
PO-002939,2025-09-05,SUP-034,CMP-000,1496,1496,16,30.2,-2,99.54,99.53,113.09
PO-001129,2025-09-05,SUP-018,CMP-003,1147,1147,7,7.57,0,99.54,99.53,113.09
PO-003295,2025-09-06,SUP-007,CMP-001,5701,5701,22,9.72,1,99.59,99.53,113.05
PO-000891,2025-09-06,SUP-052,CMP-007,4917,4917,100,43.68,-2,99.59,99.53,113.05
PO-003765,2025-09-06,SUP-000,CMP-000,5333,5333,81,32.18,-2,99.59,99.53,113.05
PO-002653,2025-09-06,SUP-029,CMP-005,5610,5610,46,115.7,1,99.59,99.53,113.05
PO-002116,2025-09-06,SUP-027,CMP-004,4486,4486,15,104.37,3,99.59,99.53,113.05
PO-004682,2025-09-06,SUP-025,CMP-001,2645,2645,27,9.56,6,99.59,99.53,113.05
PO-003683,2025-09-07,SUP-053,CMP-001,1439,1439,34,9.62,-2,99.63,99.53,113.02
PO-000323,2025-09-07,SUP-018,CMP-001,2784,2784,40,9.3,1,99.63,99.53,113.02
PO-004038,2025-09-07,SUP-033,CMP-000,1490,1490,33,32.38,0,99.63,99.53,113.02
PO-000089,2025-09-07,SUP-038,CMP-004,599,599,6,74.16,3,99.63,99.53,113.02
PO-000528,2025-09-07,SUP-027,CMP-003,387,387,2,7.57,3,99.63,99.53,113.02
PO-001730,2025-09-07,SUP-018,CMP-006,4063,4063,41,28.79,2,99.63,99.53,113.02
PO-000715,2025-09-08,SUP-029,CMP-004,4869,4869,70,76.46,3,99.67,99.53,112.98
PO-002682,2025-09-08,SUP-050,CMP-003,1199,1199,10,7.26,1,99.67,99.53,112.98
PO-000131,2025-09-08,SUP-002,CMP-009,1553,1553,65,12.9,2,99.67,99.53,112.98
PO-004092,2025-09-08,SUP-028,CMP-000,3393,3393,43,34.39,1,99.67,99.53,112.98
PO-000802,2025-09-08,SUP-009,CMP-003,4830,4830,51,6.93,3,99.67,99.53,112.98
PO-004024,2025-09-08,SUP-029,CMP-004,4938,4938,106,77.58,0,99.67,99.53,112.98
PO-001000,2025-09-09,SUP-040,CMP-008,2285,2285,18,18.37,1,99.71,99.53,112.94
PO-001609,2025-09-09,SUP-030,CMP-006,4892,4892,90,29.19,7,99.71,99.53,112.94
PO-002356,2025-09-09,SUP-012,CMP-009,4299,4299,58,12.6,3,99.71,99.53,112.94
PO-003378,2025-09-09,SUP-041,CMP-001,5637,5637,67,9.63,-1,99.71,99.53,112.94
PO-001751,2025-09-09,SUP-023,CMP-004,4656,4656,27,79.46,3,99.71,99.53,112.94
PO-001535,2025-09-09,SUP-044,CMP-001,5293,5293,48,10.25,-2,99.71,99.53,112.94
PO-000566,2025-09-09,SUP-002,CMP-004,3761,3761,96,66.97,-1,99.71,99.53,112.94
PO-000935,2025-09-10,SUP-015,CMP-004,5815,5815,189,77.36,5,99.76,99.54,112.9
PO-000816,2025-09-10,SUP-035,CMP-003,1969,1969,20,7.46,4,99.76,99.54,112.9
PO-000969,2025-09-10,SUP-040,CMP-000,651,651,6,30.67,2,99.76,99.54,112.9
PO-003487,2025-09-10,SUP-004,CMP-009,2167,2167,16,13.68,2,99.76,99.54,112.9
PO-001017,2025-09-10,SUP-045,CMP-008,2916,2916,18,18.31,-4,99.76,99.54,112.9
PO-004758,2025-09-10,SUP-001,CMP-000,2237,2237,34,31.48,1,99.76,99.54,112.9
PO-001404,2025-09-11,SUP-021,CMP-006,4819,4819,22,29.47,-2,99.8,99.54,112.86
PO-001815,2025-09-11,SUP-026,CMP-002,5718,5718,113,4.83,2,99.8,99.54,112.86
PO-004672,2025-09-11,SUP-012,CMP-001,2813,2813,99,9.04,0,99.8,99.54,112.86
PO-004189,2025-09-11,SUP-008,CMP-005,2462,2462,32,122.18,3,99.8,99.54,112.86
PO-000550,2025-09-12,SUP-036,CMP-000,3181,3181,15,32.43,6,99.84,99.55,112.82
PO-003760,2025-09-12,SUP-034,CMP-007,2944,2944,30,44.21,2,99.84,99.55,112.82
PO-001706,2025-09-12,SUP-044,CMP-005,5210,5210,69,125.2,2,99.84,99.55,112.82
PO-002006,2025-09-12,SUP-042,CMP-006,332,332,7,28.7,2,99.84,99.55,112.82
PO-004547,2025-09-12,SUP-047,CMP-006,1104,1104,11,27.64,3,99.84,99.55,112.82
PO-003986,2025-09-12,SUP-029,CMP-002,4145,4145,288,4.83,5,99.84,99.55,112.82
PO-004117,2025-09-12,SUP-003,CMP-001,3998,3998,73,9.86,0,99.84,99.55,112.82
PO-003122,2025-09-12,SUP-000,CMP-004,236,236,3,71.56,-2,99.84,99.55,112.82
PO-002572,2025-09-13,SUP-020,CMP-006,5570,5570,57,29.59,3,99.88,99.56,112.78
PO-001597,2025-09-13,SUP-038,CMP-004,828,828,9,72.73,4,99.88,99.56,112.78
PO-004474,2025-09-14,SUP-017,CMP-001,572,572,9,10.06,1,99.92,99.57,112.73
PO-002890,2025-09-14,SUP-021,CMP-004,2877,2877,29,75.02,-3,99.92,99.57,112.73
PO-002042,2025-09-14,SUP-051,CMP-007,2958,2958,42,44.17,2,99.92,99.57,112.73
PO-003362,2025-09-14,SUP-021,CMP-005,338,338,5,121.89,0,99.92,99.57,112.73
PO-001215,2025-09-14,SUP-009,CMP-004,1179,1179,10,75.48,1,99.92,99.57,112.73
PO-002866,2025-09-15,SUP-035,CMP-000,3329,3329,25,30.22,3,99.96,99.58,112.69
PO-004787,2025-09-15,SUP-048,CMP-009,393,393,2,13.0,-1,99.96,99.58,112.69
PO-000356,2025-09-15,SUP-010,CMP-008,5825,5825,21,18.95,-1,99.96,99.58,112.69
PO-000907,2025-09-16,SUP-031,CMP-009,4167,4167,107,13.2,-2,100.0,99.59,112.64
PO-003602,2025-09-16,SUP-017,CMP-001,1918,1918,21,9.34,-1,100.0,99.59,112.64
PO-003382,2025-09-16,SUP-002,CMP-003,3889,3889,77,7.65,1,100.0,99.59,112.64
PO-002498,2025-09-16,SUP-022,CMP-007,2852,2852,17,41.19,2,100.0,99.59,112.64
PO-003264,2025-09-16,SUP-000,CMP-000,3240,3240,121,33.21,0,100.0,99.59,112.64
PO-001281,2025-09-17,SUP-033,CMP-002,3799,3799,133,4.98,0,100.04,99.61,112.6
PO-003694,2025-09-17,SUP-011,CMP-006,469,469,20,29.61,3,100.04,99.61,112.6
PO-004784,2025-09-17,SUP-005,CMP-004,2774,2774,64,79.21,-2,100.04,99.61,112.6
PO-001564,2025-09-17,SUP-023,CMP-006,3830,3830,46,27.46,3,100.04,99.61,112.6
PO-004728,2025-09-17,SUP-037,CMP-004,1145,1145,4,75.46,2,100.04,99.61,112.6
PO-000936,2025-09-18,SUP-031,CMP-005,5396,5396,50,120.0,2,100.08,99.62,112.55
PO-003520,2025-09-18,SUP-038,CMP-000,1137,1137,11,32.45,6,100.08,99.62,112.55
PO-000750,2025-09-18,SUP-051,CMP-001,3448,3448,79,9.88,0,100.08,99.62,112.55
PO-001108,2025-09-18,SUP-041,CMP-006,1610,1610,39,28.99,0,100.08,99.62,112.55
PO-001079,2025-09-18,SUP-042,CMP-009,3333,3333,20,12.95,4,100.08,99.62,112.55
PO-000830,2025-09-18,SUP-049,CMP-006,620,620,2,28.8,1,100.08,99.62,112.55
PO-000876,2025-09-18,SUP-000,CMP-002,3994,3994,63,5.12,3,100.08,99.62,112.55
PO-001403,2025-09-18,SUP-004,CMP-000,4581,4581,74,30.86,-1,100.08,99.62,112.55
PO-001494,2025-09-18,SUP-034,CMP-003,2739,2739,11,7.55,0,100.08,99.62,112.55
PO-004360,2025-09-19,SUP-006,CMP-006,4442,4442,103,28.92,1,100.12,99.64,112.5
PO-004542,2025-09-19,SUP-019,CMP-005,5582,5582,159,116.58,3,100.12,99.64,112.5
PO-000809,2025-09-19,SUP-015,CMP-004,2490,2490,83,76.15,4,100.12,99.64,112.5
PO-003871,2025-09-20,SUP-009,CMP-007,1510,1510,9,45.76,4,100.16,99.65,112.45
PO-002026,2025-09-20,SUP-045,CMP-004,999,999,10,79.92,1,100.16,99.65,112.45
PO-004358,2025-09-20,SUP-020,CMP-001,555,555,1,9.54,0,100.16,99.65,112.45
PO-002343,2025-09-20,SUP-022,CMP-005,1288,1288,13,120.83,1,100.16,99.65,112.45
PO-000738,2025-09-20,SUP-048,CMP-009,5032,5032,15,13.28,1,100.16,99.65,112.45
PO-000664,2025-09-20,SUP-003,CMP-000,919,919,37,32.14,2,100.16,99.65,112.45
PO-001483,2025-09-20,SUP-020,CMP-001,1369,1369,24,9.32,2,100.16,99.65,112.45
PO-000285,2025-09-21,SUP-034,CMP-009,1290,1290,8,12.84,1,100.19,99.67,112.4
PO-003021,2025-09-21,SUP-030,CMP-004,4009,4009,101,76.97,3,100.19,99.67,112.4
PO-003903,2025-09-21,SUP-015,CMP-004,4949,4949,148,81.11,6,100.19,99.67,112.4
PO-000251,2025-09-21,SUP-023,CMP-008,2020,2020,25,18.46,1,100.19,99.67,112.4
PO-004616,2025-09-21,SUP-007,CMP-004,2334,2334,19,75.34,3,100.19,99.67,112.4
PO-002326,2025-09-21,SUP-025,CMP-007,1515,1515,25,43.35,0,100.19,99.67,112.4
PO-002741,2025-09-22,SUP-052,CMP-004,2065,2065,35,76.49,2,100.23,99.69,112.35
PO-003420,2025-09-22,SUP-002,CMP-006,1008,1008,94,30.03,0,100.23,99.69,112.35
PO-004683,2025-09-22,SUP-001,CMP-001,1296,1296,29,9.65,3,100.23,99.69,112.35
PO-000084,2025-09-23,SUP-045,CMP-004,4307,4307,23,77.93,1,100.27,99.71,112.3
PO-001234,2025-09-23,SUP-010,CMP-005,591,591,3,118.46,1,100.27,99.71,112.3
PO-002365,2025-09-23,SUP-046,CMP-005,3434,3434,29,120.49,2,100.27,99.71,112.3
PO-004409,2025-09-23,SUP-042,CMP-007,3686,3686,45,45.53,3,100.27,99.71,112.3
PO-002372,2025-09-23,SUP-034,CMP-004,5863,5863,30,77.04,4,100.27,99.71,112.3
PO-000073,2025-09-23,SUP-025,CMP-004,378,378,8,70.97,3,100.27,99.71,112.3
PO-004745,2025-09-24,SUP-011,CMP-005,4145,4145,21,115.8,0,100.3,99.73,112.25
PO-004355,2025-09-24,SUP-042,CMP-003,5702,5702,64,7.37,2,100.3,99.73,112.25
PO-001801,2025-09-24,SUP-046,CMP-005,4852,4852,39,112.66,1,100.3,99.73,112.25
PO-003004,2025-09-24,SUP-020,CMP-002,3532,3532,44,4.91,3,100.3,99.73,112.25
PO-004405,2025-09-25,SUP-000,CMP-005,4843,4843,84,114.14,2,100.34,99.76,112.19
PO-002710,2025-09-25,SUP-040,CMP-001,2923,2923,8,10.54,-1,100.34,99.76,112.19
PO-002386,2025-09-26,SUP-036,CMP-006,2564,2564,16,28.54,3,100.37,99.78,112.14
PO-000524,2025-09-26,SUP-035,CMP-007,4089,4089,20,42.13,0,100.37,99.78,112.14
PO-000731,2025-09-26,SUP-009,CMP-000,725,725,12,29.91,2,100.37,99.78,112.14
PO-001834,2025-09-26,SUP-013,CMP-005,4084,4084,180,122.69,6,100.37,99.78,112.14
PO-004289,2025-09-26,SUP-014,CMP-002,1308,1308,12,4.9,0,100.37,99.78,112.14
PO-002688,2025-09-27,SUP-029,CMP-009,3846,3846,71,13.24,6,100.41,99.81,112.08
PO-000010,2025-09-27,SUP-018,CMP-005,1697,1697,20,117.37,-1,100.41,99.81,112.08
PO-001829,2025-09-27,SUP-026,CMP-000,2820,2820,46,32.87,3,100.41,99.81,112.08
PO-003068,2025-09-27,SUP-038,CMP-004,2644,2644,40,73.52,-1,100.41,99.81,112.08
PO-003101,2025-09-28,SUP-004,CMP-008,2423,2423,45,18.0,6,100.44,99.83,112.03
PO-004153,2025-09-28,SUP-007,CMP-009,2031,2031,11,13.4,1,100.44,99.83,112.03
PO-003408,2025-09-28,SUP-018,CMP-004,4607,4607,104,71.87,-1,100.44,99.83,112.03
PO-003796,2025-09-28,SUP-034,CMP-004,1865,1865,12,72.77,0,100.44,99.83,112.03
PO-001030,2025-09-28,SUP-047,CMP-009,5891,5891,15,14.46,2,100.44,99.83,112.03
PO-000824,2025-09-28,SUP-024,CMP-009,2676,2676,49,12.71,5,100.44,99.83,112.03
PO-002709,2025-09-28,SUP-005,CMP-003,3251,3251,84,7.36,0,100.44,99.83,112.03
PO-001840,2025-09-28,SUP-019,CMP-009,5158,5158,86,15.73,1,100.44,99.83,112.03
PO-003312,2025-09-28,SUP-023,CMP-003,5129,5129,31,7.65,2,100.44,99.83,112.03
PO-003837,2025-09-29,SUP-018,CMP-006,5437,5437,87,26.93,0,100.48,99.86,111.97
PO-004178,2025-09-29,SUP-026,CMP-002,439,439,6,4.99,0,100.48,99.86,111.97
PO-000531,2025-09-29,SUP-037,CMP-000,5709,5709,30,30.53,1,100.48,99.86,111.97
PO-000502,2025-09-29,SUP-025,CMP-003,3501,3501,91,7.2,2,100.48,99.86,111.97
PO-001481,2025-09-29,SUP-024,CMP-000,3954,3954,115,32.49,-3,100.48,99.86,111.97
PO-003767,2025-09-29,SUP-030,CMP-004,184,184,1,72.3,-2,100.48,99.86,111.97
PO-001690,2025-09-30,SUP-050,CMP-004,449,449,5,74.71,-2,100.51,99.89,111.91
PO-000618,2025-09-30,SUP-035,CMP-004,4055,4055,24,77.36,2,100.51,99.89,111.91
PO-001634,2025-09-30,SUP-006,CMP-006,4478,4478,71,30.58,1,100.51,99.89,111.91
PO-003890,2025-10-01,SUP-005,CMP-004,4734,4734,111,78.6,3,100.54,99.92,111.85
PO-002104,2025-10-01,SUP-047,CMP-004,3522,3522,43,72.92,1,100.54,99.92,111.85
PO-002288,2025-10-02,SUP-029,CMP-008,661,661,11,18.96,0,100.57,99.95,111.79
PO-002861,2025-10-02,SUP-001,CMP-004,3581,3581,50,81.46,-4,100.57,99.95,111.79
PO-004240,2025-10-02,SUP-045,CMP-004,5143,5143,45,77.9,1,100.57,99.95,111.79
PO-000877,2025-10-02,SUP-015,CMP-006,1390,1390,38,30.59,7,100.57,99.95,111.79
PO-000601,2025-10-02,SUP-008,CMP-000,1652,1652,81,30.5,-1,100.57,99.95,111.79
PO-004656,2025-10-03,SUP-028,CMP-001,1302,1302,20,9.85,2,100.6,99.99,111.73
PO-003632,2025-10-03,SUP-010,CMP-000,4820,4820,17,33.14,-1,100.6,99.99,111.73
PO-002225,2025-10-03,SUP-034,CMP-007,1868,1868,8,42.33,-1,100.6,99.99,111.73
PO-001156,2025-10-03,SUP-036,CMP-008,1251,1251,7,18.07,1,100.6,99.99,111.73
PO-001946,2025-10-03,SUP-053,CMP-001,2784,2784,28,9.81,0,100.6,99.99,111.73
PO-001749,2025-10-03,SUP-007,CMP-008,4500,4500,94,17.25,6,100.6,99.99,111.73
PO-004301,2025-10-04,SUP-036,CMP-004,5629,5629,18,67.88,0,100.63,100.02,111.67
PO-003238,2025-10-04,SUP-050,CMP-000,2236,2236,28,32.31,3,100.63,100.02,111.67
PO-004388,2025-10-04,SUP-037,CMP-008,1686,1686,5,17.48,1,100.63,100.02,111.67
PO-000842,2025-10-04,SUP-009,CMP-004,5519,5519,96,74.01,1,100.63,100.02,111.67
PO-004525,2025-10-04,SUP-018,CMP-000,3558,3558,64,31.32,3,100.63,100.02,111.67
PO-002660,2025-10-04,SUP-006,CMP-007,3964,3964,101,45.17,0,100.63,100.02,111.67
PO-004078,2025-10-04,SUP-019,CMP-001,4676,4676,71,8.78,-2,100.63,100.02,111.67
PO-004102,2025-10-04,SUP-048,CMP-009,190,190,1,13.15,2,100.63,100.02,111.67
PO-003973,2025-10-05,SUP-047,CMP-002,5707,5707,17,5.03,6,100.66,100.06,111.6
PO-001761,2025-10-05,SUP-037,CMP-008,945,945,6,18.04,-3,100.66,100.06,111.6
PO-001612,2025-10-05,SUP-002,CMP-007,2980,2980,12,42.37,-1,100.66,100.06,111.6
PO-004138,2025-10-05,SUP-038,CMP-007,881,881,6,42.48,-2,100.66,100.06,111.6
PO-003250,2025-10-05,SUP-029,CMP-000,268,268,3,31.77,0,100.66,100.06,111.6
PO-004252,2025-10-05,SUP-002,CMP-005,3061,3061,36,119.88,6,100.66,100.06,111.6
PO-000526,2025-10-05,SUP-009,CMP-007,1346,1346,36,43.16,1,100.66,100.06,111.6
PO-004043,2025-10-05,SUP-018,CMP-004,1019,1019,72,78.47,4,100.66,100.06,111.6
PO-003770,2025-10-06,SUP-038,CMP-000,5337,5337,61,32.17,4,100.69,100.09,111.54
PO-003339,2025-10-06,SUP-027,CMP-009,5877,5877,13,13.09,6,100.69,100.09,111.54
PO-000275,2025-10-06,SUP-040,CMP-003,5886,5886,15,7.45,-1,100.69,100.09,111.54
PO-002552,2025-10-06,SUP-042,CMP-001,1197,1197,15,10.12,1,100.69,100.09,111.54
PO-003676,2025-10-06,SUP-020,CMP-004,208,208,2,75.11,1,100.69,100.09,111.54
PO-001490,2025-10-07,SUP-006,CMP-008,3910,3910,68,18.38,0,100.72,100.13,111.48
PO-000525,2025-10-07,SUP-045,CMP-004,5761,5761,13,73.15,0,100.72,100.13,111.48
PO-004453,2025-10-07,SUP-005,CMP-008,3144,3144,55,17.46,2,100.72,100.13,111.48
PO-001798,2025-10-07,SUP-045,CMP-006,5013,5013,65,28.31,-4,100.72,100.13,111.48
PO-000184,2025-10-07,SUP-007,CMP-002,1462,1462,21,4.82,7,100.72,100.13,111.48
PO-004066,2025-10-08,SUP-038,CMP-001,2651,2651,26,8.97,5,100.75,100.17,111.41
PO-004607,2025-10-08,SUP-045,CMP-009,2391,2391,20,12.92,-2,100.75,100.17,111.41
PO-000384,2025-10-08,SUP-014,CMP-009,3618,3618,28,13.04,-1,100.75,100.17,111.41
PO-000319,2025-10-08,SUP-052,CMP-006,4912,4912,80,29.75,5,100.75,100.17,111.41
PO-002610,2025-10-08,SUP-052,CMP-000,1485,1485,45,34.38,0,100.75,100.17,111.41
PO-003341,2025-10-08,SUP-007,CMP-001,3494,3494,40,8.94,7,100.75,100.17,111.41
PO-002835,2025-10-08,SUP-006,CMP-002,2034,2034,36,5.04,4,100.75,100.17,111.41
PO-000735,2025-10-09,SUP-026,CMP-003,3606,3606,99,7.88,-3,100.78,100.21,111.35
PO-001509,2025-10-10,SUP-026,CMP-009,3652,3652,111,12.84,0,100.8,100.25,111.28
PO-000198,2025-10-11,SUP-036,CMP-001,2800,2800,18,9.81,2,100.83,100.29,111.21
PO-001495,2025-10-11,SUP-050,CMP-007,4607,4607,131,42.94,-3,100.83,100.29,111.21
PO-004458,2025-10-11,SUP-001,CMP-002,2428,2428,15,4.85,-1,100.83,100.29,111.21
PO-001742,2025-10-11,SUP-019,CMP-005,1984,1984,52,119.16,0,100.83,100.29,111.21
PO-004261,2025-10-11,SUP-009,CMP-001,220,220,3,9.58,3,100.83,100.29,111.21
PO-002313,2025-10-11,SUP-030,CMP-003,5309,5309,63,7.04,4,100.83,100.29,111.21
PO-001314,2025-10-11,SUP-039,CMP-006,5461,5461,61,29.15,4,100.83,100.29,111.21
PO-003838,2025-10-11,SUP-045,CMP-004,3063,3063,13,78.39,5,100.83,100.29,111.21
PO-000721,2025-10-11,SUP-012,CMP-006,5757,5757,50,29.72,-3,100.83,100.29,111.21
PO-004146,2025-10-12,SUP-018,CMP-005,5582,5582,118,124.89,0,100.86,100.34,111.14
PO-001340,2025-10-12,SUP-044,CMP-004,1398,1398,15,83.08,3,100.86,100.34,111.14
PO-002371,2025-10-12,SUP-048,CMP-000,5215,5215,35,32.65,-4,100.86,100.34,111.14
PO-004314,2025-10-13,SUP-020,CMP-000,4725,4725,173,30.19,1,100.88,100.38,111.07
PO-004107,2025-10-13,SUP-004,CMP-004,1274,1274,25,71.24,-1,100.88,100.38,111.07
PO-004241,2025-10-13,SUP-036,CMP-006,4937,4937,17,29.5,3,100.88,100.38,111.07
PO-003964,2025-10-13,SUP-013,CMP-004,1234,1234,32,78.6,-1,100.88,100.38,111.07
PO-004610,2025-10-13,SUP-025,CMP-001,239,239,5,9.39,7,100.88,100.38,111.07
PO-001862,2025-10-13,SUP-013,CMP-000,447,447,32,30.45,2,100.88,100.38,111.07
PO-004162,2025-10-13,SUP-002,CMP-002,341,341,12,4.7,2,100.88,100.38,111.07
PO-004594,2025-10-13,SUP-009,CMP-001,3772,3772,20,11.17,6,100.88,100.38,111.07
PO-000365,2025-10-14,SUP-033,CMP-004,3670,3670,101,73.39,-2,100.91,100.43,111.0
PO-000163,2025-10-14,SUP-052,CMP-004,556,556,9,72.15,-3,100.91,100.43,111.0
PO-000178,2025-10-14,SUP-007,CMP-004,1955,1955,26,73.9,2,100.91,100.43,111.0
PO-004387,2025-10-14,SUP-052,CMP-005,3565,3565,66,118.05,2,100.91,100.43,111.0
PO-002996,2025-10-14,SUP-050,CMP-006,1308,1308,7,27.18,4,100.91,100.43,111.0
PO-000711,2025-10-14,SUP-015,CMP-009,2405,2405,88,13.39,8,100.91,100.43,111.0
PO-001740,2025-10-14,SUP-027,CMP-000,2406,2406,19,30.89,2,100.91,100.43,111.0
PO-002048,2025-10-14,SUP-044,CMP-000,1875,1875,17,34.03,3,100.91,100.43,111.0
PO-003364,2025-10-14,SUP-053,CMP-001,1983,1983,24,9.34,-3,100.91,100.43,111.0
PO-000607,2025-10-14,SUP-041,CMP-008,4991,4991,92,18.06,-3,100.91,100.43,111.0
PO-002887,2025-10-15,SUP-034,CMP-002,2460,2460,13,5.11,3,100.93,100.47,110.93
PO-000644,2025-10-15,SUP-030,CMP-004,1375,1375,23,79.39,2,100.93,100.47,110.93
PO-003266,2025-10-15,SUP-007,CMP-003,3975,3975,49,7.34,7,100.93,100.47,110.93
PO-004286,2025-10-15,SUP-008,CMP-001,4858,4858,71,9.47,1,100.93,100.47,110.93
PO-002347,2025-10-15,SUP-001,CMP-000,1959,1959,19,31.69,3,100.93,100.47,110.93
PO-004573,2025-10-15,SUP-033,CMP-000,1817,1817,22,32.29,1,100.93,100.47,110.93
PO-003279,2025-10-16,SUP-025,CMP-004,1727,1727,37,73.73,3,100.95,100.52,110.86
PO-001176,2025-10-16,SUP-021,CMP-008,4544,4544,33,18.85,-1,100.95,100.52,110.86
PO-003100,2025-10-16,SUP-000,CMP-005,3282,3282,55,120.32,3,100.95,100.52,110.86
PO-002322,2025-10-17,SUP-018,CMP-009,2335,2335,63,12.93,3,100.98,100.57,110.79
PO-004194,2025-10-17,SUP-045,CMP-006,3972,3972,29,28.46,0,100.98,100.57,110.79
PO-000066,2025-10-17,SUP-027,CMP-003,5743,5743,28,7.71,2,100.98,100.57,110.79
PO-004468,2025-10-17,SUP-013,CMP-007,1949,1949,35,43.51,-1,100.98,100.57,110.79
PO-004141,2025-10-17,SUP-049,CMP-001,3660,3660,37,9.49,-2,100.98,100.57,110.79
PO-002153,2025-10-18,SUP-003,CMP-002,4153,4153,81,4.97,1,101.0,100.62,110.71
PO-002197,2025-10-18,SUP-036,CMP-004,4139,4139,16,75.71,4,101.0,100.62,110.71
PO-003200,2025-10-18,SUP-049,CMP-009,2305,2305,39,12.75,6,101.0,100.62,110.71
PO-000758,2025-10-18,SUP-036,CMP-009,3887,3887,18,12.51,3,101.0,100.62,110.71
PO-003588,2025-10-18,SUP-019,CMP-008,5013,5013,123,18.04,0,101.0,100.62,110.71
PO-003535,2025-10-18,SUP-031,CMP-006,4606,4606,34,30.17,1,101.0,100.62,110.71
PO-000539,2025-10-18,SUP-004,CMP-004,3587,3587,46,72.45,0,101.0,100.62,110.71
PO-002927,2025-10-18,SUP-050,CMP-004,4421,4421,103,73.08,-3,101.0,100.62,110.71
PO-002016,2025-10-18,SUP-037,CMP-004,4242,4242,6,77.95,0,101.0,100.62,110.71
PO-003944,2025-10-18,SUP-032,CMP-004,3868,3868,62,74.63,3,101.0,100.62,110.71
PO-004226,2025-10-18,SUP-016,CMP-005,4138,4138,58,120.26,1,101.0,100.62,110.71
PO-000973,2025-10-19,SUP-042,CMP-000,2001,2001,44,33.15,1,101.02,100.67,110.64
PO-000372,2025-10-19,SUP-037,CMP-000,1835,1835,32,31.88,1,101.02,100.67,110.64
PO-003571,2025-10-19,SUP-029,CMP-004,808,808,12,77.21,2,101.02,100.67,110.64
PO-003786,2025-10-19,SUP-002,CMP-009,3440,3440,65,12.74,4,101.02,100.67,110.64
PO-004210,2025-10-19,SUP-048,CMP-000,5479,5479,16,29.26,-1,101.02,100.67,110.64
PO-003324,2025-10-20,SUP-053,CMP-004,4006,4006,22,73.27,3,101.04,100.72,110.57
PO-002073,2025-10-20,SUP-030,CMP-005,587,587,7,118.57,3,101.04,100.72,110.57
PO-001884,2025-10-20,SUP-039,CMP-004,2598,2598,28,77.73,3,101.04,100.72,110.57
PO-003593,2025-10-20,SUP-040,CMP-001,5685,5685,11,9.55,2,101.04,100.72,110.57
PO-004111,2025-10-20,SUP-021,CMP-004,4323,4323,41,75.48,0,101.04,100.72,110.57
PO-001951,2025-10-20,SUP-030,CMP-004,893,893,5,76.93,1,101.04,100.72,110.57
PO-003173,2025-10-20,SUP-053,CMP-007,312,312,6,42.93,-3,101.04,100.72,110.57
PO-001451,2025-10-20,SUP-036,CMP-002,1429,1429,8,5.14,7,101.04,100.72,110.57
PO-003797,2025-10-21,SUP-047,CMP-001,3761,3761,34,9.77,3,101.06,100.78,110.49
PO-004744,2025-10-21,SUP-046,CMP-003,2264,2264,41,7.45,3,101.06,100.78,110.49
PO-002865,2025-10-21,SUP-029,CMP-000,390,390,7,31.51,2,101.06,100.78,110.49
PO-003697,2025-10-21,SUP-014,CMP-004,5844,5844,11,74.44,6,101.06,100.78,110.49
PO-002679,2025-10-22,SUP-019,CMP-002,2742,2742,60,4.68,1,101.08,100.83,110.41
PO-001471,2025-10-22,SUP-028,CMP-005,5693,5693,140,119.3,2,101.08,100.83,110.41
PO-004566,2025-10-22,SUP-039,CMP-005,3468,3468,31,120.14,4,101.08,100.83,110.41
PO-001086,2025-10-22,SUP-017,CMP-003,4682,4682,66,7.7,0,101.08,100.83,110.41
PO-003120,2025-10-22,SUP-016,CMP-002,4144,4144,466,5.44,2,101.08,100.83,110.41
PO-002621,2025-10-22,SUP-027,CMP-008,4071,4071,6,18.06,-1,101.08,100.83,110.41
PO-004082,2025-10-22,SUP-053,CMP-005,3551,3551,30,147.14,-2,101.08,100.83,110.41
PO-002822,2025-10-23,SUP-046,CMP-004,2309,2309,67,77.44,2,101.1,100.89,110.34
PO-001818,2025-10-23,SUP-002,CMP-004,346,346,11,75.16,2,101.1,100.89,110.34
PO-000361,2025-10-23,SUP-037,CMP-003,406,406,3,7.29,-2,101.1,100.89,110.34
PO-003265,2025-10-23,SUP-009,CMP-000,4211,4211,43,32.22,2,101.1,100.89,110.34
PO-004407,2025-10-24,SUP-002,CMP-000,905,905,22,30.0,5,101.11,100.94,110.26
PO-000186,2025-10-24,SUP-049,CMP-003,4675,4675,55,7.01,3,101.11,100.94,110.26
PO-002774,2025-10-24,SUP-042,CMP-006,431,431,2,28.72,2,101.11,100.94,110.26
PO-003157,2025-10-24,SUP-051,CMP-000,3483,3483,71,32.06,-4,101.11,100.94,110.26
PO-001839,2025-10-24,SUP-011,CMP-004,2784,2784,35,73.71,0,101.11,100.94,110.26
PO-002599,2025-10-25,SUP-014,CMP-006,420,420,3,28.51,-4,101.13,101.0,110.18
PO-003566,2025-10-25,SUP-003,CMP-000,4117,4117,122,33.19,-2,101.13,101.0,110.18
PO-004219,2025-10-25,SUP-010,CMP-008,3534,3534,7,17.84,3,101.13,101.0,110.18
PO-002944,2025-10-25,SUP-025,CMP-002,3104,3104,40,4.74,0,101.13,101.0,110.18
PO-000072,2025-10-25,SUP-034,CMP-009,3039,3039,18,13.47,4,101.13,101.0,110.18
PO-003653,2025-10-25,SUP-022,CMP-007,4561,4561,35,40.82,2,101.13,101.0,110.18
PO-001122,2025-10-25,SUP-053,CMP-005,4437,4437,37,120.48,4,101.13,101.0,110.18
PO-002590,2025-10-25,SUP-043,CMP-001,2557,2557,18,9.4,6,101.13,101.0,110.18
PO-001875,2025-10-25,SUP-035,CMP-004,1627,1627,10,76.08,3,101.13,101.0,110.18
PO-000555,2025-10-25,SUP-004,CMP-000,1539,1539,20,30.06,0,101.13,101.0,110.18
PO-000079,2025-10-26,SUP-002,CMP-004,5500,5500,110,70.67,-2,101.15,101.06,110.1
PO-003269,2025-10-26,SUP-050,CMP-009,4253,4253,71,13.48,3,101.15,101.06,110.1
PO-001477,2025-10-26,SUP-016,CMP-002,2889,2889,65,4.91,0,101.15,101.06,110.1
PO-001581,2025-10-26,SUP-040,CMP-001,1629,1629,3,9.32,-3,101.15,101.06,110.1
PO-000702,2025-10-26,SUP-053,CMP-004,4459,4459,97,77.34,0,101.15,101.06,110.1
PO-000132,2025-10-27,SUP-043,CMP-004,4813,4813,40,81.69,3,101.16,101.12,110.02
PO-001321,2025-10-27,SUP-046,CMP-006,2724,2724,18,28.25,0,101.16,101.12,110.02
PO-002257,2025-10-27,SUP-053,CMP-001,4922,4922,39,9.5,-1,101.16,101.12,110.02
PO-001091,2025-10-27,SUP-007,CMP-005,4518,4518,25,121.29,6,101.16,101.12,110.02
PO-000340,2025-10-27,SUP-006,CMP-008,2377,2377,55,17.75,2,101.16,101.12,110.02
PO-000763,2025-10-27,SUP-001,CMP-004,203,203,3,76.02,-1,101.16,101.12,110.02
PO-004168,2025-10-27,SUP-039,CMP-009,5053,5053,26,13.06,5,101.16,101.12,110.02
PO-004230,2025-10-27,SUP-009,CMP-005,3581,3581,127,121.66,2,101.16,101.12,110.02
PO-003478,2025-10-27,SUP-004,CMP-005,3896,3896,30,124.74,3,101.16,101.12,110.02
PO-000104,2025-10-28,SUP-051,CMP-009,3339,3339,52,13.43,0,101.18,101.18,109.94
PO-004175,2025-10-29,SUP-031,CMP-004,5527,5527,92,76.65,0,101.19,101.24,109.86
PO-003780,2025-10-29,SUP-000,CMP-004,5748,5748,58,76.5,-1,101.19,101.24,109.86
PO-004741,2025-10-29,SUP-053,CMP-009,2033,2033,16,14.47,2,101.19,101.24,109.86
PO-002388,2025-10-29,SUP-051,CMP-008,1094,1094,16,19.2,3,101.19,101.24,109.86
PO-002055,2025-10-29,SUP-041,CMP-008,487,487,11,18.66,-2,101.19,101.24,109.86
PO-003886,2025-10-30,SUP-029,CMP-001,5429,5429,98,8.95,-2,101.2,101.3,109.78
PO-001349,2025-10-30,SUP-024,CMP-000,4011,4011,60,30.26,-4,101.2,101.3,109.78
PO-000833,2025-10-30,SUP-013,CMP-007,2670,2670,45,46.66,2,101.2,101.3,109.78
PO-003711,2025-10-31,SUP-039,CMP-009,3766,3766,15,13.54,3,101.22,101.37,109.7
PO-003526,2025-11-01,SUP-021,CMP-001,3000,3000,34,9.96,-2,101.23,101.43,109.62
PO-002147,2025-11-01,SUP-035,CMP-000,983,983,7,31.91,4,101.23,101.43,109.62
PO-000764,2025-11-01,SUP-032,CMP-009,1922,1922,56,12.97,2,101.23,101.43,109.62
PO-003463,2025-11-02,SUP-008,CMP-009,3157,3157,19,13.17,1,101.24,101.49,109.53
PO-004181,2025-11-02,SUP-036,CMP-004,3206,3206,11,74.43,6,101.24,101.49,109.53
PO-000797,2025-11-02,SUP-029,CMP-004,3439,3439,81,72.19,2,101.24,101.49,109.53
PO-000241,2025-11-02,SUP-031,CMP-002,2215,2215,71,5.06,2,101.24,101.49,109.53
PO-003353,2025-11-02,SUP-016,CMP-003,5342,5342,56,7.15,-3,101.24,101.49,109.53
PO-000986,2025-11-03,SUP-030,CMP-004,2826,2826,22,77.53,2,101.25,101.56,109.45
PO-001255,2025-11-03,SUP-040,CMP-004,3058,3058,15,77.98,3,101.25,101.56,109.45
PO-000728,2025-11-03,SUP-016,CMP-004,599,599,25,75.38,3,101.25,101.56,109.45
PO-002071,2025-11-03,SUP-052,CMP-006,5894,5894,98,29.05,4,101.25,101.56,109.45
PO-002830,2025-11-03,SUP-043,CMP-004,3781,3781,23,77.53,4,101.25,101.56,109.45
PO-001273,2025-11-03,SUP-045,CMP-007,1391,1391,5,44.0,0,101.25,101.56,109.45
PO-000325,2025-11-03,SUP-039,CMP-009,5603,5603,28,12.97,4,101.25,101.56,109.45
PO-002431,2025-11-04,SUP-047,CMP-008,2920,2920,5,17.2,8,101.26,101.63,109.37
PO-000385,2025-11-04,SUP-005,CMP-005,5989,5989,160,116.11,2,101.26,101.63,109.37
PO-002792,2025-11-04,SUP-031,CMP-000,1146,1146,23,32.27,1,101.26,101.63,109.37
PO-003638,2025-11-05,SUP-027,CMP-005,5893,5893,33,119.97,3,101.27,101.69,109.28
PO-004018,2025-11-05,SUP-049,CMP-004,3613,3613,94,77.79,0,101.27,101.69,109.28
PO-001696,2025-11-05,SUP-023,CMP-005,4483,4483,22,120.61,-1,101.27,101.69,109.28
PO-000955,2025-11-06,SUP-000,CMP-004,1717,1717,19,76.75,1,101.28,101.76,109.2
PO-002090,2025-11-06,SUP-024,CMP-003,4243,4243,73,7.11,3,101.28,101.76,109.2
PO-003785,2025-11-06,SUP-043,CMP-004,5195,5195,25,80.19,5,101.28,101.76,109.2
PO-003633,2025-11-06,SUP-037,CMP-006,4573,4573,23,29.08,-1,101.28,101.76,109.2
PO-001309,2025-11-06,SUP-019,CMP-007,3783,3783,31,42.87,2,101.28,101.76,109.2
PO-004762,2025-11-06,SUP-043,CMP-004,3923,3923,26,77.61,5,101.28,101.76,109.2
PO-000931,2025-11-06,SUP-053,CMP-003,5240,5240,91,6.96,1,101.28,101.76,109.2
PO-004713,2025-11-07,SUP-002,CMP-002,2411,2411,59,4.83,0,101.29,101.83,109.11
PO-001525,2025-11-07,SUP-021,CMP-002,5547,5547,85,5.03,5,101.29,101.83,109.11
PO-001688,2025-11-07,SUP-036,CMP-003,3691,3691,17,7.15,5,101.29,101.83,109.11
PO-004062,2025-11-07,SUP-043,CMP-009,3386,3386,31,13.33,3,101.29,101.83,109.11
PO-002812,2025-11-07,SUP-036,CMP-001,5558,5558,16,9.09,1,101.29,101.83,109.11
PO-002250,2025-11-07,SUP-013,CMP-004,4018,4018,39,75.42,2,101.29,101.83,109.11
PO-001141,2025-11-08,SUP-014,CMP-004,1939,1939,18,75.33,0,101.29,101.9,109.02
PO-003742,2025-11-08,SUP-044,CMP-004,4468,4468,76,78.36,3,101.29,101.9,109.02
PO-002162,2025-11-08,SUP-045,CMP-004,5503,5503,42,78.27,-1,101.29,101.9,109.02
PO-003616,2025-11-08,SUP-050,CMP-003,4132,4132,59,7.11,3,101.29,101.9,109.02
PO-002092,2025-11-08,SUP-035,CMP-000,5210,5210,67,32.22,4,101.29,101.9,109.02
PO-002320,2025-11-08,SUP-014,CMP-008,449,449,2,17.75,4,101.29,101.9,109.02
PO-003505,2025-11-08,SUP-046,CMP-004,4178,4178,22,78.2,2,101.29,101.9,109.02
PO-002506,2025-11-08,SUP-050,CMP-001,4082,4082,35,9.19,0,101.29,101.9,109.02
PO-004701,2025-11-09,SUP-041,CMP-004,1950,1950,65,77.75,4,101.3,101.97,108.94
PO-004164,2025-11-09,SUP-020,CMP-000,4700,4700,37,33.01,0,101.3,101.97,108.94
PO-003576,2025-11-09,SUP-021,CMP-000,4479,4479,51,32.99,2,101.3,101.97,108.94
PO-003036,2025-11-09,SUP-028,CMP-003,5146,5146,54,7.85,-3,101.3,101.97,108.94
PO-002025,2025-11-09,SUP-015,CMP-009,567,567,9,13.38,7,101.3,101.97,108.94
PO-003037,2025-11-10,SUP-010,CMP-004,3615,3615,10,78.54,0,101.3,102.04,108.85
PO-001247,2025-11-10,SUP-038,CMP-001,2829,2829,38,9.29,2,101.3,102.04,108.85
PO-003953,2025-11-10,SUP-053,CMP-000,950,950,15,30.46,1,101.3,102.04,108.85
PO-001782,2025-11-10,SUP-020,CMP-001,5441,5441,26,9.49,4,101.3,102.04,108.85
PO-001220,2025-11-10,SUP-020,CMP-000,5810,5810,45,33.03,3,101.3,102.04,108.85
PO-003836,2025-11-10,SUP-020,CMP-004,4477,4477,35,77.44,2,101.3,102.04,108.85
PO-004511,2025-11-10,SUP-007,CMP-004,4759,4759,87,75.4,8,101.3,102.04,108.85
PO-004128,2025-11-11,SUP-001,CMP-000,326,326,3,31.14,1,101.31,102.11,108.76
PO-003229,2025-11-11,SUP-050,CMP-005,2408,2408,46,116.39,0,101.31,102.11,108.76
PO-004004,2025-11-11,SUP-034,CMP-007,660,660,3,42.43,-1,101.31,102.11,108.76
PO-001855,2025-11-11,SUP-016,CMP-004,786,786,4,71.97,0,101.31,102.11,108.76
PO-004472,2025-11-12,SUP-051,CMP-004,929,929,21,72.77,2,101.31,102.19,108.67
PO-004393,2025-11-12,SUP-036,CMP-006,3541,3541,29,28.47,4,101.31,102.19,108.67
PO-003391,2025-11-12,SUP-050,CMP-008,4439,4439,82,18.09,1,101.31,102.19,108.67
PO-000828,2025-11-12,SUP-045,CMP-000,1265,1265,7,31.31,-1,101.31,102.19,108.67
PO-003239,2025-11-12,SUP-002,CMP-004,3024,3024,67,75.27,-1,101.31,102.19,108.67
PO-003809,2025-11-12,SUP-031,CMP-007,2054,2054,63,43.38,2,101.31,102.19,108.67
PO-000215,2025-11-12,SUP-038,CMP-009,2892,2892,62,13.41,1,101.31,102.19,108.67
PO-004483,2025-11-13,SUP-005,CMP-007,540,540,18,41.95,-3,101.31,102.26,108.58
PO-003775,2025-11-13,SUP-053,CMP-002,4533,4533,149,4.91,4,101.31,102.26,108.58
PO-003065,2025-11-13,SUP-039,CMP-004,483,483,3,77.45,2,101.31,102.26,108.58
PO-002437,2025-11-14,SUP-017,CMP-007,1748,1748,32,45.16,3,101.32,102.34,108.5
PO-000790,2025-11-14,SUP-037,CMP-001,5034,5034,10,9.91,0,101.32,102.34,108.5
PO-000825,2025-11-14,SUP-003,CMP-004,1562,1562,48,79.32,3,101.32,102.34,108.5
PO-000195,2025-11-14,SUP-050,CMP-004,3766,3766,69,72.92,-1,101.32,102.34,108.5
PO-000855,2025-11-14,SUP-052,CMP-009,1398,1398,26,13.09,4,101.32,102.34,108.5
PO-001523,2025-11-14,SUP-025,CMP-008,5553,5553,68,19.09,2,101.32,102.34,108.5
PO-004060,2025-11-15,SUP-020,CMP-000,577,577,8,29.87,-1,101.32,102.41,108.41
PO-000061,2025-11-15,SUP-050,CMP-006,5230,5230,88,26.64,-3,101.32,102.41,108.41
PO-003311,2025-11-15,SUP-005,CMP-000,955,955,38,32.15,3,101.32,102.41,108.41
PO-001957,2025-11-15,SUP-004,CMP-007,357,357,8,42.43,1,101.32,102.41,108.41
PO-003198,2025-11-15,SUP-050,CMP-000,5106,5106,20,30.08,-1,101.32,102.41,108.41
PO-000847,2025-11-15,SUP-047,CMP-003,3578,3578,15,7.52,3,101.32,102.41,108.41
PO-001584,2025-11-15,SUP-042,CMP-004,3725,3725,33,72.38,2,101.32,102.41,108.41
PO-001121,2025-11-16,SUP-040,CMP-009,2545,2545,13,13.97,0,101.32,102.49,108.32
PO-000400,2025-11-16,SUP-053,CMP-008,2732,2732,20,19.1,5,101.32,102.49,108.32
PO-001933,2025-11-16,SUP-041,CMP-001,2444,2444,55,9.62,-2,101.32,102.49,108.32
PO-000508,2025-11-16,SUP-029,CMP-001,2534,2534,51,9.65,1,101.32,102.49,108.32
PO-003490,2025-11-16,SUP-053,CMP-002,1404,1404,17,5.04,-1,101.32,102.49,108.32
PO-004034,2025-11-16,SUP-009,CMP-004,5963,5963,69,78.57,3,101.32,102.49,108.32
PO-000827,2025-11-16,SUP-050,CMP-000,1981,1981,12,32.81,4,101.32,102.49,108.32
PO-001308,2025-11-17,SUP-036,CMP-003,4941,4941,15,6.88,3,101.32,102.56,108.22
PO-001065,2025-11-17,SUP-032,CMP-000,3529,3529,113,33.09,1,101.32,102.56,108.22
PO-004434,2025-11-17,SUP-014,CMP-000,722,722,4,31.83,-1,101.32,102.56,108.22
PO-000273,2025-11-17,SUP-027,CMP-000,3281,3281,14,32.57,3,101.32,102.56,108.22
PO-001684,2025-11-17,SUP-019,CMP-004,1728,1728,30,75.12,-1,101.32,102.56,108.22
PO-000099,2025-11-17,SUP-005,CMP-005,807,807,18,117.74,-2,101.32,102.56,108.22
PO-003698,2025-11-18,SUP-033,CMP-007,656,656,18,45.27,-1,101.32,102.64,108.13
PO-004071,2025-11-18,SUP-048,CMP-000,995,995,1,30.76,1,101.32,102.64,108.13
PO-000599,2025-11-18,SUP-052,CMP-009,664,664,8,13.27,-1,101.32,102.64,108.13
PO-004395,2025-11-18,SUP-035,CMP-003,5501,5501,41,7.45,4,101.32,102.64,108.13
PO-004771,2025-11-18,SUP-047,CMP-007,3330,3330,25,43.04,1,101.32,102.64,108.13
PO-000862,2025-11-18,SUP-041,CMP-008,5866,5866,61,18.74,0,101.32,102.64,108.13
PO-004147,2025-11-18,SUP-032,CMP-000,2174,2174,18,31.84,3,101.32,102.64,108.13
PO-004477,2025-11-18,SUP-023,CMP-009,567,567,3,13.23,1,101.32,102.64,108.13
PO-001984,2025-11-19,SUP-030,CMP-000,5019,5019,28,32.28,1,101.31,102.72,108.04
PO-002577,2025-11-19,SUP-000,CMP-008,3470,3470,47,16.11,2,101.31,102.72,108.04
PO-004093,2025-11-19,SUP-016,CMP-004,4542,4542,65,79.29,2,101.31,102.72,108.04
PO-002965,2025-11-20,SUP-020,CMP-000,2923,2923,10,31.25,1,101.31,102.79,107.95
PO-001252,2025-11-20,SUP-031,CMP-003,868,868,23,7.72,-4,101.31,102.79,107.95
PO-003900,2025-11-20,SUP-043,CMP-001,3687,3687,20,9.65,8,101.31,102.79,107.95
PO-002220,2025-11-21,SUP-048,CMP-004,3661,3661,12,72.05,2,101.31,102.87,107.86
PO-001865,2025-11-21,SUP-019,CMP-007,1413,1413,54,42.27,-1,101.31,102.87,107.86
PO-002915,2025-11-21,SUP-001,CMP-002,1706,1706,11,4.71,1,101.31,102.87,107.86
PO-004637,2025-11-21,SUP-048,CMP-000,4540,4540,27,31.21,0,101.31,102.87,107.86
PO-004212,2025-11-21,SUP-026,CMP-004,1797,1797,42,76.79,2,101.31,102.87,107.86
PO-003696,2025-11-21,SUP-050,CMP-005,3711,3711,46,119.69,1,101.31,102.87,107.86
PO-003933,2025-11-21,SUP-036,CMP-006,433,433,4,28.04,1,101.31,102.87,107.86
PO-004028,2025-11-22,SUP-031,CMP-006,351,351,5,28.8,0,101.3,102.95,107.77
PO-001077,2025-11-22,SUP-007,CMP-003,2945,2945,33,7.25,6,101.3,102.95,107.77
PO-004285,2025-11-22,SUP-002,CMP-007,2957,2957,46,43.09,3,101.3,102.95,107.77
PO-000238,2025-11-22,SUP-026,CMP-000,223,223,3,34.06,3,101.3,102.95,107.77
PO-001777,2025-11-23,SUP-041,CMP-008,5963,5963,89,18.21,3,101.3,103.03,107.67
PO-001196,2025-11-23,SUP-020,CMP-004,2594,2594,22,73.38,1,101.3,103.03,107.67
PO-002184,2025-11-24,SUP-004,CMP-000,2762,2762,54,32.93,-1,101.29,103.11,107.58
PO-001142,2025-11-24,SUP-044,CMP-004,2761,2761,69,81.73,-1,101.29,103.11,107.58
PO-000951,2025-11-24,SUP-001,CMP-007,4702,4702,29,42.26,-2,101.29,103.11,107.58
PO-000966,2025-11-24,SUP-037,CMP-000,5372,5372,24,30.79,3,101.29,103.11,107.58
PO-000191,2025-11-25,SUP-053,CMP-004,1518,1518,24,72.24,4,101.28,103.19,107.49
PO-003902,2025-11-25,SUP-006,CMP-008,4746,4746,36,18.57,2,101.28,103.19,107.49
PO-000037,2025-11-26,SUP-006,CMP-009,4616,4616,81,12.78,2,101.28,103.27,107.39
PO-001145,2025-11-26,SUP-035,CMP-009,4660,4660,62,13.17,4,101.28,103.27,107.39
PO-002252,2025-11-27,SUP-049,CMP-009,887,887,23,13.45,-1,101.27,103.35,107.3
PO-003369,2025-11-27,SUP-051,CMP-005,1631,1631,28,128.57,1,101.27,103.35,107.3
PO-004156,2025-11-27,SUP-002,CMP-000,3923,3923,55,30.93,6,101.27,103.35,107.3
PO-004600,2025-11-27,SUP-003,CMP-006,2620,2620,85,29.56,1,101.27,103.35,107.3
PO-000958,2025-11-27,SUP-008,CMP-008,5944,5944,172,18.94,4,101.27,103.35,107.3
PO-000740,2025-11-27,SUP-003,CMP-000,398,398,21,32.75,-1,101.27,103.35,107.3
PO-002210,2025-11-27,SUP-048,CMP-004,987,987,9,72.07,1,101.27,103.35,107.3
PO-001955,2025-11-27,SUP-018,CMP-000,5122,5122,72,30.43,3,101.27,103.35,107.3
PO-002994,2025-11-27,SUP-034,CMP-006,954,954,3,28.84,-4,101.27,103.35,107.3
PO-003208,2025-11-28,SUP-042,CMP-005,4904,4904,174,114.34,7,101.26,103.43,107.21
PO-001412,2025-11-28,SUP-043,CMP-004,4895,4895,69,80.09,9,101.26,103.43,107.21
PO-002752,2025-11-28,SUP-010,CMP-000,2177,2177,15,32.99,2,101.26,103.43,107.21
PO-001769,2025-11-28,SUP-033,CMP-001,1023,1023,21,10.01,2,101.26,103.43,107.21
PO-001743,2025-11-28,SUP-027,CMP-001,2692,2692,14,9.57,7,101.26,103.43,107.21
PO-001689,2025-11-29,SUP-021,CMP-002,2916,2916,39,4.89,5,101.25,103.52,107.11
PO-002878,2025-11-29,SUP-052,CMP-002,3423,3423,82,5.02,0,101.25,103.52,107.11
PO-002097,2025-11-29,SUP-051,CMP-009,4861,4861,70,12.75,2,101.25,103.52,107.11
PO-002826,2025-11-30,SUP-053,CMP-000,3177,3177,33,32.78,-1,101.24,103.6,107.02
PO-002030,2025-11-30,SUP-025,CMP-000,1879,1879,24,31.95,3,101.24,103.6,107.02
PO-000161,2025-12-01,SUP-045,CMP-006,3516,3516,22,31.1,-2,101.23,103.68,106.92
PO-001758,2025-12-01,SUP-014,CMP-002,327,327,1,4.94,0,101.23,103.68,106.92
PO-000190,2025-12-01,SUP-000,CMP-005,2440,2440,33,119.2,0,101.23,103.68,106.92
PO-001213,2025-12-01,SUP-050,CMP-007,4243,4243,35,42.41,0,101.23,103.68,106.92
PO-002449,2025-12-02,SUP-008,CMP-005,3242,3242,96,120.18,5,101.21,103.77,106.83
PO-001295,2025-12-02,SUP-045,CMP-006,3765,3765,11,29.62,-2,101.21,103.77,106.83
PO-002112,2025-12-02,SUP-020,CMP-006,4323,4323,36,26.97,0,101.21,103.77,106.83
PO-004050,2025-12-02,SUP-041,CMP-008,4227,4227,54,18.32,-3,101.21,103.77,106.83
PO-003033,2025-12-02,SUP-030,CMP-005,2387,2387,30,120.16,3,101.21,103.77,106.83
PO-004327,2025-12-02,SUP-028,CMP-001,2108,2108,43,10.04,0,101.21,103.77,106.83
PO-001727,2025-12-03,SUP-022,CMP-004,3165,3165,28,79.75,2,101.2,103.85,106.73
PO-000972,2025-12-03,SUP-051,CMP-005,3508,3508,36,120.83,-2,101.2,103.85,106.73
PO-003955,2025-12-03,SUP-030,CMP-004,2589,2589,18,73.78,4,101.2,103.85,106.73
PO-003360,2025-12-03,SUP-010,CMP-004,538,538,3,73.72,-4,101.2,103.85,106.73
PO-002278,2025-12-03,SUP-033,CMP-004,4334,4334,128,74.48,0,101.2,103.85,106.73
PO-002275,2025-12-04,SUP-032,CMP-000,4012,4012,41,31.28,3,101.19,103.93,106.64
PO-002438,2025-12-04,SUP-014,CMP-000,4825,4825,16,32.3,3,101.19,103.93,106.64
PO-001939,2025-12-04,SUP-029,CMP-000,3803,3803,92,31.12,0,101.19,103.93,106.64
PO-004456,2025-12-04,SUP-034,CMP-007,466,466,1,42.79,5,101.19,103.93,106.64
PO-001976,2025-12-04,SUP-016,CMP-008,355,355,5,19.24,1,101.19,103.93,106.64
PO-003055,2025-12-04,SUP-008,CMP-001,1348,1348,34,9.24,1,101.19,103.93,106.64
PO-003688,2025-12-04,SUP-011,CMP-000,883,883,24,31.96,-4,101.19,103.93,106.64
PO-004650,2025-12-05,SUP-033,CMP-005,5547,5547,70,119.51,-1,101.17,104.02,106.54
PO-001674,2025-12-05,SUP-017,CMP-006,4635,4635,65,30.19,2,101.17,104.02,106.54
PO-001027,2025-12-05,SUP-022,CMP-004,258,258,3,75.17,-3,101.17,104.02,106.54
PO-000382,2025-12-05,SUP-019,CMP-005,1431,1431,8,112.41,-4,101.17,104.02,106.54
PO-003776,2025-12-05,SUP-006,CMP-003,1860,1860,44,6.66,6,101.17,104.02,106.54
PO-000516,2025-12-05,SUP-014,CMP-009,4617,4617,38,13.34,4,101.17,104.02,106.54
PO-002119,2025-12-05,SUP-027,CMP-002,3887,3887,8,5.02,3,101.17,104.02,106.54
PO-002972,2025-12-05,SUP-032,CMP-008,3142,3142,50,18.68,2,101.17,104.02,106.54
PO-004001,2025-12-05,SUP-015,CMP-004,5642,5642,53,78.04,4,101.17,104.02,106.54
PO-000905,2025-12-05,SUP-041,CMP-006,3190,3190,69,27.62,0,101.17,104.02,106.54
PO-004163,2025-12-06,SUP-029,CMP-004,4852,4852,85,73.01,0,101.15,104.1,106.45
PO-001791,2025-12-06,SUP-039,CMP-009,2907,2907,24,12.87,5,101.15,104.1,106.45
PO-000447,2025-12-06,SUP-051,CMP-003,3282,3282,56,7.41,2,101.15,104.1,106.45
PO-004569,2025-12-06,SUP-006,CMP-002,2901,2901,84,5.01,1,101.15,104.1,106.45
PO-003437,2025-12-06,SUP-011,CMP-004,5296,5296,61,74.39,2,101.15,104.1,106.45
PO-004348,2025-12-06,SUP-015,CMP-009,5587,5587,148,13.24,5,101.15,104.1,106.45
PO-000090,2025-12-06,SUP-013,CMP-005,4886,4886,71,119.63,6,101.15,104.1,106.45
PO-001819,2025-12-07,SUP-040,CMP-009,3067,3067,29,13.15,3,101.14,104.19,106.35
PO-001439,2025-12-07,SUP-028,CMP-000,537,537,12,32.64,1,101.14,104.19,106.35
PO-003155,2025-12-07,SUP-017,CMP-000,599,599,4,38.2,-4,101.14,104.19,106.35
PO-003519,2025-12-07,SUP-015,CMP-004,5447,5447,70,76.47,2,101.14,104.19,106.35
PO-003195,2025-12-08,SUP-052,CMP-008,2807,2807,26,18.24,1,101.12,104.27,106.25
PO-001622,2025-12-08,SUP-017,CMP-001,5665,5665,49,9.75,4,101.12,104.27,106.25
PO-002833,2025-12-08,SUP-021,CMP-009,1281,1281,30,12.89,2,101.12,104.27,106.25
PO-002456,2025-12-08,SUP-039,CMP-000,285,285,2,32.61,2,101.12,104.27,106.25
PO-004697,2025-12-09,SUP-044,CMP-003,955,955,7,7.58,0,101.1,104.36,106.16
PO-000534,2025-12-09,SUP-051,CMP-008,2741,2741,46,18.85,5,101.1,104.36,106.16
PO-003550,2025-12-09,SUP-036,CMP-008,5158,5158,34,19.15,0,101.1,104.36,106.16
PO-002525,2025-12-09,SUP-038,CMP-005,1539,1539,10,121.22,2,101.1,104.36,106.16
PO-000199,2025-12-09,SUP-050,CMP-002,5959,5959,86,4.64,-1,101.1,104.36,106.16
PO-000354,2025-12-09,SUP-027,CMP-000,4883,4883,12,29.58,2,101.1,104.36,106.16
PO-004633,2025-12-09,SUP-045,CMP-007,5806,5806,34,44.24,1,101.1,104.36,106.16
PO-000527,2025-12-10,SUP-011,CMP-007,1584,1584,19,42.71,6,101.08,104.44,106.06
PO-003877,2025-12-11,SUP-045,CMP-000,3646,3646,15,31.64,-1,101.06,104.53,105.96
PO-000310,2025-12-11,SUP-009,CMP-002,5099,5099,56,5.03,1,101.06,104.53,105.96
PO-001776,2025-12-11,SUP-049,CMP-007,5795,5795,62,42.51,2,101.06,104.53,105.96
PO-003438,2025-12-11,SUP-040,CMP-001,1304,1304,6,9.55,1,101.06,104.53,105.96
PO-004467,2025-12-11,SUP-045,CMP-003,2528,2528,5,7.76,1,101.06,104.53,105.96
PO-002825,2025-12-12,SUP-024,CMP-004,2279,2279,42,75.22,2,101.04,104.61,105.87
PO-002063,2025-12-12,SUP-048,CMP-005,3640,3640,8,126.75,-1,101.04,104.61,105.87
PO-000098,2025-12-12,SUP-013,CMP-005,598,598,10,119.05,2,101.04,104.61,105.87
PO-002633,2025-12-12,SUP-028,CMP-009,4082,4082,97,13.39,1,101.04,104.61,105.87
PO-000375,2025-12-13,SUP-052,CMP-001,5803,5803,210,9.71,1,101.02,104.7,105.77
PO-002821,2025-12-13,SUP-004,CMP-004,3352,3352,17,75.65,3,101.02,104.7,105.77
PO-002953,2025-12-14,SUP-021,CMP-006,2712,2712,18,27.79,0,101.0,104.78,105.67
PO-001059,2025-12-14,SUP-004,CMP-001,1819,1819,16,9.54,-1,101.0,104.78,105.67
PO-003954,2025-12-14,SUP-019,CMP-004,2701,2701,20,76.32,2,101.0,104.78,105.67
PO-001806,2025-12-14,SUP-018,CMP-004,2411,2411,40,79.33,0,101.0,104.78,105.67
PO-003996,2025-12-14,SUP-026,CMP-001,2122,2122,53,9.56,1,101.0,104.78,105.67
PO-001143,2025-12-14,SUP-033,CMP-004,941,941,23,78.67,2,101.0,104.78,105.67
PO-003470,2025-12-14,SUP-005,CMP-001,2191,2191,103,9.61,2,101.0,104.78,105.67
PO-000299,2025-12-14,SUP-024,CMP-001,3072,3072,106,9.92,-1,101.0,104.78,105.67
PO-001966,2025-12-14,SUP-053,CMP-004,3846,3846,17,75.57,-1,101.0,104.78,105.67
PO-001618,2025-12-15,SUP-047,CMP-003,4929,4929,16,7.33,5,100.97,104.87,105.58
PO-000271,2025-12-15,SUP-002,CMP-006,5762,5762,193,28.78,3,100.97,104.87,105.58
PO-002439,2025-12-15,SUP-012,CMP-002,2173,2173,35,5.02,3,100.97,104.87,105.58
PO-004641,2025-12-16,SUP-011,CMP-006,2892,2892,22,28.9,1,100.95,104.95,105.48
PO-004131,2025-12-16,SUP-030,CMP-000,4857,4857,35,32.38,1,100.95,104.95,105.48
PO-003901,2025-12-16,SUP-035,CMP-005,1586,1586,11,119.07,2,100.95,104.95,105.48
PO-003244,2025-12-16,SUP-030,CMP-004,3270,3270,16,78.05,4,100.95,104.95,105.48
PO-004513,2025-12-17,SUP-022,CMP-006,4617,4617,65,29.17,-4,100.92,105.04,105.39
PO-002128,2025-12-17,SUP-036,CMP-007,4696,4696,69,41.55,0,100.92,105.04,105.39
PO-004649,2025-12-17,SUP-020,CMP-008,3892,3892,60,18.73,2,100.92,105.04,105.39
PO-000267,2025-12-17,SUP-046,CMP-004,2578,2578,118,75.04,4,100.92,105.04,105.39
PO-004247,2025-12-17,SUP-030,CMP-004,913,913,17,72.13,3,100.92,105.04,105.39
PO-003925,2025-12-17,SUP-053,CMP-002,5496,5496,63,4.63,1,100.92,105.04,105.39
PO-003254,2025-12-18,SUP-015,CMP-007,1533,1533,25,42.04,9,100.9,105.12,105.29
PO-003263,2025-12-18,SUP-023,CMP-004,1333,1333,17,76.13,1,100.9,105.12,105.29
PO-003223,2025-12-19,SUP-016,CMP-009,4403,4403,88,13.31,1,100.87,105.21,105.19
PO-001894,2025-12-19,SUP-026,CMP-004,3201,3201,105,77.36,1,100.87,105.21,105.19
PO-004284,2025-12-20,SUP-036,CMP-001,2599,2599,14,9.48,5,100.84,105.3,105.1
PO-003105,2025-12-20,SUP-048,CMP-003,4416,4416,22,7.7,-1,100.84,105.3,105.1
PO-004495,2025-12-20,SUP-026,CMP-000,1909,1909,49,31.82,3,100.84,105.3,105.1
PO-004519,2025-12-21,SUP-009,CMP-001,2111,2111,30,9.22,9,100.81,105.38,105.0
PO-000177,2025-12-22,SUP-042,CMP-002,4406,4406,67,5.16,4,100.78,105.47,104.9
PO-004739,2025-12-22,SUP-045,CMP-009,3125,3125,9,12.78,1,100.78,105.47,104.9
PO-001641,2025-12-22,SUP-052,CMP-009,2142,2142,42,12.41,0,100.78,105.47,104.9
PO-004342,2025-12-23,SUP-034,CMP-004,608,608,7,75.86,5,100.75,105.55,104.81
PO-003329,2025-12-23,SUP-014,CMP-004,1474,1474,7,74.45,3,100.75,105.55,104.81
PO-004579,2025-12-23,SUP-012,CMP-008,2089,2089,50,18.67,-3,100.75,105.55,104.81
PO-003957,2025-12-23,SUP-021,CMP-003,4919,4919,35,7.12,0,100.75,105.55,104.81
PO-003383,2025-12-24,SUP-021,CMP-005,3406,3406,33,124.54,-1,100.72,105.64,104.71
PO-002871,2025-12-24,SUP-031,CMP-004,5810,5810,240,74.09,3,100.72,105.64,104.71
PO-001575,2025-12-24,SUP-014,CMP-000,920,920,7,30.7,-2,100.72,105.64,104.71
PO-000022,2025-12-24,SUP-031,CMP-002,3647,3647,76,4.88,1,100.72,105.64,104.71
PO-001996,2025-12-24,SUP-002,CMP-004,2744,2744,119,73.36,3,100.72,105.64,104.71
PO-000495,2025-12-24,SUP-033,CMP-001,4432,4432,39,10.65,2,100.72,105.64,104.71
PO-002547,2025-12-24,SUP-024,CMP-007,4528,4528,169,39.9,-2,100.72,105.64,104.71
PO-000620,2025-12-24,SUP-046,CMP-009,2317,2317,32,13.15,3,100.72,105.64,104.71
PO-002978,2025-12-24,SUP-025,CMP-006,3779,3779,99,27.52,3,100.72,105.64,104.71
PO-000564,2025-12-25,SUP-000,CMP-006,1460,1460,15,26.59,3,100.69,105.72,104.61
PO-001853,2025-12-25,SUP-022,CMP-005,672,672,4,120.92,2,100.69,105.72,104.61
PO-004529,2025-12-25,SUP-017,CMP-000,1461,1461,27,34.06,0,100.69,105.72,104.61
PO-002831,2025-12-25,SUP-012,CMP-000,2620,2620,58,30.95,0,100.69,105.72,104.61
PO-000011,2025-12-25,SUP-010,CMP-000,1386,1386,7,32.87,2,100.69,105.72,104.61
PO-003590,2025-12-25,SUP-047,CMP-000,4780,4780,16,30.45,3,100.69,105.72,104.61
PO-001923,2025-12-26,SUP-048,CMP-004,5444,5444,17,73.92,-1,100.66,105.81,104.52
PO-001427,2025-12-26,SUP-009,CMP-005,3011,3011,23,107.97,2,100.66,105.81,104.52
PO-003069,2025-12-26,SUP-017,CMP-000,5640,5640,104,32.54,-3,100.66,105.81,104.52
PO-000331,2025-12-26,SUP-009,CMP-009,2674,2674,19,13.24,0,100.66,105.81,104.52
PO-002576,2025-12-26,SUP-033,CMP-003,3233,3233,76,7.51,0,100.66,105.81,104.52
PO-000800,2025-12-26,SUP-008,CMP-009,910,910,10,13.26,3,100.66,105.81,104.52
PO-001685,2025-12-27,SUP-005,CMP-003,2971,2971,60,7.44,2,100.62,105.89,104.42
PO-003160,2025-12-27,SUP-033,CMP-004,2465,2465,29,76.25,3,100.62,105.89,104.42
PO-003628,2025-12-27,SUP-049,CMP-002,982,982,19,4.93,0,100.62,105.89,104.42
PO-000008,2025-12-27,SUP-030,CMP-004,2749,2749,41,73.39,7,100.62,105.89,104.42
PO-001520,2025-12-27,SUP-003,CMP-007,1056,1056,22,43.21,2,100.62,105.89,104.42
PO-004249,2025-12-27,SUP-010,CMP-004,3309,3309,11,74.29,-1,100.62,105.89,104.42
PO-001613,2025-12-27,SUP-034,CMP-004,322,322,3,75.6,5,100.62,105.89,104.42
PO-000919,2025-12-28,SUP-017,CMP-002,3688,3688,48,5.07,4,100.59,105.97,104.33
PO-000082,2025-12-28,SUP-034,CMP-000,4989,4989,14,31.95,2,100.59,105.97,104.33
PO-002511,2025-12-28,SUP-035,CMP-008,2769,2769,12,18.14,3,100.59,105.97,104.33
PO-000460,2025-12-28,SUP-025,CMP-004,3893,3893,45,76.92,2,100.59,105.97,104.33
PO-002616,2025-12-29,SUP-045,CMP-004,4113,4113,13,78.6,2,100.55,106.06,104.23
PO-003717,2025-12-29,SUP-045,CMP-006,2927,2927,31,28.33,0,100.55,106.06,104.23
PO-002584,2025-12-29,SUP-017,CMP-001,3443,3443,89,9.71,-2,100.55,106.06,104.23
PO-002656,2025-12-30,SUP-021,CMP-000,1993,1993,105,29.4,0,100.52,106.14,104.13
PO-004274,2025-12-30,SUP-001,CMP-004,863,863,7,74.81,0,100.52,106.14,104.13
PO-004309,2025-12-30,SUP-018,CMP-004,5302,5302,87,70.59,-1,100.52,106.14,104.13
PO-001982,2025-12-30,SUP-051,CMP-001,5526,5526,69,9.98,2,100.52,106.14,104.13
PO-002848,2025-12-30,SUP-051,CMP-004,4369,4369,490,78.09,1,100.52,106.14,104.13
PO-000569,2025-12-31,SUP-037,CMP-005,2226,2226,14,120.22,2,100.48,106.23,104.04
PO-004582,2025-12-31,SUP-049,CMP-002,887,887,23,4.8,2,100.48,106.23,104.04
PO-001217,2025-12-31,SUP-000,CMP-004,690,690,5,71.91,4,100.48,106.23,104.04
PO-004461,2025-12-31,SUP-052,CMP-004,1151,1151,24,71.33,0,100.48,106.23,104.04
PO-003985,2026-01-01,SUP-033,CMP-004,3133,3133,138,75.15,2,100.44,106.31,103.94
PO-002419,2026-01-01,SUP-029,CMP-001,5565,5565,149,9.96,5,100.44,106.31,103.94
PO-004678,2026-01-01,SUP-010,CMP-001,4049,4049,21,9.55,3,100.44,106.31,103.94
PO-002173,2026-01-01,SUP-010,CMP-009,1420,1420,7,13.14,0,100.44,106.31,103.94
PO-003481,2026-01-01,SUP-038,CMP-001,4199,4199,75,9.78,3,100.44,106.31,103.94
PO-000322,2026-01-01,SUP-005,CMP-000,900,900,24,31.47,1,100.44,106.31,103.94
PO-002246,2026-01-01,SUP-016,CMP-008,556,556,19,18.76,1,100.44,106.31,103.94
PO-002139,2026-01-01,SUP-011,CMP-005,3766,3766,111,119.62,0,100.44,106.31,103.94
PO-002077,2026-01-01,SUP-000,CMP-002,4570,4570,99,5.11,0,100.44,106.31,103.94
PO-001029,2026-01-02,SUP-025,CMP-009,4385,4385,61,13.25,1,100.4,106.39,103.85
PO-004588,2026-01-02,SUP-032,CMP-006,2689,2689,43,28.93,4,100.4,106.39,103.85
PO-002487,2026-01-02,SUP-025,CMP-001,5878,5878,50,10.11,2,100.4,106.39,103.85
PO-004303,2026-01-02,SUP-049,CMP-005,1758,1758,32,121.5,1,100.4,106.39,103.85
PO-003941,2026-01-02,SUP-038,CMP-005,3797,3797,62,123.62,2,100.4,106.39,103.85
PO-003531,2026-01-03,SUP-010,CMP-001,2805,2805,19,9.84,3,100.37,106.47,103.76
PO-002543,2026-01-03,SUP-023,CMP-004,859,859,4,75.21,-1,100.37,106.47,103.76
PO-001559,2026-01-03,SUP-027,CMP-009,2944,2944,20,13.77,1,100.37,106.47,103.76
PO-003926,2026-01-03,SUP-027,CMP-004,5616,5616,13,77.49,3,100.37,106.47,103.76
PO-001697,2026-01-04,SUP-018,CMP-000,812,812,18,30.9,-2,100.32,106.56,103.66
PO-001460,2026-01-04,SUP-009,CMP-005,2144,2144,23,122.23,2,100.32,106.56,103.66
PO-000674,2026-01-04,SUP-045,CMP-005,2902,2902,12,121.59,1,100.32,106.56,103.66
PO-003141,2026-01-04,SUP-003,CMP-002,4868,4868,59,5.07,-2,100.32,106.56,103.66
PO-002920,2026-01-04,SUP-032,CMP-004,1764,1764,73,77.76,1,100.32,106.56,103.66
PO-003219,2026-01-05,SUP-048,CMP-007,5899,5899,39,43.29,0,100.28,106.64,103.57
PO-003882,2026-01-05,SUP-010,CMP-003,5842,5842,25,7.6,-4,100.28,106.64,103.57
PO-001906,2026-01-05,SUP-049,CMP-004,5771,5771,117,72.05,4,100.28,106.64,103.57
PO-003807,2026-01-06,SUP-049,CMP-005,2574,2574,35,109.46,0,100.24,106.72,103.47
PO-001943,2026-01-06,SUP-031,CMP-008,5631,5631,265,18.44,3,100.24,106.72,103.47
PO-000819,2026-01-06,SUP-038,CMP-004,1219,1219,28,74.45,2,100.24,106.72,103.47
PO-003140,2026-01-06,SUP-037,CMP-006,938,938,4,28.43,1,100.24,106.72,103.47
PO-000799,2026-01-06,SUP-043,CMP-004,3687,3687,45,79.52,4,100.24,106.72,103.47
PO-004262,2026-01-06,SUP-049,CMP-006,3701,3701,49,29.2,2,100.24,106.72,103.47
PO-002711,2026-01-07,SUP-013,CMP-001,4220,4220,72,9.94,0,100.2,106.8,103.38
PO-004614,2026-01-07,SUP-042,CMP-004,3813,3813,36,75.37,1,100.2,106.8,103.38
PO-001437,2026-01-07,SUP-042,CMP-005,1472,1472,14,124.82,1,100.2,106.8,103.38
PO-002416,2026-01-07,SUP-029,CMP-004,3492,3492,68,71.51,3,100.2,106.8,103.38
PO-003400,2026-01-07,SUP-018,CMP-004,2494,2494,71,74.51,-3,100.2,106.8,103.38
PO-000736,2026-01-08,SUP-029,CMP-001,4638,4638,117,9.36,2,100.16,106.88,103.29
PO-003945,2026-01-08,SUP-003,CMP-003,2284,2284,37,7.55,-1,100.16,106.88,103.29
PO-002626,2026-01-08,SUP-033,CMP-006,4492,4492,113,29.49,0,100.16,106.88,103.29
PO-000071,2026-01-08,SUP-051,CMP-003,1396,1396,22,7.47,-2,100.16,106.88,103.29
PO-004357,2026-01-08,SUP-017,CMP-005,3273,3273,61,121.28,-3,100.16,106.88,103.29
PO-000692,2026-01-08,SUP-005,CMP-009,4385,4385,100,13.22,0,100.16,106.88,103.29
PO-002768,2026-01-08,SUP-006,CMP-008,1273,1273,27,17.75,4,100.16,106.88,103.29
PO-003203,2026-01-09,SUP-000,CMP-004,2282,2282,45,76.38,-1,100.11,106.96,103.19
PO-004699,2026-01-09,SUP-027,CMP-004,2038,2038,6,76.29,6,100.11,106.96,103.19
PO-000848,2026-01-09,SUP-012,CMP-001,1868,1868,34,9.47,-1,100.11,106.96,103.19
PO-001510,2026-01-09,SUP-040,CMP-000,1861,1861,9,30.79,1,100.11,106.96,103.19
PO-002937,2026-01-10,SUP-038,CMP-004,5535,5535,82,79.72,2,100.07,107.04,103.1
PO-001233,2026-01-10,SUP-028,CMP-001,2120,2120,13,10.09,-1,100.07,107.04,103.1
PO-004414,2026-01-10,SUP-052,CMP-003,5832,5832,135,7.75,-1,100.07,107.04,103.1
PO-000141,2026-01-10,SUP-053,CMP-005,3952,3952,38,124.8,1,100.07,107.04,103.1
PO-000381,2026-01-10,SUP-034,CMP-009,4154,4154,14,13.29,3,100.07,107.04,103.1
PO-001981,2026-01-11,SUP-042,CMP-000,763,763,13,32.34,4,100.02,107.12,103.01
PO-002188,2026-01-11,SUP-027,CMP-009,3955,3955,6,13.07,3,100.02,107.12,103.01
PO-002593,2026-01-11,SUP-053,CMP-006,340,340,8,26.72,0,100.02,107.12,103.01
PO-004079,2026-01-12,SUP-009,CMP-002,3260,3260,50,4.67,4,99.97,107.2,102.92
PO-004485,2026-01-12,SUP-051,CMP-004,3859,3859,118,77.02,-1,99.97,107.2,102.92
PO-002359,2026-01-12,SUP-016,CMP-008,3456,3456,110,17.44,-3,99.97,107.2,102.92
PO-004389,2026-01-12,SUP-012,CMP-004,2228,2228,35,71.44,3,99.97,107.2,102.92
PO-003330,2026-01-12,SUP-029,CMP-009,573,573,13,12.31,-1,99.97,107.2,102.92
PO-004647,2026-01-13,SUP-026,CMP-005,3230,3230,62,115.41,2,99.92,107.28,102.82
PO-003405,2026-01-14,SUP-051,CMP-004,2286,2286,15,77.63,2,99.88,107.35,102.73
PO-000748,2026-01-14,SUP-002,CMP-007,562,562,32,42.98,0,99.88,107.35,102.73
PO-003126,2026-01-14,SUP-052,CMP-000,4558,4558,54,32.39,-4,99.88,107.35,102.73
PO-002942,2026-01-14,SUP-007,CMP-004,1388,1388,15,74.67,4,99.88,107.35,102.73
PO-001207,2026-01-14,SUP-018,CMP-007,258,258,4,41.88,-2,99.88,107.35,102.73
PO-000088,2026-01-15,SUP-048,CMP-006,5458,5458,14,30.04,1,99.83,107.43,102.64
PO-000871,2026-01-15,SUP-003,CMP-001,3281,3281,65,10.35,1,99.83,107.43,102.64
PO-001561,2026-01-15,SUP-006,CMP-007,2288,2288,46,42.89,3,99.83,107.43,102.64
PO-001764,2026-01-15,SUP-036,CMP-009,970,970,7,13.04,-1,99.83,107.43,102.64
PO-004267,2026-01-16,SUP-050,CMP-000,2594,2594,36,32.27,2,99.78,107.51,102.55
PO-002005,2026-01-16,SUP-046,CMP-000,4298,4298,56,31.46,10,99.78,107.51,102.55
PO-002615,2026-01-16,SUP-032,CMP-006,3552,3552,47,28.56,3,99.78,107.51,102.55
PO-001623,2026-01-17,SUP-051,CMP-004,5883,5883,96,74.93,1,99.73,107.58,102.46
PO-002776,2026-01-17,SUP-024,CMP-006,4603,4603,323,29.77,-1,99.73,107.58,102.46
PO-001480,2026-01-17,SUP-024,CMP-003,1320,1320,51,7.55,1,99.73,107.58,102.46
PO-002383,2026-01-17,SUP-033,CMP-001,1934,1934,44,9.76,-3,99.73,107.58,102.46
PO-000074,2026-01-17,SUP-029,CMP-000,2459,2459,44,29.58,5,99.73,107.58,102.46
PO-002013,2026-01-17,SUP-041,CMP-004,1643,1643,15,76.96,0,99.73,107.58,102.46
PO-002665,2026-01-17,SUP-000,CMP-003,1017,1017,10,7.66,0,99.73,107.58,102.46
PO-002114,2026-01-17,SUP-002,CMP-000,5186,5186,98,39.07,-1,99.73,107.58,102.46
PO-004229,2026-01-17,SUP-011,CMP-007,2668,2668,27,43.89,0,99.73,107.58,102.46
PO-004797,2026-01-17,SUP-037,CMP-007,3553,3553,15,44.21,3,99.73,107.58,102.46
PO-004452,2026-01-18,SUP-038,CMP-000,4499,4499,26,31.15,2,99.67,107.66,102.37
PO-003207,2026-01-18,SUP-033,CMP-007,4136,4136,87,42.67,0,99.67,107.66,102.37
PO-002261,2026-01-18,SUP-034,CMP-005,5177,5177,14,115.57,1,99.67,107.66,102.37
PO-001117,2026-01-18,SUP-028,CMP-004,2398,2398,40,77.15,1,99.67,107.66,102.37
PO-002008,2026-01-18,SUP-050,CMP-004,964,964,5,75.88,-3,99.67,107.66,102.37
PO-004589,2026-01-18,SUP-049,CMP-004,301,301,4,77.09,5,99.67,107.66,102.37
PO-003779,2026-01-18,SUP-010,CMP-007,1839,1839,11,45.36,4,99.67,107.66,102.37
PO-000976,2026-01-19,SUP-034,CMP-004,5024,5024,14,74.24,3,99.62,107.73,102.28
PO-000741,2026-01-19,SUP-050,CMP-007,5519,5519,117,41.5,2,99.62,107.73,102.28
PO-004270,2026-01-19,SUP-031,CMP-009,1584,1584,29,13.36,1,99.62,107.73,102.28
PO-001573,2026-01-19,SUP-007,CMP-004,3727,3727,36,71.83,2,99.62,107.73,102.28
PO-004625,2026-01-19,SUP-012,CMP-004,5299,5299,61,70.77,-2,99.62,107.73,102.28
PO-002269,2026-01-19,SUP-016,CMP-007,1623,1623,39,41.9,-1,99.62,107.73,102.28
PO-000315,2026-01-19,SUP-014,CMP-004,5888,5888,21,70.83,2,99.62,107.73,102.28
PO-003241,2026-01-19,SUP-011,CMP-002,3476,3476,57,5.07,3,99.62,107.73,102.28
PO-004561,2026-01-19,SUP-000,CMP-009,1133,1133,21,12.62,-3,99.62,107.73,102.28
PO-004112,2026-01-19,SUP-012,CMP-005,5337,5337,100,118.96,-1,99.62,107.73,102.28
PO-002167,2026-01-20,SUP-053,CMP-008,2080,2080,32,17.73,-4,99.57,107.8,102.19
PO-001985,2026-01-20,SUP-026,CMP-000,4072,4072,70,30.83,-1,99.57,107.8,102.19
PO-001345,2026-01-20,SUP-034,CMP-001,4820,4820,17,10.28,-1,99.57,107.8,102.19
PO-004098,2026-01-21,SUP-049,CMP-003,5080,5080,35,7.82,2,99.51,107.88,102.11
PO-000253,2026-01-21,SUP-034,CMP-007,5769,5769,36,41.62,1,99.51,107.88,102.11
PO-002303,2026-01-21,SUP-049,CMP-001,5304,5304,65,9.97,-4,99.51,107.88,102.11
PO-000739,2026-01-22,SUP-019,CMP-002,4716,4716,130,4.97,-4,99.46,107.95,102.02
PO-003117,2026-01-22,SUP-006,CMP-009,2716,2716,20,12.76,3,99.46,107.95,102.02
PO-004465,2026-01-22,SUP-050,CMP-008,1988,1988,14,17.47,-1,99.46,107.95,102.02
PO-004000,2026-01-22,SUP-052,CMP-007,2903,2903,41,42.31,3,99.46,107.95,102.02
PO-002337,2026-01-22,SUP-026,CMP-001,5011,5011,49,9.95,-1,99.46,107.95,102.02
PO-001468,2026-01-22,SUP-009,CMP-003,3022,3022,14,7.63,0,99.46,107.95,102.02
PO-002957,2026-01-22,SUP-047,CMP-004,2476,2476,9,70.66,3,99.46,107.95,102.02
PO-001971,2026-01-22,SUP-051,CMP-000,3207,3207,45,31.95,0,99.46,107.95,102.02
PO-001863,2026-01-23,SUP-003,CMP-007,2990,2990,146,43.4,-2,99.4,108.02,101.93
PO-001811,2026-01-23,SUP-046,CMP-000,4421,4421,30,28.45,2,99.4,108.02,101.93
PO-000063,2026-01-23,SUP-005,CMP-004,5998,5998,94,75.58,1,99.4,108.02,101.93
PO-004320,2026-01-23,SUP-025,CMP-007,4184,4184,107,44.27,3,99.4,108.02,101.93
PO-000893,2026-01-23,SUP-016,CMP-004,2276,2276,18,73.51,4,99.4,108.02,101.93
PO-002378,2026-01-25,SUP-043,CMP-004,805,805,5,75.12,4,99.29,108.16,101.76
PO-003299,2026-01-25,SUP-040,CMP-002,2987,2987,35,4.91,0,99.29,108.16,101.76
PO-002879,2026-01-25,SUP-042,CMP-003,3475,3475,33,7.55,-2,99.29,108.16,101.76
PO-003829,2026-01-25,SUP-029,CMP-000,2717,2717,22,30.94,0,99.29,108.16,101.76
PO-002646,2026-01-25,SUP-035,CMP-008,3663,3663,45,18.71,4,99.29,108.16,101.76
PO-004680,2026-01-25,SUP-053,CMP-007,4467,4467,36,42.99,1,99.29,108.16,101.76
PO-002022,2026-01-25,SUP-008,CMP-001,1093,1093,19,9.42,1,99.29,108.16,101.76
PO-001151,2026-01-25,SUP-001,CMP-001,2942,2942,28,9.69,-3,99.29,108.16,101.76
PO-002579,2026-01-25,SUP-051,CMP-000,1680,1680,26,32.95,-2,99.29,108.16,101.76
PO-001419,2026-01-25,SUP-002,CMP-003,3669,3669,213,7.33,0,99.29,108.16,101.76
PO-001639,2026-01-26,SUP-031,CMP-007,2692,2692,135,42.54,1,99.23,108.23,101.67
PO-000917,2026-01-26,SUP-018,CMP-008,956,956,16,18.61,0,99.23,108.23,101.67
PO-001630,2026-01-26,SUP-023,CMP-007,1480,1480,4,44.55,1,99.23,108.23,101.67
PO-002366,2026-01-26,SUP-003,CMP-009,2572,2572,134,12.77,2,99.23,108.23,101.67
PO-000470,2026-01-26,SUP-030,CMP-006,248,248,9,28.37,4,99.23,108.23,101.67
PO-000604,2026-01-26,SUP-045,CMP-002,4647,4647,11,5.28,0,99.23,108.23,101.67
PO-000110,2026-01-26,SUP-044,CMP-003,1139,1139,10,7.54,-1,99.23,108.23,101.67
PO-003558,2026-01-27,SUP-032,CMP-000,4849,4849,149,30.96,0,99.17,108.3,101.59
PO-001042,2026-01-27,SUP-019,CMP-004,4319,4319,75,74.62,-2,99.17,108.3,101.59
PO-001719,2026-01-27,SUP-029,CMP-009,1221,1221,19,13.17,4,99.17,108.3,101.59
PO-000663,2026-01-27,SUP-025,CMP-001,204,204,3,9.74,0,99.17,108.3,101.59
PO-003169,2026-01-27,SUP-032,CMP-005,586,586,6,125.35,6,99.17,108.3,101.59
PO-001831,2026-01-27,SUP-038,CMP-009,911,911,15,12.31,1,99.17,108.3,101.59
PO-002007,2026-01-27,SUP-041,CMP-008,1493,1493,13,18.62,-2,99.17,108.3,101.59
PO-000865,2026-01-27,SUP-000,CMP-004,4349,4349,239,73.97,3,99.17,108.3,101.59
PO-004372,2026-01-28,SUP-005,CMP-006,5628,5628,185,27.86,2,99.11,108.36,101.5
PO-004551,2026-01-28,SUP-013,CMP-002,3422,3422,75,4.78,2,99.11,108.36,101.5
PO-000838,2026-01-29,SUP-048,CMP-004,2084,2084,6,69.34,0,99.05,108.43,101.42
PO-000467,2026-01-29,SUP-031,CMP-001,1214,1214,40,10.17,-2,99.05,108.43,101.42
PO-001572,2026-01-29,SUP-009,CMP-004,4149,4149,34,72.96,5,99.05,108.43,101.42
PO-004012,2026-01-29,SUP-039,CMP-000,1141,1141,14,30.08,4,99.05,108.43,101.42
PO-004255,2026-01-29,SUP-015,CMP-007,4831,4831,67,42.38,4,99.05,108.43,101.42
PO-004560,2026-01-29,SUP-043,CMP-004,5184,5184,74,74.75,-2,99.05,108.43,101.42
PO-004791,2026-01-29,SUP-034,CMP-004,1636,1636,7,75.14,-1,99.05,108.43,101.42
PO-001329,2026-01-29,SUP-051,CMP-001,5141,5141,192,9.76,-2,99.05,108.43,101.42
PO-002323,2026-01-29,SUP-013,CMP-004,1389,1389,30,76.24,-1,99.05,108.43,101.42
PO-000997,2026-01-30,SUP-013,CMP-002,5546,5546,42,5.03,0,98.99,108.5,101.33
PO-004104,2026-01-30,SUP-046,CMP-004,5653,5653,83,73.11,2,98.99,108.5,101.33
PO-004486,2026-01-30,SUP-011,CMP-001,2870,2870,25,10.19,2,98.99,108.5,101.33
PO-003536,2026-01-30,SUP-050,CMP-007,3214,3214,23,41.46,-1,98.99,108.5,101.33
PO-000642,2026-01-30,SUP-023,CMP-001,3281,3281,23,9.92,0,98.99,108.5,101.33
PO-003019,2026-01-30,SUP-007,CMP-000,760,760,10,30.62,-2,98.99,108.5,101.33
PO-002306,2026-01-30,SUP-026,CMP-004,2644,2644,34,76.91,1,98.99,108.5,101.33
PO-003618,2026-01-30,SUP-018,CMP-001,4098,4098,57,10.13,-2,98.99,108.5,101.33
PO-000870,2026-01-31,SUP-022,CMP-006,192,192,1,28.15,-2,98.93,108.56,101.25
PO-001602,2026-01-31,SUP-041,CMP-005,5880,5880,196,118.19,2,98.93,108.56,101.25
PO-002454,2026-01-31,SUP-048,CMP-005,4051,4051,12,118.54,0,98.93,108.56,101.25
PO-002913,2026-01-31,SUP-036,CMP-004,5400,5400,46,70.72,3,98.93,108.56,101.25
PO-002360,2026-01-31,SUP-049,CMP-004,2653,2653,50,77.91,3,98.93,108.56,101.25
PO-004075,2026-01-31,SUP-016,CMP-002,2287,2287,38,4.97,-2,98.93,108.56,101.25
PO-003331,2026-01-31,SUP-013,CMP-004,937,937,11,75.77,1,98.93,108.56,101.25
PO-003542,2026-02-01,SUP-050,CMP-004,1870,1870,16,73.63,1,98.87,108.63,101.17
PO-001287,2026-02-01,SUP-039,CMP-004,5721,5721,21,74.83,2,98.87,108.63,101.17
PO-002664,2026-02-01,SUP-028,CMP-004,4163,4163,59,77.63,-2,98.87,108.63,101.17
PO-002096,2026-02-01,SUP-010,CMP-006,5844,5844,9,28.96,4,98.87,108.63,101.17
PO-000101,2026-02-02,SUP-013,CMP-000,5807,5807,254,32.84,-1,98.81,108.69,101.09
PO-001062,2026-02-02,SUP-023,CMP-004,4909,4909,27,74.8,1,98.81,108.69,101.09
PO-001338,2026-02-02,SUP-041,CMP-000,5914,5914,153,29.66,0,98.81,108.69,101.09
PO-003654,2026-02-02,SUP-038,CMP-007,1917,1917,20,41.58,5,98.81,108.69,101.09
PO-002260,2026-02-02,SUP-030,CMP-003,2453,2453,19,7.86,1,98.81,108.69,101.09
PO-002856,2026-02-02,SUP-029,CMP-008,2424,2424,22,18.8,0,98.81,108.69,101.09
PO-000016,2026-02-03,SUP-040,CMP-002,5038,5038,21,4.96,3,98.74,108.75,101.0
PO-002309,2026-02-03,SUP-037,CMP-007,5322,5322,40,41.66,-4,98.74,108.75,101.0
PO-000151,2026-02-04,SUP-013,CMP-005,329,329,5,118.03,1,98.68,108.81,100.92
PO-001036,2026-02-04,SUP-009,CMP-000,4321,4321,76,32.19,1,98.68,108.81,100.92
PO-004080,2026-02-04,SUP-021,CMP-006,4711,4711,15,28.9,5,98.68,108.81,100.92
PO-004613,2026-02-05,SUP-026,CMP-005,3969,3969,71,123.32,1,98.61,108.87,100.84
PO-004755,2026-02-05,SUP-043,CMP-006,4891,4891,103,30.29,0,98.61,108.87,100.84
PO-001715,2026-02-05,SUP-040,CMP-006,5161,5161,35,28.71,3,98.61,108.87,100.84
PO-003503,2026-02-05,SUP-003,CMP-001,5069,5069,92,10.19,2,98.61,108.87,100.84
PO-003510,2026-02-05,SUP-034,CMP-004,3965,3965,23,76.32,0,98.61,108.87,100.84
PO-002205,2026-02-06,SUP-042,CMP-009,1867,1867,26,13.42,0,98.55,108.93,100.76
PO-003297,2026-02-06,SUP-020,CMP-000,1977,1977,7,31.16,-2,98.55,108.93,100.76
PO-002863,2026-02-06,SUP-046,CMP-003,1563,1563,21,7.42,4,98.55,108.93,100.76
PO-000329,2026-02-06,SUP-010,CMP-000,3509,3509,16,31.22,0,98.55,108.93,100.76
PO-004173,2026-02-06,SUP-020,CMP-004,1704,1704,20,76.61,1,98.55,108.93,100.76
PO-002605,2026-02-07,SUP-051,CMP-008,4499,4499,43,19.21,2,98.48,108.99,100.69
PO-004418,2026-02-07,SUP-008,CMP-003,1885,1885,23,7.34,1,98.48,108.99,100.69
PO-000977,2026-02-07,SUP-035,CMP-007,1692,1692,12,42.53,1,98.48,108.99,100.69
PO-001578,2026-02-07,SUP-045,CMP-006,4096,4096,24,27.49,-1,98.48,108.99,100.69
PO-001304,2026-02-07,SUP-038,CMP-007,4958,4958,25,41.33,4,98.48,108.99,100.69
PO-001654,2026-02-07,SUP-009,CMP-000,3529,3529,60,31.7,1,98.48,108.99,100.69
PO-002517,2026-02-08,SUP-006,CMP-006,1052,1052,13,27.1,2,98.41,109.05,100.61
PO-004793,2026-02-08,SUP-013,CMP-000,4792,4792,64,31.11,3,98.41,109.05,100.61
PO-004602,2026-02-09,SUP-028,CMP-009,3463,3463,59,13.19,-2,98.34,109.1,100.53
PO-001531,2026-02-09,SUP-002,CMP-008,2976,2976,63,17.56,-1,98.34,109.1,100.53
PO-004090,2026-02-09,SUP-048,CMP-009,850,850,2,13.02,0,98.34,109.1,100.53
PO-001700,2026-02-09,SUP-002,CMP-004,2750,2750,50,75.0,-4,98.34,109.1,100.53
PO-000233,2026-02-09,SUP-018,CMP-002,5079,5079,60,4.98,1,98.34,109.1,100.53
PO-000386,2026-02-09,SUP-049,CMP-009,1021,1021,11,12.81,-3,98.34,109.1,100.53
PO-000874,2026-02-09,SUP-009,CMP-009,5641,5641,29,13.05,2,98.34,109.1,100.53
PO-003946,2026-02-09,SUP-051,CMP-007,1174,1174,20,44.25,0,98.34,109.1,100.53
PO-000974,2026-02-09,SUP-005,CMP-006,4090,4090,84,28.24,2,98.34,109.1,100.53
PO-000355,2026-02-09,SUP-052,CMP-009,4600,4600,467,12.84,3,98.34,109.1,100.53
PO-002247,2026-02-10,SUP-022,CMP-001,2822,2822,17,9.68,-1,98.28,109.16,100.45
PO-002211,2026-02-10,SUP-000,CMP-002,302,302,4,4.84,8,98.28,109.16,100.45
PO-003320,2026-02-10,SUP-046,CMP-007,5470,5470,75,43.28,3,98.28,109.16,100.45
PO-004250,2026-02-10,SUP-010,CMP-002,1882,1882,9,4.88,1,98.28,109.16,100.45
PO-000176,2026-02-11,SUP-049,CMP-001,2388,2388,17,9.53,2,98.21,109.21,100.38
PO-000679,2026-02-11,SUP-017,CMP-009,514,514,7,13.45,1,98.21,109.21,100.38
PO-001426,2026-02-12,SUP-003,CMP-009,3416,3416,117,14.4,2,98.14,109.27,100.3
PO-002657,2026-02-12,SUP-018,CMP-004,3175,3175,50,76.82,4,98.14,109.27,100.3
PO-001160,2026-02-12,SUP-045,CMP-000,1146,1146,8,32.58,2,98.14,109.27,100.3
PO-004059,2026-02-12,SUP-005,CMP-009,460,460,12,12.5,0,98.14,109.27,100.3
PO-003549,2026-02-12,SUP-028,CMP-005,2171,2171,25,127.06,-1,98.14,109.27,100.3
PO-001302,2026-02-13,SUP-011,CMP-006,2641,2641,57,28.66,-1,98.06,109.32,100.23
PO-003744,2026-02-13,SUP-019,CMP-008,5563,5563,58,19.4,-3,98.06,109.32,100.23
PO-003116,2026-02-13,SUP-018,CMP-000,4297,4297,16,31.49,0,98.06,109.32,100.23
PO-004595,2026-02-13,SUP-007,CMP-007,3021,3021,27,42.32,4,98.06,109.32,100.23
PO-001390,2026-02-14,SUP-010,CMP-000,3455,3455,32,30.34,2,97.99,109.37,100.15
PO-001343,2026-02-14,SUP-008,CMP-004,768,768,21,76.2,-3,97.99,109.37,100.15
PO-003151,2026-02-14,SUP-052,CMP-000,3631,3631,114,34.11,-3,97.99,109.37,100.15
PO-003020,2026-02-15,SUP-003,CMP-001,612,612,12,10.17,0,97.92,109.42,100.08
PO-000246,2026-02-15,SUP-049,CMP-007,902,902,11,40.31,1,97.92,109.42,100.08
PO-000358,2026-02-15,SUP-019,CMP-005,1029,1029,45,116.19,2,97.92,109.42,100.08
PO-001729,2026-02-15,SUP-041,CMP-000,2495,2495,53,28.13,3,97.92,109.42,100.08
PO-000052,2026-02-15,SUP-006,CMP-004,3988,3988,49,71.02,0,97.92,109.42,100.08
PO-003947,2026-02-15,SUP-024,CMP-005,1425,1425,26,120.66,1,97.92,109.42,100.08
PO-003873,2026-02-16,SUP-043,CMP-008,5467,5467,45,18.46,3,97.85,109.47,100.01
PO-000752,2026-02-16,SUP-013,CMP-001,1056,1056,9,10.06,3,97.85,109.47,100.01
PO-001299,2026-02-16,SUP-036,CMP-009,2329,2329,22,13.05,4,97.85,109.47,100.01
PO-004251,2026-02-17,SUP-024,CMP-007,2329,2329,36,41.21,-1,97.77,109.52,99.94
PO-004010,2026-02-17,SUP-001,CMP-003,3418,3418,48,7.64,1,97.77,109.52,99.94
PO-001905,2026-02-17,SUP-028,CMP-008,4897,4897,32,18.58,0,97.77,109.52,99.94
PO-001997,2026-02-18,SUP-042,CMP-009,5932,5932,99,12.89,-2,97.7,109.56,99.86
PO-003840,2026-02-18,SUP-038,CMP-002,848,848,6,4.98,0,97.7,109.56,99.86
PO-003131,2026-02-19,SUP-051,CMP-004,944,944,41,72.29,-1,97.62,109.61,99.79
PO-002815,2026-02-19,SUP-051,CMP-004,3777,3777,48,76.27,2,97.62,109.61,99.79
PO-004460,2026-02-19,SUP-037,CMP-008,461,461,2,19.38,3,97.62,109.61,99.79
PO-001786,2026-02-19,SUP-017,CMP-004,1036,1036,17,75.06,3,97.62,109.61,99.79
PO-001068,2026-02-19,SUP-011,CMP-007,2640,2640,39,44.02,3,97.62,109.61,99.79
PO-004603,2026-02-19,SUP-039,CMP-008,5767,5767,58,18.3,3,97.62,109.61,99.79
PO-000107,2026-02-19,SUP-027,CMP-007,4916,4916,8,43.2,7,97.62,109.61,99.79
PO-003204,2026-02-19,SUP-019,CMP-000,1647,1647,69,29.36,-2,97.62,109.61,99.79
PO-003772,2026-02-20,SUP-033,CMP-004,734,734,17,75.97,1,97.55,109.65,99.73
PO-000978,2026-02-20,SUP-032,CMP-006,5447,5447,65,29.23,1,97.55,109.65,99.73
PO-004106,2026-02-20,SUP-022,CMP-007,3971,3971,20,41.29,1,97.55,109.65,99.73
PO-000203,2026-02-20,SUP-009,CMP-004,3024,3024,41,73.68,4,97.55,109.65,99.73
PO-001395,2026-02-20,SUP-052,CMP-007,4748,4748,65,43.18,4,97.55,109.65,99.73
PO-002642,2026-02-21,SUP-023,CMP-000,402,402,1,30.44,4,97.47,109.7,99.66
PO-000056,2026-02-22,SUP-037,CMP-006,2481,2481,12,28.21,3,97.4,109.74,99.59
PO-000378,2026-02-22,SUP-033,CMP-009,3937,3937,154,13.75,0,97.4,109.74,99.59
PO-003074,2026-02-22,SUP-028,CMP-004,781,781,18,71.9,-1,97.4,109.74,99.59
PO-002087,2026-02-22,SUP-027,CMP-004,214,214,1,69.57,3,97.4,109.74,99.59
PO-003220,2026-02-22,SUP-045,CMP-004,977,977,9,77.89,-2,97.4,109.74,99.59
PO-001781,2026-02-23,SUP-023,CMP-009,5672,5672,26,12.88,3,97.32,109.78,99.52
PO-000901,2026-02-23,SUP-000,CMP-001,5617,5617,85,10.41,4,97.32,109.78,99.52
PO-002760,2026-02-24,SUP-020,CMP-003,4719,4719,33,7.57,-1,97.24,109.82,99.46
PO-000005,2026-02-24,SUP-049,CMP-009,5250,5250,170,13.41,1,97.24,109.82,99.46
PO-003403,2026-02-24,SUP-016,CMP-004,4449,4449,32,75.7,-3,97.24,109.82,99.46
PO-003940,2026-02-24,SUP-019,CMP-000,5809,5809,116,32.84,0,97.24,109.82,99.46
PO-001075,2026-02-25,SUP-024,CMP-005,2409,2409,117,118.53,2,97.16,109.86,99.39
PO-002459,2026-02-25,SUP-040,CMP-004,1304,1304,2,72.47,-1,97.16,109.86,99.39
PO-002884,2026-02-25,SUP-043,CMP-005,3494,3494,85,120.77,2,97.16,109.86,99.39
PO-001904,2026-02-25,SUP-024,CMP-002,638,638,12,4.42,2,97.16,109.86,99.39
PO-000658,2026-02-26,SUP-027,CMP-005,987,987,4,117.21,6,97.08,109.9,99.33
PO-001869,2026-02-26,SUP-020,CMP-004,4560,4560,16,88.02,3,97.08,109.9,99.33
PO-004703,2026-02-26,SUP-027,CMP-003,2134,2134,8,7.36,4,97.08,109.9,99.33
PO-002880,2026-02-27,SUP-041,CMP-007,2426,2426,22,44.29,-3,97.0,109.93,99.26
PO-003828,2026-02-27,SUP-038,CMP-004,4087,4087,59,73.19,4,97.0,109.93,99.26
PO-000301,2026-02-27,SUP-047,CMP-000,2675,2675,30,32.67,4,97.0,109.93,99.26
PO-002312,2026-02-27,SUP-012,CMP-004,3942,3942,110,78.65,-1,97.0,109.93,99.26
PO-001631,2026-02-27,SUP-053,CMP-007,908,908,3,44.83,3,97.0,109.93,99.26
PO-003750,2026-02-28,SUP-000,CMP-006,1281,1281,17,30.23,0,96.92,109.97,99.2
PO-003729,2026-02-28,SUP-024,CMP-002,3559,3559,61,5.22,-1,96.92,109.97,99.2
PO-002691,2026-03-01,SUP-035,CMP-005,2819,2819,17,122.46,4,96.84,110.0,99.14
PO-003923,2026-03-01,SUP-026,CMP-005,1856,1856,41,118.99,6,96.84,110.0,99.14
PO-003026,2026-03-01,SUP-041,CMP-009,5261,5261,33,12.99,-1,96.84,110.0,99.14
PO-000374,2026-03-01,SUP-041,CMP-000,590,590,11,32.03,-1,96.84,110.0,99.14
PO-004508,2026-03-01,SUP-022,CMP-000,4202,4202,41,30.55,0,96.84,110.0,99.14
PO-004321,2026-03-01,SUP-018,CMP-007,488,488,6,44.19,-1,96.84,110.0,99.14
PO-003916,2026-03-01,SUP-026,CMP-005,5988,5988,154,115.71,1,96.84,110.0,99.14
PO-002115,2026-03-02,SUP-049,CMP-004,2789,2789,70,69.07,5,96.76,110.04,99.08
PO-002970,2026-03-02,SUP-024,CMP-004,3087,3087,73,70.71,3,96.76,110.04,99.08
PO-003205,2026-03-02,SUP-013,CMP-000,4678,4678,103,31.64,-1,96.76,110.04,99.08
PO-004558,2026-03-02,SUP-038,CMP-007,4469,4469,63,43.27,1,96.76,110.04,99.08
PO-002489,2026-03-03,SUP-041,CMP-004,3566,3566,49,72.51,-1,96.68,110.07,99.02
PO-002758,2026-03-03,SUP-016,CMP-009,4787,4787,42,13.05,0,96.68,110.07,99.02
PO-001827,2026-03-03,SUP-010,CMP-004,5450,5450,33,71.53,-3,96.68,110.07,99.02
PO-001945,2026-03-03,SUP-028,CMP-001,3088,3088,68,9.77,2,96.68,110.07,99.02
PO-000197,2026-03-03,SUP-016,CMP-002,5974,5974,15,5.08,2,96.68,110.07,99.02
PO-001262,2026-03-04,SUP-041,CMP-009,5152,5152,143,12.76,-1,96.6,110.1,98.96
PO-001112,2026-03-04,SUP-029,CMP-000,5308,5308,126,30.76,3,96.6,110.1,98.96
PO-002764,2026-03-04,SUP-026,CMP-004,518,518,8,77.52,1,96.6,110.1,98.96
PO-004789,2026-03-04,SUP-028,CMP-000,5617,5617,120,30.24,1,96.6,110.1,98.96
PO-000688,2026-03-04,SUP-038,CMP-007,488,488,9,43.36,2,96.6,110.1,98.96
PO-003294,2026-03-05,SUP-007,CMP-006,4370,4370,54,27.19,4,96.51,110.13,98.9
PO-000032,2026-03-05,SUP-038,CMP-004,2699,2699,99,68.76,-1,96.51,110.13,98.9
PO-002644,2026-03-05,SUP-051,CMP-006,3902,3902,104,26.95,2,96.51,110.13,98.9
PO-002728,2026-03-05,SUP-053,CMP-005,3552,3552,29,124.37,0,96.51,110.13,98.9
PO-001365,2026-03-06,SUP-002,CMP-005,4079,4079,104,119.56,1,96.43,110.16,98.84
PO-001097,2026-03-06,SUP-030,CMP-002,2549,2549,21,4.75,-3,96.43,110.16,98.84
PO-000307,2026-03-06,SUP-046,CMP-001,1653,1653,23,9.78,1,96.43,110.16,98.84
PO-004567,2026-03-06,SUP-013,CMP-007,3838,3838,102,43.74,0,96.43,110.16,98.84
PO-003817,2026-03-06,SUP-023,CMP-004,2050,2050,6,74.49,6,96.43,110.16,98.84
PO-004392,2026-03-07,SUP-002,CMP-006,1407,1407,42,27.85,-1,96.34,110.18,98.78
PO-001325,2026-03-07,SUP-026,CMP-008,4700,4700,131,17.28,2,96.34,110.18,98.78
PO-003154,2026-03-07,SUP-033,CMP-001,3858,3858,88,9.76,-1,96.34,110.18,98.78
PO-003879,2026-03-07,SUP-053,CMP-000,1207,1207,19,29.77,6,96.34,110.18,98.78
PO-002480,2026-03-07,SUP-004,CMP-009,859,859,16,12.76,2,96.34,110.18,98.78
PO-001487,2026-03-07,SUP-004,CMP-000,1893,1893,42,28.85,10,96.34,110.18,98.78
PO-004313,2026-03-08,SUP-005,CMP-008,916,916,24,16.94,0,96.26,110.21,98.73
PO-002125,2026-03-08,SUP-014,CMP-002,2081,2081,15,4.64,-1,96.26,110.21,98.73
PO-002297,2026-03-08,SUP-049,CMP-003,421,421,3,7.87,2,96.26,110.21,98.73
PO-000669,2026-03-08,SUP-047,CMP-000,4134,4134,12,26.87,4,96.26,110.21,98.73
PO-002725,2026-03-09,SUP-049,CMP-000,1225,1225,36,26.86,1,96.17,110.23,98.67
PO-003165,2026-03-09,SUP-050,CMP-007,860,860,11,39.99,2,96.17,110.23,98.67
PO-001116,2026-03-09,SUP-051,CMP-009,771,771,10,13.2,3,96.17,110.23,98.67
PO-004736,2026-03-09,SUP-037,CMP-008,546,546,3,18.24,0,96.17,110.23,98.67
PO-002542,2026-03-09,SUP-040,CMP-004,3427,3427,19,72.88,2,96.17,110.23,98.67
PO-001750,2026-03-09,SUP-027,CMP-007,4458,4458,8,43.06,0,96.17,110.23,98.67
PO-004121,2026-03-09,SUP-006,CMP-005,192,192,5,121.44,3,96.17,110.23,98.67
PO-003132,2026-03-10,SUP-022,CMP-006,5969,5969,17,29.06,-1,96.09,110.26,98.62
PO-004150,2026-03-10,SUP-003,CMP-000,1317,1317,21,32.08,-4,96.09,110.26,98.62
PO-000697,2026-03-10,SUP-029,CMP-006,5328,5328,72,28.87,6,96.09,110.26,98.62
PO-002504,2026-03-10,SUP-018,CMP-004,1824,1824,14,71.85,2,96.09,110.26,98.62
PO-003822,2026-03-10,SUP-050,CMP-005,4472,4472,114,116.01,1,96.09,110.26,98.62
PO-000507,2026-03-10,SUP-024,CMP-000,5247,5247,72,30.85,2,96.09,110.26,98.62
PO-003518,2026-03-11,SUP-042,CMP-000,5125,5125,53,31.77,3,96.0,110.28,98.57
PO-004640,2026-03-11,SUP-021,CMP-004,638,638,5,71.78,-1,96.0,110.28,98.57
PO-002209,2026-03-11,SUP-012,CMP-004,447,447,15,74.86,2,96.0,110.28,98.57
PO-002952,2026-03-11,SUP-021,CMP-001,1208,1208,20,9.86,-3,96.0,110.28,98.57
PO-003390,2026-03-12,SUP-035,CMP-002,1764,1764,18,4.61,4,95.91,110.3,98.52
PO-001645,2026-03-12,SUP-031,CMP-001,4198,4198,56,9.72,-2,95.91,110.3,98.52
PO-003980,2026-03-12,SUP-008,CMP-000,3504,3504,24,30.14,4,95.91,110.3,98.52
PO-004364,2026-03-12,SUP-027,CMP-004,1627,1627,4,71.56,2,95.91,110.3,98.52
PO-003227,2026-03-12,SUP-033,CMP-002,1367,1367,28,5.05,0,95.91,110.3,98.52
PO-002804,2026-03-12,SUP-016,CMP-004,4789,4789,92,70.6,6,95.91,110.3,98.52
PO-002537,2026-03-12,SUP-030,CMP-001,1474,1474,16,9.25,3,95.91,110.3,98.52
PO-000093,2026-03-12,SUP-033,CMP-000,1283,1283,18,29.92,4,95.91,110.3,98.52
PO-003984,2026-03-13,SUP-048,CMP-000,5299,5299,19,29.16,-2,95.83,110.32,98.46
PO-002402,2026-03-13,SUP-041,CMP-004,4289,4289,39,65.88,0,95.83,110.32,98.46
PO-004430,2026-03-13,SUP-016,CMP-007,3255,3255,67,42.23,2,95.83,110.32,98.46
PO-000777,2026-03-13,SUP-045,CMP-002,5984,5984,41,5.0,0,95.83,110.32,98.46
PO-002183,2026-03-13,SUP-032,CMP-004,2183,2183,27,70.88,3,95.83,110.32,98.46
PO-003745,2026-03-13,SUP-018,CMP-009,4806,4806,80,11.95,1,95.83,110.32,98.46
PO-002550,2026-03-14,SUP-029,CMP-002,2410,2410,47,4.84,3,95.74,110.34,98.41
PO-002428,2026-03-14,SUP-024,CMP-009,880,880,52,13.47,1,95.74,110.34,98.41
PO-000689,2026-03-15,SUP-043,CMP-004,5620,5620,67,70.08,3,95.65,110.36,98.36
PO-004626,2026-03-15,SUP-000,CMP-004,707,707,4,74.48,-1,95.65,110.36,98.36
PO-003053,2026-03-15,SUP-003,CMP-000,5062,5062,150,28.86,3,95.65,110.36,98.36
PO-004580,2026-03-15,SUP-024,CMP-006,476,476,4,27.96,-2,95.65,110.36,98.36
PO-003159,2026-03-15,SUP-047,CMP-001,1608,1608,12,9.49,1,95.65,110.36,98.36
PO-000611,2026-03-15,SUP-033,CMP-009,870,870,12,12.89,-1,95.65,110.36,98.36
PO-002000,2026-03-15,SUP-031,CMP-007,4157,4157,40,43.64,20,95.65,110.36,98.36
PO-003456,2026-03-16,SUP-010,CMP-001,3408,3408,11,9.66,-1,95.56,110.37,98.32
PO-001055,2026-03-16,SUP-032,CMP-007,1509,1509,22,41.49,4,95.56,110.37,98.32
PO-003582,2026-03-16,SUP-036,CMP-000,350,350,1,28.24,2,95.56,110.37,98.32
PO-001570,2026-03-16,SUP-046,CMP-007,634,634,7,42.49,1,95.56,110.37,98.32
PO-003093,2026-03-16,SUP-028,CMP-009,3845,3845,51,12.3,2,95.56,110.37,98.32
PO-002408,2026-03-16,SUP-034,CMP-005,1230,1230,4,116.73,1,95.56,110.37,98.32
PO-000761,2026-03-16,SUP-030,CMP-003,1714,1714,14,7.6,5,95.56,110.37,98.32
PO-001501,2026-03-16,SUP-008,CMP-002,5537,5537,108,5.19,-1,95.56,110.37,98.32
PO-002581,2026-03-16,SUP-035,CMP-005,1388,1388,9,123.25,5,95.56,110.37,98.32
PO-002280,2026-03-16,SUP-023,CMP-009,3370,3370,25,13.56,2,95.56,110.37,98.32
PO-002396,2026-03-17,SUP-003,CMP-000,4283,4283,41,30.31,-1,95.47,110.39,98.27
PO-002094,2026-03-17,SUP-040,CMP-004,2526,2526,7,72.84,5,95.47,110.39,98.27
PO-003968,2026-03-17,SUP-015,CMP-003,5123,5123,109,7.18,9,95.47,110.39,98.27
PO-004378,2026-03-17,SUP-045,CMP-004,2753,2753,10,70.56,-2,95.47,110.39,98.27
PO-002606,2026-03-17,SUP-039,CMP-007,2752,2752,14,39.25,5,95.47,110.39,98.27
PO-002828,2026-03-17,SUP-040,CMP-009,1884,1884,11,12.77,-2,95.47,110.39,98.27
PO-002120,2026-03-17,SUP-018,CMP-005,3818,3818,30,119.8,2,95.47,110.39,98.27
PO-003885,2026-03-17,SUP-012,CMP-006,1485,1485,13,28.88,3,95.47,110.39,98.27
PO-004432,2026-03-18,SUP-036,CMP-003,3443,3443,32,7.51,-1,95.38,110.4,98.22
PO-000247,2026-03-18,SUP-039,CMP-009,3424,3424,22,12.94,4,95.38,110.4,98.22
PO-000685,2026-03-18,SUP-022,CMP-004,2145,2145,13,70.31,3,95.38,110.4,98.22
PO-003678,2026-03-18,SUP-031,CMP-000,2265,2265,57,30.05,0,95.38,110.4,98.22
PO-002392,2026-03-18,SUP-016,CMP-009,2595,2595,37,13.56,-1,95.38,110.4,98.22
PO-000129,2026-03-18,SUP-029,CMP-003,4343,4343,125,7.6,3,95.38,110.4,98.22
PO-002720,2026-03-18,SUP-006,CMP-001,3703,3703,86,9.98,-1,95.38,110.4,98.22
PO-003720,2026-03-18,SUP-008,CMP-003,205,205,2,7.71,-1,95.38,110.4,98.22
PO-003821,2026-03-19,SUP-044,CMP-004,3011,3011,44,70.64,2,95.29,110.41,98.18
PO-003073,2026-03-19,SUP-043,CMP-009,5953,5953,55,13.79,5,95.29,110.41,98.18
PO-002421,2026-03-19,SUP-011,CMP-006,3363,3363,40,28.24,0,95.29,110.41,98.18
PO-004596,2026-03-19,SUP-041,CMP-008,4424,4424,74,17.63,-1,95.29,110.41,98.18
PO-002470,2026-03-19,SUP-003,CMP-003,4817,4817,100,7.21,-1,95.29,110.41,98.18
PO-002462,2026-03-19,SUP-039,CMP-004,1891,1891,11,69.72,4,95.29,110.41,98.18
PO-003774,2026-03-20,SUP-052,CMP-004,556,556,8,69.93,4,95.2,110.42,98.13
PO-003591,2026-03-20,SUP-002,CMP-003,2672,2672,49,6.96,0,95.2,110.42,98.13
PO-001212,2026-03-20,SUP-028,CMP-007,2332,2332,36,42.09,1,95.2,110.42,98.13
PO-001162,2026-03-20,SUP-025,CMP-000,5444,5444,113,28.04,5,95.2,110.42,98.13
PO-000218,2026-03-21,SUP-032,CMP-005,194,194,4,111.85,5,95.11,110.43,98.09
PO-003176,2026-03-21,SUP-045,CMP-006,5363,5363,29,29.26,3,95.11,110.43,98.09
PO-002091,2026-03-21,SUP-029,CMP-001,3396,3396,63,9.79,2,95.11,110.43,98.09
PO-001069,2026-03-21,SUP-002,CMP-007,1541,1541,30,40.02,-1,95.11,110.43,98.09
PO-000338,2026-03-21,SUP-025,CMP-004,5216,5216,100,72.34,0,95.11,110.43,98.09
PO-001227,2026-03-22,SUP-025,CMP-004,1704,1704,16,71.65,9,95.02,110.44,98.05
PO-002630,2026-03-22,SUP-013,CMP-004,1517,1517,182,73.15,2,95.02,110.44,98.05
PO-001038,2026-03-22,SUP-040,CMP-004,4946,4946,34,73.34,0,95.02,110.44,98.05
PO-003149,2026-03-22,SUP-030,CMP-005,4258,4258,74,114.28,0,95.02,110.44,98.05
PO-004319,2026-03-23,SUP-003,CMP-000,4193,4193,95,31.92,5,94.93,110.45,98.01
PO-000262,2026-03-23,SUP-020,CMP-006,5563,5563,26,26.81,5,94.93,110.45,98.01
PO-002300,2026-03-23,SUP-001,CMP-004,1038,1038,5,66.03,-2,94.93,110.45,98.01
PO-002150,2026-03-23,SUP-046,CMP-007,5886,5886,70,44.0,3,94.93,110.45,98.01
PO-000501,2026-03-23,SUP-033,CMP-000,451,451,11,31.23,-2,94.93,110.45,98.01
PO-003969,2026-03-24,SUP-043,CMP-004,3815,3815,63,72.62,4,94.83,110.45,97.97
PO-002989,2026-03-24,SUP-052,CMP-001,4311,4311,36,10.49,4,94.83,110.45,97.97
PO-002686,2026-03-24,SUP-002,CMP-000,5261,5261,46,28.54,0,94.83,110.45,97.97
PO-001415,2026-03-24,SUP-034,CMP-004,1742,1742,6,73.76,1,94.83,110.45,97.97
PO-003267,2026-03-24,SUP-000,CMP-001,2035,2035,46,9.78,3,94.83,110.45,97.97
PO-003050,2026-03-25,SUP-003,CMP-000,5127,5127,46,30.37,1,94.74,110.46,97.93
PO-004685,2026-03-25,SUP-031,CMP-005,530,530,12,114.19,1,94.74,110.46,97.93
PO-001596,2026-03-25,SUP-001,CMP-009,5091,5091,17,12.77,1,94.74,110.46,97.93
PO-002282,2026-03-25,SUP-023,CMP-005,1606,1606,17,125.92,1,94.74,110.46,97.93
PO-000784,2026-03-26,SUP-017,CMP-002,5142,5142,40,4.94,0,94.65,110.46,97.89
PO-003524,2026-03-27,SUP-053,CMP-001,2325,2325,18,9.77,1,94.55,110.46,97.85
PO-002832,2026-03-27,SUP-030,CMP-003,1307,1307,16,7.51,0,94.55,110.46,97.85
PO-003681,2026-03-27,SUP-013,CMP-009,4026,4026,115,13.61,1,94.55,110.46,97.85
PO-001443,2026-03-27,SUP-010,CMP-003,3806,3806,40,7.96,-2,94.55,110.46,97.85
PO-003732,2026-03-28,SUP-046,CMP-004,5337,5337,62,76.6,4,94.46,110.47,97.81
PO-000858,2026-03-28,SUP-008,CMP-004,2987,2987,53,71.63,0,94.46,110.47,97.81
PO-003567,2026-03-28,SUP-018,CMP-005,650,650,8,115.85,0,94.46,110.47,97.81
PO-000719,2026-03-29,SUP-002,CMP-002,2178,2178,34,4.85,3,94.37,110.47,97.78
PO-003075,2026-03-29,SUP-011,CMP-004,3291,3291,113,72.09,-1,94.37,110.47,97.78
PO-000164,2026-03-29,SUP-050,CMP-004,5787,5787,70,70.69,-3,94.37,110.47,97.78
PO-001214,2026-03-29,SUP-052,CMP-000,2736,2736,83,32.15,-1,94.37,110.47,97.78
PO-000542,2026-03-29,SUP-007,CMP-004,4534,4534,82,72.19,3,94.37,110.47,97.78
PO-004203,2026-03-29,SUP-049,CMP-009,1482,1482,21,12.92,-4,94.37,110.47,97.78
PO-004184,2026-03-29,SUP-032,CMP-002,5090,5090,111,4.66,0,94.37,110.47,97.78
PO-004440,2026-03-30,SUP-023,CMP-000,4258,4258,25,31.53,0,94.27,110.46,97.74
PO-003509,2026-03-30,SUP-049,CMP-004,4302,4302,234,72.83,1,94.27,110.46,97.74
PO-001608,2026-03-30,SUP-020,CMP-008,1203,1203,7,18.82,1,94.27,110.46,97.74
PO-001614,2026-03-30,SUP-043,CMP-005,395,395,4,124.88,4,94.27,110.46,97.74
PO-001297,2026-03-30,SUP-030,CMP-001,4618,4618,44,10.02,6,94.27,110.46,97.74
PO-000571,2026-03-30,SUP-042,CMP-004,1669,1669,25,72.49,2,94.27,110.46,97.74
PO-000222,2026-03-30,SUP-012,CMP-003,2109,2109,37,6.94,2,94.27,110.46,97.74
PO-001576,2026-03-31,SUP-037,CMP-004,3604,3604,19,66.79,0,94.18,110.46,97.71
PO-000829,2026-03-31,SUP-013,CMP-005,773,773,22,122.41,-3,94.18,110.46,97.71
PO-002503,2026-03-31,SUP-033,CMP-003,5176,5176,195,7.69,-1,94.18,110.46,97.71
PO-000013,2026-03-31,SUP-024,CMP-001,3121,3121,12,9.75,0,94.18,110.46,97.71
PO-002854,2026-03-31,SUP-035,CMP-000,2353,2353,42,29.6,4,94.18,110.46,97.71
PO-002289,2026-03-31,SUP-031,CMP-002,1930,1930,72,5.17,0,94.18,110.46,97.71
PO-004220,2026-03-31,SUP-045,CMP-004,2682,2682,19,71.63,0,94.18,110.46,97.71
PO-003855,2026-04-01,SUP-017,CMP-001,1058,1058,37,10.34,1,94.08,110.46,97.68
PO-003174,2026-04-01,SUP-048,CMP-004,2754,2754,9,73.71,2,94.08,110.46,97.68
PO-003367,2026-04-01,SUP-032,CMP-003,5586,5586,188,7.25,4,94.08,110.46,97.68
PO-001003,2026-04-01,SUP-003,CMP-008,2214,2214,62,18.59,0,94.08,110.46,97.68
PO-001005,2026-04-01,SUP-051,CMP-003,4131,4131,96,7.73,0,94.08,110.46,97.68
PO-002922,2026-04-01,SUP-024,CMP-001,4150,4150,148,9.73,5,94.08,110.46,97.68
PO-002362,2026-04-01,SUP-017,CMP-002,970,970,7,5.09,1,94.08,110.46,97.68
PO-004397,2026-04-02,SUP-035,CMP-003,3931,3931,31,7.21,3,93.98,110.45,97.65
PO-002124,2026-04-02,SUP-044,CMP-009,5298,5298,148,13.33,0,93.98,110.45,97.65
PO-004587,2026-04-02,SUP-042,CMP-004,4257,4257,105,70.66,1,93.98,110.45,97.65
PO-004048,2026-04-02,SUP-039,CMP-000,5344,5344,37,30.54,2,93.98,110.45,97.65
PO-002782,2026-04-02,SUP-001,CMP-003,3743,3743,16,7.68,0,93.98,110.45,97.65
PO-003365,2026-04-03,SUP-035,CMP-002,5015,5015,40,4.63,2,93.89,110.45,97.62
PO-004772,2026-04-03,SUP-017,CMP-001,5107,5107,30,9.49,0,93.89,110.45,97.62
PO-001722,2026-04-03,SUP-016,CMP-004,4066,4066,22,71.28,-1,93.89,110.45,97.62
PO-004738,2026-04-03,SUP-051,CMP-009,5257,5257,230,12.66,2,93.89,110.45,97.62
PO-001269,2026-04-03,SUP-042,CMP-008,4626,4626,41,18.63,4,93.89,110.45,97.62
PO-001037,2026-04-03,SUP-051,CMP-004,2341,2341,148,69.1,0,93.89,110.45,97.62
PO-003589,2026-04-03,SUP-003,CMP-001,3044,3044,87,9.6,-1,93.89,110.45,97.62
PO-003136,2026-04-04,SUP-008,CMP-000,1454,1454,20,29.33,2,93.79,110.44,97.59
PO-000616,2026-04-04,SUP-033,CMP-008,1120,1120,19,19.06,-1,93.79,110.44,97.59
PO-003725,2026-04-04,SUP-015,CMP-000,3199,3199,51,29.8,5,93.79,110.44,97.59
PO-000091,2026-04-04,SUP-051,CMP-001,690,690,4,10.46,-3,93.79,110.44,97.59
PO-001466,2026-04-05,SUP-030,CMP-001,1299,1299,25,9.72,5,93.69,110.43,97.56
PO-001854,2026-04-05,SUP-025,CMP-002,3155,3155,52,5.0,1,93.69,110.43,97.56
PO-002230,2026-04-05,SUP-039,CMP-007,2757,2757,17,44.49,1,93.69,110.43,97.56
PO-003704,2026-04-05,SUP-007,CMP-004,2226,2226,36,72.76,8,93.69,110.43,97.56
PO-004039,2026-04-05,SUP-024,CMP-009,1348,1348,63,12.91,-2,93.69,110.43,97.56
PO-000915,2026-04-05,SUP-038,CMP-008,541,541,6,18.38,6,93.69,110.43,97.56
PO-000774,2026-04-06,SUP-011,CMP-002,4405,4405,69,4.97,1,93.6,110.42,97.53
PO-000892,2026-04-07,SUP-035,CMP-004,2104,2104,22,69.23,2,93.5,110.41,97.51
PO-003507,2026-04-07,SUP-028,CMP-001,273,273,5,10.05,4,93.5,110.41,97.51
PO-001627,2026-04-08,SUP-012,CMP-009,2523,2523,55,12.97,3,93.4,110.4,97.48
PO-003202,2026-04-08,SUP-030,CMP-005,5692,5692,51,119.31,2,93.4,110.4,97.48
PO-000749,2026-04-08,SUP-026,CMP-007,4540,4540,119,42.09,2,93.4,110.4,97.48
PO-003387,2026-04-09,SUP-026,CMP-006,5158,5158,130,29.64,1,93.3,110.39,97.46
PO-003912,2026-04-09,SUP-015,CMP-007,2003,2003,49,42.06,4,93.3,110.39,97.46
PO-002317,2026-04-09,SUP-034,CMP-007,3611,3611,19,43.3,3,93.3,110.39,97.46
PO-004487,2026-04-09,SUP-053,CMP-009,395,395,8,13.25,-3,93.3,110.39,97.46
PO-004548,2026-04-09,SUP-040,CMP-001,4145,4145,14,9.51,0,93.3,110.39,97.46
PO-002557,2026-04-09,SUP-004,CMP-000,2246,2246,22,29.49,0,93.3,110.39,97.46
PO-001285,2026-04-09,SUP-028,CMP-000,4988,4988,126,30.51,-4,93.3,110.39,97.46
PO-001792,2026-04-09,SUP-051,CMP-000,5400,5400,51,30.9,1,93.3,110.39,97.46
PO-000363,2026-04-09,SUP-052,CMP-006,3656,3656,25,29.21,-1,93.3,110.39,97.46
PO-003596,2026-04-09,SUP-050,CMP-007,1829,1829,13,41.27,0,93.3,110.39,97.46
PO-000849,2026-04-10,SUP-015,CMP-005,4718,4718,69,125.41,8,93.21,110.37,97.43
PO-001326,2026-04-10,SUP-005,CMP-005,2487,2487,21,121.86,-1,93.21,110.37,97.43
PO-000843,2026-04-10,SUP-048,CMP-004,721,721,2,74.02,-1,93.21,110.37,97.43
PO-001967,2026-04-10,SUP-048,CMP-004,1696,1696,3,74.11,0,93.21,110.37,97.43
PO-000206,2026-04-10,SUP-043,CMP-009,3922,3922,41,13.51,2,93.21,110.37,97.43
PO-000860,2026-04-10,SUP-029,CMP-005,2807,2807,35,118.91,5,93.21,110.37,97.43
PO-004333,2026-04-11,SUP-042,CMP-007,610,610,6,43.84,1,93.11,110.36,97.41
PO-000249,2026-04-11,SUP-028,CMP-004,4870,4870,30,72.36,3,93.11,110.36,97.41
PO-002014,2026-04-11,SUP-013,CMP-004,1142,1142,11,67.21,1,93.11,110.36,97.41
PO-003856,2026-04-11,SUP-016,CMP-003,4210,4210,45,7.44,-4,93.11,110.36,97.41
PO-002397,2026-04-12,SUP-047,CMP-001,5262,5262,36,9.49,2,93.01,110.34,97.39
PO-000224,2026-04-12,SUP-038,CMP-007,1290,1290,38,43.32,2,93.01,110.34,97.39
PO-002979,2026-04-12,SUP-023,CMP-003,5445,5445,38,7.63,3,93.01,110.34,97.39
PO-000058,2026-04-12,SUP-009,CMP-006,4700,4700,40,27.48,6,93.01,110.34,97.39
PO-004025,2026-04-12,SUP-024,CMP-006,2287,2287,42,26.66,2,93.01,110.34,97.39
PO-000984,2026-04-13,SUP-013,CMP-004,1499,1499,28,75.46,1,92.91,110.33,97.37
PO-002080,2026-04-13,SUP-009,CMP-004,5810,5810,163,72.74,5,92.91,110.33,97.37
PO-002943,2026-04-13,SUP-005,CMP-000,3280,3280,26,30.28,3,92.91,110.33,97.37
PO-002081,2026-04-13,SUP-001,CMP-002,5643,5643,55,4.62,2,92.91,110.33,97.37
PO-004564,2026-04-13,SUP-046,CMP-002,2232,2232,12,4.85,1,92.91,110.33,97.37
PO-004402,2026-04-13,SUP-045,CMP-004,3911,3911,10,71.76,-1,92.91,110.33,97.37
PO-000393,2026-04-13,SUP-040,CMP-006,2674,2674,11,28.37,4,92.91,110.33,97.37
PO-000687,2026-04-13,SUP-028,CMP-000,5851,5851,71,31.23,0,92.91,110.33,97.37
PO-004396,2026-04-13,SUP-046,CMP-005,2666,2666,49,114.1,1,92.91,110.33,97.37
PO-002837,2026-04-13,SUP-034,CMP-000,5114,5114,36,26.17,-1,92.91,110.33,97.37
PO-002370,2026-04-13,SUP-049,CMP-000,3709,3709,57,29.3,-1,92.91,110.33,97.37
PO-002766,2026-04-13,SUP-051,CMP-004,2895,2895,38,69.94,0,92.91,110.33,97.37
PO-001411,2026-04-14,SUP-010,CMP-009,1963,1963,17,13.01,0,92.81,110.31,97.35
PO-001887,2026-04-14,SUP-023,CMP-008,1631,1631,8,18.9,1,92.81,110.31,97.35
PO-001313,2026-04-14,SUP-001,CMP-000,3534,3534,56,29.66,-3,92.81,110.31,97.35
PO-002445,2026-04-14,SUP-038,CMP-004,1208,1208,9,75.57,4,92.81,110.31,97.35
PO-002196,2026-04-14,SUP-036,CMP-001,3771,3771,37,9.74,3,92.81,110.31,97.35
PO-003468,2026-04-15,SUP-015,CMP-009,2486,2486,58,12.97,5,92.71,110.29,97.33
PO-000458,2026-04-15,SUP-035,CMP-003,2444,2444,25,7.56,1,92.71,110.29,97.33
PO-001812,2026-04-15,SUP-047,CMP-002,428,428,2,4.91,3,92.71,110.29,97.33
PO-004316,2026-04-15,SUP-026,CMP-008,4544,4544,191,17.73,-1,92.71,110.29,97.33
PO-001171,2026-04-15,SUP-036,CMP-000,4739,4739,10,29.15,1,92.71,110.29,97.33
PO-002609,2026-04-15,SUP-025,CMP-005,1091,1091,18,123.15,7,92.71,110.29,97.33
PO-002793,2026-04-16,SUP-001,CMP-001,2813,2813,20,11.73,-2,92.61,110.27,97.32
PO-003672,2026-04-16,SUP-010,CMP-009,4659,4659,35,13.9,-1,92.61,110.27,97.32
PO-001600,2026-04-16,SUP-011,CMP-000,4634,4634,19,31.1,0,92.61,110.27,97.32
PO-000455,2026-04-16,SUP-039,CMP-007,5060,5060,82,40.8,4,92.61,110.27,97.32
PO-003162,2026-04-17,SUP-009,CMP-002,5160,5160,58,5.03,3,92.51,110.25,97.3
PO-003853,2026-04-17,SUP-033,CMP-004,4388,4388,239,72.39,2,92.51,110.25,97.3
PO-003802,2026-04-17,SUP-017,CMP-004,770,770,5,75.82,-3,92.51,110.25,97.3
PO-002258,2026-04-18,SUP-015,CMP-000,2004,2004,27,30.15,6,92.41,110.22,97.29
PO-000945,2026-04-18,SUP-039,CMP-004,2018,2018,16,64.72,6,92.41,110.22,97.29
PO-001367,2026-04-18,SUP-014,CMP-004,4262,4262,16,66.55,1,92.41,110.22,97.29
PO-002872,2026-04-18,SUP-048,CMP-006,2776,2776,15,29.36,0,92.41,110.22,97.29
PO-003301,2026-04-18,SUP-046,CMP-005,2146,2146,69,116.4,-1,92.41,110.22,97.29
PO-004283,2026-04-18,SUP-034,CMP-006,1045,1045,16,28.18,-2,92.41,110.22,97.29
PO-000060,2026-04-18,SUP-012,CMP-000,3121,3121,39,29.27,4,92.41,110.22,97.29
PO-002622,2026-04-18,SUP-010,CMP-000,3381,3381,6,29.84,2,92.41,110.22,97.29
PO-003370,2026-04-18,SUP-045,CMP-007,4226,4226,24,43.43,3,92.41,110.22,97.29
PO-003210,2026-04-18,SUP-015,CMP-004,4432,4432,150,72.52,4,92.41,110.22,97.29
PO-002098,2026-04-19,SUP-048,CMP-008,1172,1172,1,18.07,3,92.31,110.2,97.27
PO-002329,2026-04-19,SUP-053,CMP-004,2374,2374,31,71.42,3,92.31,110.2,97.27
PO-002823,2026-04-19,SUP-001,CMP-005,5853,5853,48,119.3,-4,92.31,110.2,97.27
PO-003579,2026-04-20,SUP-025,CMP-002,987,987,16,4.68,4,92.21,110.17,97.26
PO-004243,2026-04-20,SUP-004,CMP-006,3033,3033,32,28.97,4,92.21,110.17,97.26
PO-001498,2026-04-20,SUP-035,CMP-009,603,603,17,13.13,7,92.21,110.17,97.26
PO-002788,2026-04-20,SUP-015,CMP-004,868,868,24,75.64,5,92.21,110.17,97.26
PO-002208,2026-04-20,SUP-043,CMP-003,5644,5644,139,7.12,7,92.21,110.17,97.26
PO-002763,2026-04-21,SUP-015,CMP-004,3681,3681,181,73.66,5,92.11,110.15,97.25
PO-001852,2026-04-21,SUP-021,CMP-007,3961,3961,66,44.79,2,92.11,110.15,97.25
PO-004627,2026-04-21,SUP-044,CMP-004,774,774,17,69.27,1,92.11,110.15,97.25
PO-003714,2026-04-21,SUP-031,CMP-005,1567,1567,35,118.69,-1,92.11,110.15,97.25
PO-003976,2026-04-21,SUP-039,CMP-004,1315,1315,14,69.78,6,92.11,110.15,97.25
PO-001787,2026-04-21,SUP-053,CMP-002,3275,3275,14,4.84,0,92.11,110.15,97.25
PO-004294,2026-04-21,SUP-006,CMP-007,3118,3118,90,39.95,2,92.11,110.15,97.25
PO-003908,2026-04-22,SUP-029,CMP-004,690,690,27,69.44,-1,92.01,110.12,97.24
PO-000113,2026-04-22,SUP-023,CMP-004,593,593,4,71.34,-1,92.01,110.12,97.24
PO-001149,2026-04-22,SUP-009,CMP-009,1524,1524,22,13.38,9,92.01,110.12,97.24
PO-004166,2026-04-23,SUP-052,CMP-004,4896,4896,153,74.38,-2,91.91,110.09,97.23
PO-000957,2026-04-23,SUP-019,CMP-002,1886,1886,39,4.79,3,91.91,110.09,97.23
PO-004720,2026-04-23,SUP-042,CMP-000,1514,1514,44,30.14,-2,91.91,110.09,97.23
PO-004366,2026-04-24,SUP-025,CMP-001,2543,2543,21,9.87,4,91.81,110.07,97.22
PO-004554,2026-04-24,SUP-034,CMP-000,5456,5456,31,29.77,2,91.81,110.07,97.22
PO-004051,2026-04-24,SUP-004,CMP-004,915,915,13,69.48,2,91.81,110.07,97.22
PO-003735,2026-04-24,SUP-001,CMP-007,2274,2274,20,41.79,2,91.81,110.07,97.22
PO-001867,2026-04-24,SUP-026,CMP-001,2220,2220,26,10.21,-2,91.81,110.07,97.22
PO-002648,2026-04-24,SUP-004,CMP-004,583,583,13,66.51,3,91.81,110.07,97.22
PO-004113,2026-04-25,SUP-006,CMP-009,1047,1047,15,13.3,3,91.71,110.04,97.21
PO-000926,2026-04-25,SUP-009,CMP-002,1749,1749,14,4.92,0,91.71,110.04,97.21
PO-002279,2026-04-25,SUP-006,CMP-005,937,937,9,114.25,1,91.71,110.04,97.21
PO-001004,2026-04-25,SUP-021,CMP-000,3153,3153,33,29.2,3,91.71,110.04,97.21
PO-000123,2026-04-25,SUP-004,CMP-004,2469,2469,14,64.74,3,91.71,110.04,97.21
PO-000638,2026-04-25,SUP-007,CMP-007,2822,2822,20,42.51,9,91.71,110.04,97.21
PO-001484,2026-04-26,SUP-042,CMP-003,1422,1422,16,7.69,0,91.61,110.01,97.21
PO-003196,2026-04-26,SUP-008,CMP-001,514,514,8,10.3,3,91.61,110.01,97.21
PO-001249,2026-04-26,SUP-021,CMP-002,2371,2371,28,4.72,2,91.61,110.01,97.21
PO-002488,2026-04-26,SUP-033,CMP-006,3872,3872,62,28.45,-2,91.61,110.01,97.21
PO-003290,2026-04-26,SUP-035,CMP-004,3000,3000,31,71.48,1,91.61,110.01,97.21
PO-004638,2026-04-26,SUP-008,CMP-009,3751,3751,44,13.12,2,91.61,110.01,97.21
PO-001448,2026-04-27,SUP-015,CMP-004,431,431,5,70.87,5,91.5,109.97,97.2
PO-001263,2026-04-27,SUP-034,CMP-002,5201,5201,19,4.71,-1,91.5,109.97,97.2
PO-000465,2026-04-27,SUP-039,CMP-005,4894,4894,25,115.1,1,91.5,109.97,97.2
PO-002860,2026-04-27,SUP-028,CMP-008,4343,4343,167,18.64,3,91.5,109.97,97.2
PO-001899,2026-04-27,SUP-037,CMP-001,5526,5526,35,9.79,-3,91.5,109.97,97.2
PO-001253,2026-04-28,SUP-052,CMP-007,4169,4169,46,42.46,-1,91.4,109.94,97.2
PO-004673,2026-04-28,SUP-042,CMP-006,4927,4927,67,30.06,1,91.4,109.94,97.2
PO-001409,2026-04-28,SUP-015,CMP-002,3839,3839,52,5.01,7,91.4,109.94,97.2
PO-002293,2026-04-28,SUP-053,CMP-000,1066,1066,15,30.02,3,91.4,109.94,97.2
PO-004799,2026-04-29,SUP-052,CMP-006,4930,4930,63,27.63,1,91.3,109.91,97.19
PO-003701,2026-04-29,SUP-043,CMP-001,2361,2361,7,9.53,8,91.3,109.91,97.19
PO-000903,2026-04-29,SUP-038,CMP-000,577,577,10,28.22,4,91.3,109.91,97.19
PO-002169,2026-04-29,SUP-032,CMP-009,1111,1111,7,13.26,2,91.3,109.91,97.19
PO-003537,2026-04-29,SUP-005,CMP-005,1438,1438,27,116.17,-1,91.3,109.91,97.19
PO-003477,2026-04-29,SUP-048,CMP-003,2495,2495,13,7.31,-1,91.3,109.91,97.19
PO-000312,2026-04-29,SUP-011,CMP-000,2700,2700,18,27.87,3,91.3,109.91,97.19
PO-003423,2026-04-29,SUP-020,CMP-004,5652,5652,36,71.5,2,91.3,109.91,97.19
PO-000250,2026-04-30,SUP-023,CMP-004,5111,5111,34,70.21,2,91.2,109.87,97.19
PO-001567,2026-04-30,SUP-038,CMP-005,851,851,6,109.79,4,91.2,109.87,97.19
PO-004258,2026-04-30,SUP-045,CMP-006,4610,4610,21,28.93,15,91.2,109.87,97.19
PO-001959,2026-04-30,SUP-000,CMP-006,1146,1146,18,27.67,3,91.2,109.87,97.19
PO-002784,2026-04-30,SUP-001,CMP-003,3068,3068,36,7.17,3,91.2,109.87,97.19
PO-002068,2026-04-30,SUP-045,CMP-008,4352,4352,19,19.34,1,91.2,109.87,97.19
PO-001424,2026-05-01,SUP-010,CMP-001,4189,4189,11,10.27,2,91.1,109.84,97.19
PO-003556,2026-05-01,SUP-048,CMP-005,4553,4553,11,121.66,-2,91.1,109.84,97.19
PO-003291,2026-05-01,SUP-036,CMP-000,2917,2917,39,28.81,2,91.1,109.84,97.19
PO-004193,2026-05-01,SUP-004,CMP-009,5023,5023,95,13.23,2,91.1,109.84,97.19
PO-004496,2026-05-02,SUP-011,CMP-002,652,652,15,5.02,3,91.0,109.8,97.19
PO-000734,2026-05-02,SUP-029,CMP-005,4048,4048,52,115.04,2,91.0,109.8,97.19
PO-001225,2026-05-02,SUP-044,CMP-001,2729,2729,26,10.12,-1,91.0,109.8,97.19
PO-004773,2026-05-02,SUP-016,CMP-000,1167,1167,21,30.58,0,91.0,109.8,97.19
PO-000637,2026-05-03,SUP-015,CMP-004,2729,2729,49,69.69,5,90.89,109.77,97.19
PO-000639,2026-05-03,SUP-032,CMP-004,2143,2143,21,70.05,1,90.89,109.77,97.19
PO-003480,2026-05-03,SUP-045,CMP-000,2472,2472,16,31.74,-1,90.89,109.77,97.19
PO-002612,2026-05-03,SUP-007,CMP-000,427,427,3,29.2,6,90.89,109.77,97.19
PO-002495,2026-05-03,SUP-048,CMP-006,5970,5970,14,28.27,2,90.89,109.77,97.19
PO-000126,2026-05-03,SUP-006,CMP-003,5308,5308,100,7.34,6,90.89,109.77,97.19
PO-001057,2026-05-03,SUP-038,CMP-003,3434,3434,36,7.24,0,90.89,109.77,97.19
PO-002086,2026-05-04,SUP-003,CMP-005,1469,1469,43,123.54,5,90.79,109.73,97.19
PO-000773,2026-05-04,SUP-025,CMP-004,795,795,13,69.42,3,90.79,109.73,97.19
PO-004524,2026-05-04,SUP-021,CMP-002,777,777,8,5.01,2,90.79,109.73,97.19
PO-000103,2026-05-04,SUP-044,CMP-003,1911,1911,29,7.52,1,90.79,109.73,97.19
PO-003950,2026-05-04,SUP-051,CMP-004,2685,2685,27,73.57,-1,90.79,109.73,97.19
PO-001882,2026-05-04,SUP-053,CMP-001,2319,2319,25,9.78,-1,90.79,109.73,97.19
PO-000472,2026-05-05,SUP-053,CMP-004,5329,5329,142,75.36,0,90.69,109.69,97.2
PO-004757,2026-05-05,SUP-035,CMP-002,278,278,1,5.0,2,90.69,109.69,97.2
PO-001082,2026-05-05,SUP-015,CMP-008,4480,4480,103,19.25,7,90.69,109.69,97.2
PO-000633,2026-05-06,SUP-018,CMP-008,3455,3455,25,18.78,-1,90.59,109.65,97.2
PO-000779,2026-05-06,SUP-014,CMP-006,3256,3256,17,26.51,1,90.59,109.65,97.2
PO-002868,2026-05-06,SUP-000,CMP-000,225,225,1,26.81,2,90.59,109.65,97.2
PO-002556,2026-05-06,SUP-024,CMP-000,623,623,17,27.31,15,90.59,109.65,97.2
PO-001817,2026-05-06,SUP-051,CMP-006,5820,5820,153,29.0,2,90.59,109.65,97.2
PO-000439,2026-05-06,SUP-019,CMP-004,2441,2441,34,76.15,2,90.59,109.65,97.2
PO-001284,2026-05-06,SUP-019,CMP-000,5264,5264,122,30.34,0,90.59,109.65,97.2
PO-002155,2026-05-07,SUP-013,CMP-004,3345,3345,124,69.82,0,90.49,109.61,97.2
PO-004491,2026-05-07,SUP-021,CMP-000,1613,1613,27,28.8,1,90.49,109.61,97.2
PO-002803,2026-05-07,SUP-027,CMP-005,4389,4389,14,119.12,-1,90.49,109.61,97.2
PO-002695,2026-05-07,SUP-011,CMP-001,3193,3193,28,9.8,-1,90.49,109.61,97.2
PO-004518,2026-05-07,SUP-001,CMP-005,4511,4511,31,116.78,4,90.49,109.61,97.2
PO-002346,2026-05-08,SUP-003,CMP-002,958,958,11,4.96,-1,90.38,109.57,97.21
PO-000544,2026-05-08,SUP-047,CMP-004,2529,2529,20,68.66,3,90.38,109.57,97.21
PO-003178,2026-05-08,SUP-038,CMP-003,2077,2077,30,7.74,5,90.38,109.57,97.21
PO-003273,2026-05-08,SUP-007,CMP-004,548,548,11,64.49,2,90.38,109.57,97.21
PO-000220,2026-05-08,SUP-014,CMP-000,5677,5677,20,28.06,2,90.38,109.57,97.21
PO-000034,2026-05-08,SUP-040,CMP-000,1533,1533,3,29.05,0,90.38,109.57,97.21
PO-000067,2026-05-08,SUP-020,CMP-000,1445,1445,11,29.86,4,90.38,109.57,97.21
PO-003743,2026-05-09,SUP-045,CMP-004,4565,4565,6,74.8,0,90.28,109.53,97.22
PO-003538,2026-05-09,SUP-007,CMP-004,228,228,2,69.29,5,90.28,109.53,97.22
PO-002524,2026-05-09,SUP-053,CMP-006,3040,3040,43,29.11,3,90.28,109.53,97.22
PO-002433,2026-05-09,SUP-037,CMP-000,4646,4646,50,26.86,0,90.28,109.53,97.22
PO-001961,2026-05-09,SUP-032,CMP-004,2321,2321,39,68.95,1,90.28,109.53,97.22
PO-003482,2026-05-09,SUP-043,CMP-002,1117,1117,15,5.18,5,90.28,109.53,97.22
PO-003690,2026-05-10,SUP-022,CMP-007,2430,2430,31,42.9,5,90.18,109.49,97.22
PO-000309,2026-05-10,SUP-038,CMP-006,1507,1507,27,28.91,4,90.18,109.49,97.22
PO-001911,2026-05-10,SUP-010,CMP-003,1725,1725,11,7.47,-4,90.18,109.49,97.22
PO-000782,2026-05-10,SUP-042,CMP-009,2945,2945,20,13.09,0,90.18,109.49,97.22
PO-001049,2026-05-10,SUP-019,CMP-008,1643,1643,26,18.8,-3,90.18,109.49,97.22
PO-004439,2026-05-10,SUP-008,CMP-006,1042,1042,10,28.77,0,90.18,109.49,97.22
PO-002373,2026-05-10,SUP-052,CMP-003,2488,2488,20,7.7,2,90.18,109.49,97.22
PO-002040,2026-05-10,SUP-047,CMP-004,1669,1669,4,66.7,6,90.18,109.49,97.22
PO-001440,2026-05-11,SUP-040,CMP-002,2428,2428,11,4.64,1,90.08,109.44,97.23
PO-001191,2026-05-11,SUP-002,CMP-000,3721,3721,68,28.82,3,90.08,109.44,97.23
PO-000647,2026-05-12,SUP-046,CMP-006,1143,1143,26,29.07,-2,89.98,109.4,97.24
PO-002950,2026-05-12,SUP-016,CMP-004,3747,3747,83,72.58,0,89.98,109.4,97.24
PO-002974,2026-05-12,SUP-040,CMP-000,4955,4955,21,28.18,0,89.98,109.4,97.24
PO-004598,2026-05-12,SUP-008,CMP-008,4066,4066,51,18.49,-1,89.98,109.4,97.24
PO-003650,2026-05-12,SUP-040,CMP-004,4018,4018,37,69.54,4,89.98,109.4,97.24
PO-000216,2026-05-12,SUP-052,CMP-001,1683,1683,18,9.85,0,89.98,109.4,97.24
PO-002058,2026-05-12,SUP-053,CMP-007,3475,3475,21,42.81,-2,89.98,109.4,97.24
PO-002176,2026-05-12,SUP-019,CMP-000,943,943,27,29.0,4,89.98,109.4,97.24
PO-001529,2026-05-13,SUP-019,CMP-005,4078,4078,31,120.53,2,89.87,109.36,97.25
PO-004056,2026-05-14,SUP-049,CMP-004,3438,3438,26,72.42,-3,89.77,109.31,97.27
PO-000248,2026-05-14,SUP-025,CMP-004,5060,5060,200,74.48,5,89.77,109.31,97.27
PO-003872,2026-05-14,SUP-002,CMP-007,4771,4771,272,43.26,7,89.77,109.31,97.27
PO-004035,2026-05-14,SUP-034,CMP-001,855,855,4,9.58,0,89.77,109.31,97.27
PO-002897,2026-05-14,SUP-008,CMP-006,1599,1599,14,28.21,2,89.77,109.31,97.27
PO-004689,2026-05-14,SUP-014,CMP-004,3916,3916,26,68.39,1,89.77,109.31,97.27
PO-000929,2026-05-15,SUP-013,CMP-009,5254,5254,109,14.03,6,89.67,109.27,97.28
PO-000649,2026-05-15,SUP-025,CMP-000,648,648,17,29.36,-2,89.67,109.27,97.28
PO-001698,2026-05-15,SUP-018,CMP-002,4205,4205,136,4.99,4,89.67,109.27,97.28
PO-002406,2026-05-15,SUP-047,CMP-005,4831,4831,21,121.95,5,89.67,109.27,97.28
PO-004517,2026-05-15,SUP-029,CMP-007,4789,4789,51,44.02,4,89.67,109.27,97.28
PO-001020,2026-05-15,SUP-044,CMP-007,551,551,5,41.8,3,89.67,109.27,97.28
PO-001185,2026-05-16,SUP-047,CMP-000,3107,3107,27,28.98,5,89.57,109.22,97.29
PO-001932,2026-05-16,SUP-037,CMP-002,3031,3031,31,4.72,1,89.57,109.22,97.29
PO-004652,2026-05-16,SUP-024,CMP-005,948,948,23,119.82,0,89.57,109.22,97.29
PO-002641,2026-05-16,SUP-051,CMP-009,270,270,6,13.26,6,89.57,109.22,97.29
PO-003971,2026-05-17,SUP-031,CMP-006,3608,3608,141,27.64,1,89.47,109.17,97.31
PO-002189,2026-05-17,SUP-029,CMP-004,5447,5447,64,62.86,6,89.47,109.17,97.31
PO-002328,2026-05-17,SUP-018,CMP-004,4251,4251,47,73.13,0,89.47,109.17,97.31
PO-003163,2026-05-17,SUP-003,CMP-006,2761,2761,64,27.68,-3,89.47,109.17,97.31
PO-000590,2026-05-17,SUP-017,CMP-005,5428,5428,71,121.74,0,89.47,109.17,97.31
PO-004359,2026-05-17,SUP-000,CMP-004,580,580,9,69.3,3,89.47,109.17,97.31
PO-001990,2026-05-17,SUP-004,CMP-004,5844,5844,68,70.0,3,89.47,109.17,97.31
PO-001007,2026-05-17,SUP-041,CMP-006,1030,1030,21,28.55,-3,89.47,109.17,97.31
PO-003212,2026-05-17,SUP-030,CMP-000,4610,4610,55,29.41,2,89.47,109.17,97.31
PO-004346,2026-05-17,SUP-005,CMP-004,1485,1485,15,64.88,0,89.47,109.17,97.31
PO-003883,2026-05-18,SUP-001,CMP-006,1959,1959,25,28.49,1,89.36,109.13,97.32
PO-002364,2026-05-18,SUP-019,CMP-004,2771,2771,51,71.13,3,89.36,109.13,97.32
PO-000916,2026-05-18,SUP-032,CMP-004,5627,5627,87,73.04,8,89.36,109.13,97.32
PO-004437,2026-05-18,SUP-003,CMP-006,774,774,25,26.01,2,89.36,109.13,97.32
PO-001310,2026-05-19,SUP-030,CMP-001,5090,5090,78,10.33,4,89.26,109.08,97.34
PO-003404,2026-05-19,SUP-018,CMP-004,3123,3123,68,67.71,1,89.26,109.08,97.34
PO-003605,2026-05-20,SUP-045,CMP-002,5757,5757,42,5.15,-4,89.16,109.03,97.36
PO-001011,2026-05-20,SUP-011,CMP-003,4982,4982,145,7.81,0,89.16,109.03,97.36
PO-002004,2026-05-20,SUP-008,CMP-004,824,824,13,69.98,0,89.16,109.03,97.36
PO-000520,2026-05-20,SUP-009,CMP-003,5749,5749,64,7.33,2,89.16,109.03,97.36
PO-002651,2026-05-20,SUP-015,CMP-000,3705,3705,147,28.52,4,89.16,109.03,97.36
PO-002243,2026-05-20,SUP-030,CMP-000,4545,4545,40,29.14,3,89.16,109.03,97.36
PO-000422,2026-05-20,SUP-030,CMP-004,2591,2591,55,72.92,1,89.16,109.03,97.36
PO-002756,2026-05-20,SUP-053,CMP-007,5234,5234,45,43.43,1,89.16,109.03,97.36
PO-002143,2026-05-20,SUP-036,CMP-005,3451,3451,21,119.45,4,89.16,109.03,97.36
PO-000504,2026-05-21,SUP-042,CMP-006,5710,5710,35,30.29,3,89.06,108.98,97.37
PO-003548,2026-05-21,SUP-011,CMP-002,1529,1529,10,5.01,-1,89.06,108.98,97.37
PO-000051,2026-05-21,SUP-015,CMP-004,4294,4294,112,73.75,2,89.06,108.98,97.37
PO-001152,2026-05-21,SUP-029,CMP-005,4961,4961,74,116.74,0,89.06,108.98,97.37
PO-004208,2026-05-22,SUP-000,CMP-000,2951,2951,42,31.65,4,88.96,108.93,97.39
PO-002078,2026-05-23,SUP-052,CMP-008,254,254,7,17.26,3,88.86,108.88,97.41
PO-004576,2026-05-24,SUP-018,CMP-001,4480,4480,64,10.09,1,88.76,108.83,97.43
PO-003346,2026-05-24,SUP-029,CMP-000,2523,2523,45,28.03,4,88.76,108.83,97.43
PO-004218,2026-05-24,SUP-010,CMP-004,4468,4468,11,68.96,0,88.76,108.83,97.43
PO-000535,2026-05-25,SUP-027,CMP-004,5326,5326,20,64.0,6,88.66,108.78,97.46
PO-003982,2026-05-25,SUP-045,CMP-004,5802,5802,33,69.81,-2,88.66,108.78,97.46
PO-000648,2026-05-25,SUP-030,CMP-008,2520,2520,35,17.08,2,88.66,108.78,97.46
PO-002925,2026-05-25,SUP-004,CMP-001,2952,2952,73,9.36,19,88.66,108.78,97.46
PO-000434,2026-05-25,SUP-030,CMP-009,2599,2599,37,13.49,1,88.66,108.78,97.46
PO-000080,2026-05-26,SUP-034,CMP-001,5994,5994,15,9.63,2,88.55,108.73,97.48
PO-000114,2026-05-26,SUP-049,CMP-000,5505,5505,40,27.91,0,88.55,108.73,97.48
PO-000045,2026-05-26,SUP-016,CMP-004,5977,5977,36,67.13,1,88.55,108.73,97.48
PO-001021,2026-05-26,SUP-020,CMP-007,5529,5529,83,45.58,0,88.55,108.73,97.48
PO-000558,2026-05-26,SUP-030,CMP-007,3458,3458,20,41.29,6,88.55,108.73,97.48
PO-000767,2026-05-26,SUP-049,CMP-005,3079,3079,40,114.22,-2,88.55,108.73,97.48
PO-002375,2026-05-26,SUP-026,CMP-004,4580,4580,194,67.13,1,88.55,108.73,97.48
PO-001465,2026-05-27,SUP-012,CMP-008,4770,4770,211,17.21,2,88.45,108.68,97.5
PO-001774,2026-05-27,SUP-043,CMP-001,5610,5610,85,9.81,2,88.45,108.68,97.5
PO-002166,2026-05-27,SUP-049,CMP-004,2609,2609,32,66.3,1,88.45,108.68,97.5
PO-003763,2026-05-27,SUP-041,CMP-000,1935,1935,50,29.65,0,88.45,108.68,97.5
PO-002441,2026-05-28,SUP-026,CMP-003,3790,3790,169,7.46,1,88.35,108.63,97.53
PO-000318,2026-05-28,SUP-049,CMP-005,5490,5490,75,116.28,3,88.35,108.63,97.53
PO-001418,2026-05-28,SUP-021,CMP-004,1542,1542,19,66.16,4,88.35,108.63,97.53
PO-003617,2026-05-28,SUP-029,CMP-004,4467,4467,148,67.81,0,88.35,108.63,97.53
PO-002291,2026-05-28,SUP-021,CMP-004,3662,3662,70,68.14,4,88.35,108.63,97.53
PO-003560,2026-05-29,SUP-024,CMP-005,2524,2524,153,121.56,-2,88.25,108.58,97.55
PO-002839,2026-05-29,SUP-024,CMP-001,1772,1772,69,9.41,4,88.25,108.58,97.55
PO-000788,2026-05-30,SUP-016,CMP-005,3642,3642,20,114.42,0,88.15,108.52,97.58
PO-001503,2026-05-30,SUP-014,CMP-005,5664,5664,49,117.9,1,88.15,108.52,97.58
PO-003060,2026-05-30,SUP-032,CMP-005,4797,4797,84,128.05,3,88.15,108.52,97.58
PO-003977,2026-05-30,SUP-042,CMP-000,1947,1947,7,29.51,1,88.15,108.52,97.58
PO-000983,2026-05-30,SUP-052,CMP-000,5097,5097,91,31.26,0,88.15,108.52,97.58
PO-002618,2026-05-31,SUP-003,CMP-000,3928,3928,42,29.02,-4,88.05,108.47,97.61
PO-002781,2026-05-31,SUP-027,CMP-003,5573,5573,8,7.23,-2,88.05,108.47,97.61
PO-001804,2026-05-31,SUP-019,CMP-004,5977,5977,96,72.99,0,88.05,108.47,97.61
PO-001267,2026-05-31,SUP-009,CMP-000,1310,1310,35,26.89,5,88.05,108.47,97.61
PO-002154,2026-05-31,SUP-040,CMP-003,4638,4638,23,7.41,0,88.05,108.47,97.61
PO-004476,2026-06-01,SUP-046,CMP-007,1806,1806,52,42.04,4,87.95,108.42,97.63
PO-001088,2026-06-01,SUP-048,CMP-003,4644,4644,12,7.54,4,87.95,108.42,97.63
PO-003881,2026-06-01,SUP-030,CMP-001,5431,5431,65,10.3,5,87.95,108.42,97.63
PO-002380,2026-06-01,SUP-000,CMP-000,3259,3259,178,27.47,-4,87.95,108.42,97.63
PO-001732,2026-06-01,SUP-002,CMP-000,5708,5708,173,28.21,0,87.95,108.42,97.63
PO-003385,2026-06-02,SUP-039,CMP-003,3927,3927,47,7.28,5,87.85,108.36,97.66
PO-004198,2026-06-02,SUP-007,CMP-004,2037,2037,9,66.68,4,87.85,108.36,97.66
PO-001538,2026-06-02,SUP-010,CMP-006,2070,2070,12,28.85,3,87.85,108.36,97.66
PO-004753,2026-06-02,SUP-015,CMP-004,4852,4852,64,71.17,7,87.85,108.36,97.66
PO-004238,2026-06-03,SUP-006,CMP-002,3541,3541,57,4.65,2,87.75,108.31,97.69
PO-003737,2026-06-03,SUP-009,CMP-002,1698,1698,27,4.95,4,87.75,108.31,97.69
PO-000421,2026-06-03,SUP-022,CMP-004,5230,5230,76,66.54,0,87.75,108.31,97.69
PO-001587,2026-06-03,SUP-042,CMP-005,4700,4700,40,118.28,2,87.75,108.31,97.69
PO-001444,2026-06-03,SUP-011,CMP-004,310,310,5,66.84,0,87.75,108.31,97.69
PO-002785,2026-06-03,SUP-044,CMP-007,5088,5088,99,42.48,0,87.75,108.31,97.69
PO-004292,2026-06-04,SUP-053,CMP-004,933,933,19,70.28,4,87.66,108.26,97.72
PO-000514,2026-06-04,SUP-020,CMP-008,3330,3330,36,17.94,5,87.66,108.26,97.72
PO-004514,2026-06-04,SUP-016,CMP-000,4218,4218,25,29.45,-3,87.66,108.26,97.72
PO-001978,2026-06-04,SUP-008,CMP-008,5068,5068,70,18.4,0,87.66,108.26,97.72
PO-000086,2026-06-04,SUP-031,CMP-009,1472,1472,12,12.79,3,87.66,108.26,97.72
PO-004228,2026-06-04,SUP-024,CMP-000,5717,5717,374,30.64,1,87.66,108.26,97.72
PO-001565,2026-06-05,SUP-029,CMP-007,410,410,3,42.47,-2,87.56,108.2,97.76
PO-001251,2026-06-05,SUP-041,CMP-000,3880,3880,43,30.78,-2,87.56,108.2,97.76
PO-001809,2026-06-05,SUP-047,CMP-000,5467,5467,18,30.23,3,87.56,108.2,97.76
PO-003699,2026-06-05,SUP-021,CMP-006,5851,5851,65,28.07,2,87.56,108.2,97.76
PO-004635,2026-06-05,SUP-045,CMP-001,1670,1670,5,9.75,1,87.56,108.2,97.76
PO-002244,2026-06-05,SUP-025,CMP-001,3404,3404,52,9.5,2,87.56,108.2,97.76
PO-004013,2026-06-05,SUP-019,CMP-003,5796,5796,75,7.22,-2,87.56,108.2,97.76
PO-004406,2026-06-06,SUP-029,CMP-000,1973,1973,104,28.46,0,87.46,108.15,97.79
PO-001208,2026-06-06,SUP-011,CMP-004,5646,5646,66,66.83,-1,87.46,108.15,97.79
PO-002928,2026-06-06,SUP-041,CMP-007,2025,2025,31,42.06,1,87.46,108.15,97.79
PO-002588,2026-06-06,SUP-009,CMP-009,2653,2653,46,12.46,4,87.46,108.15,97.79
PO-002806,2026-06-06,SUP-038,CMP-001,3796,3796,58,9.68,0,87.46,108.15,97.79
PO-001496,2026-06-06,SUP-024,CMP-003,5007,5007,62,7.31,1,87.46,108.15,97.79
PO-000884,2026-06-06,SUP-012,CMP-008,2099,2099,16,17.16,-1,87.46,108.15,97.79
PO-002732,2026-06-06,SUP-024,CMP-002,2746,2746,90,4.86,1,87.46,108.15,97.79
PO-000708,2026-06-06,SUP-013,CMP-009,2380,2380,38,13.29,4,87.46,108.15,97.79
PO-002474,2026-06-06,SUP-025,CMP-000,4869,4869,70,33.07,0,87.46,108.15,97.79
PO-001883,2026-06-06,SUP-045,CMP-001,891,891,6,9.41,5,87.46,108.15,97.79
PO-003813,2026-06-07,SUP-018,CMP-009,5753,5753,265,13.06,-4,87.36,108.09,97.82
PO-000589,2026-06-07,SUP-026,CMP-005,4816,4816,47,115.11,-2,87.36,108.09,97.82
PO-001592,2026-06-07,SUP-045,CMP-004,698,698,2,68.18,-1,87.36,108.09,97.82
PO-003494,2026-06-08,SUP-021,CMP-000,1893,1893,21,26.74,0,87.26,108.04,97.85
PO-003824,2026-06-08,SUP-039,CMP-007,4800,4800,8,41.64,2,87.26,108.04,97.85
PO-001506,2026-06-09,SUP-010,CMP-001,5701,5701,14,10.45,2,87.16,107.98,97.89
PO-001671,2026-06-09,SUP-046,CMP-006,2998,2998,14,28.23,4,87.16,107.98,97.89
PO-000294,2026-06-09,SUP-000,CMP-004,798,798,10,69.74,1,87.16,107.98,97.89
PO-002850,2026-06-09,SUP-017,CMP-007,3806,3806,29,44.91,-2,87.16,107.98,97.89
PO-000906,2026-06-09,SUP-042,CMP-005,4271,4271,64,120.3,3,87.16,107.98,97.89
PO-002251,2026-06-09,SUP-050,CMP-007,2379,2379,26,53.34,3,87.16,107.98,97.89
PO-000811,2026-06-09,SUP-045,CMP-000,3602,3602,14,30.5,-1,87.16,107.98,97.89
PO-004100,2026-06-09,SUP-027,CMP-004,2211,2211,10,66.34,5,87.16,107.98,97.89
PO-002369,2026-06-09,SUP-024,CMP-004,5302,5302,174,68.79,2,87.16,107.98,97.89
PO-001571,2026-06-09,SUP-006,CMP-004,5273,5273,67,69.36,4,87.16,107.98,97.89
PO-004326,2026-06-09,SUP-027,CMP-000,2003,2003,8,29.7,3,87.16,107.98,97.89
PO-003276,2026-06-09,SUP-045,CMP-005,3509,3509,48,121.14,-3,87.16,107.98,97.89
PO-000187,2026-06-09,SUP-053,CMP-009,1449,1449,13,13.42,-1,87.16,107.98,97.89
PO-004041,2026-06-10,SUP-044,CMP-000,5589,5589,90,29.46,4,87.07,107.93,97.92
PO-000339,2026-06-10,SUP-049,CMP-004,4856,4856,71,71.79,0,87.07,107.93,97.92
PO-004330,2026-06-10,SUP-038,CMP-008,544,544,8,18.39,4,87.07,107.93,97.92
PO-002393,2026-06-10,SUP-038,CMP-005,1723,1723,34,120.93,2,87.07,107.93,97.92
PO-004318,2026-06-10,SUP-009,CMP-003,4852,4852,72,7.58,2,87.07,107.93,97.92
PO-001209,2026-06-11,SUP-040,CMP-001,1295,1295,5,10.17,-2,86.97,107.87,97.96
PO-003091,2026-06-11,SUP-017,CMP-004,4499,4499,60,72.9,3,86.97,107.87,97.96
PO-004620,2026-06-11,SUP-045,CMP-005,5877,5877,40,113.08,-1,86.97,107.87,97.96
PO-004719,2026-06-11,SUP-014,CMP-003,822,822,6,7.33,4,86.97,107.87,97.96
PO-001907,2026-06-11,SUP-007,CMP-003,2506,2506,42,6.89,4,86.97,107.87,97.96
PO-001515,2026-06-12,SUP-051,CMP-004,2457,2457,38,66.04,2,86.87,107.82,98.0
PO-002518,2026-06-12,SUP-024,CMP-004,4123,4123,147,66.47,-2,86.87,107.82,98.0
PO-003606,2026-06-12,SUP-030,CMP-004,3632,3632,40,68.79,3,86.87,107.82,98.0
PO-000591,2026-06-12,SUP-014,CMP-000,5672,5672,58,28.19,1,86.87,107.82,98.0
PO-004617,2026-06-13,SUP-028,CMP-005,4870,4870,119,122.35,4,86.78,107.76,98.04
PO-003213,2026-06-13,SUP-012,CMP-007,4003,4003,83,40.83,0,86.78,107.76,98.04
PO-004774,2026-06-13,SUP-026,CMP-001,1288,1288,26,10.3,3,86.78,107.76,98.04
PO-000127,2026-06-13,SUP-038,CMP-000,2883,2883,18,26.52,3,86.78,107.76,98.04
PO-004645,2026-06-13,SUP-036,CMP-002,1277,1277,7,4.94,1,86.78,107.76,98.04
PO-004469,2026-06-13,SUP-013,CMP-007,3077,3077,54,47.18,4,86.78,107.76,98.04
PO-001796,2026-06-13,SUP-008,CMP-004,4176,4176,50,69.47,-1,86.78,107.76,98.04
PO-002847,2026-06-13,SUP-051,CMP-009,3095,3095,36,12.98,5,86.78,107.76,98.04
PO-003777,2026-06-13,SUP-033,CMP-008,4280,4280,106,19.12,3,86.78,107.76,98.04
PO-004435,2026-06-14,SUP-025,CMP-000,2749,2749,42,29.53,1,86.68,107.71,98.07
PO-003313,2026-06-14,SUP-005,CMP-008,1589,1589,53,18.39,-1,86.68,107.71,98.07
PO-004213,2026-06-14,SUP-007,CMP-007,2241,2241,16,40.96,6,86.68,107.71,98.07
PO-001200,2026-06-14,SUP-013,CMP-003,1395,1395,27,7.4,5,86.68,107.71,98.07
PO-001175,2026-06-15,SUP-005,CMP-002,2221,2221,80,4.89,0,86.58,107.66,98.11
PO-002539,2026-06-15,SUP-033,CMP-004,2696,2696,103,70.03,-2,86.58,107.66,98.11
PO-002381,2026-06-15,SUP-038,CMP-007,5120,5120,85,42.81,1,86.58,107.66,98.11
PO-003110,2026-06-15,SUP-024,CMP-001,3635,3635,156,9.71,-4,86.58,107.66,98.11
PO-002374,2026-06-15,SUP-005,CMP-004,5131,5131,72,65.72,0,86.58,107.66,98.11
PO-003664,2026-06-16,SUP-026,CMP-000,3054,3054,48,28.82,-2,86.49,107.6,98.15
PO-004509,2026-06-16,SUP-020,CMP-006,5037,5037,52,28.96,2,86.49,107.6,98.15
PO-002111,2026-06-16,SUP-000,CMP-008,3104,3104,34,17.92,2,86.49,107.6,98.15
PO-002234,2026-06-16,SUP-014,CMP-004,4084,4084,26,67.72,1,86.49,107.6,98.15
PO-001286,2026-06-16,SUP-022,CMP-006,4246,4246,39,30.84,4,86.49,107.6,98.15
PO-002602,2026-06-16,SUP-024,CMP-009,2698,2698,58,12.23,3,86.49,107.6,98.15
PO-002773,2026-06-16,SUP-047,CMP-004,1201,1201,6,67.98,3,86.49,107.6,98.15
PO-004482,2026-06-16,SUP-033,CMP-006,5800,5800,81,29.89,-2,86.49,107.6,98.15
PO-000350,2026-06-16,SUP-047,CMP-002,4322,4322,43,4.93,4,86.49,107.6,98.15
PO-003486,2026-06-17,SUP-017,CMP-004,4187,4187,31,68.62,-1,86.39,107.55,98.19
PO-002515,2026-06-17,SUP-039,CMP-003,3327,3327,31,7.54,6,86.39,107.55,98.19
PO-001187,2026-06-17,SUP-001,CMP-008,311,311,3,17.64,1,86.39,107.55,98.19
PO-003027,2026-06-17,SUP-024,CMP-004,2054,2054,33,67.33,-1,86.39,107.55,98.19
PO-002101,2026-06-17,SUP-021,CMP-002,3185,3185,37,4.67,1,86.39,107.55,98.19
PO-000794,2026-06-17,SUP-016,CMP-002,251,251,5,4.73,1,86.39,107.55,98.19
PO-000530,2026-06-18,SUP-041,CMP-000,5003,5003,97,28.85,0,86.3,107.49,98.23
PO-000831,2026-06-18,SUP-002,CMP-004,5392,5392,148,66.47,2,86.3,107.49,98.23
PO-001661,2026-06-18,SUP-013,CMP-006,5522,5522,49,27.26,-3,86.3,107.49,98.23
PO-000863,2026-06-18,SUP-006,CMP-004,5859,5859,62,68.99,5,86.3,107.49,98.23
PO-003214,2026-06-18,SUP-044,CMP-004,807,807,26,69.32,1,86.3,107.49,98.23
PO-002361,2026-06-18,SUP-049,CMP-006,2713,2713,26,24.95,3,86.3,107.49,98.23
PO-003318,2026-06-18,SUP-011,CMP-000,420,420,7,28.54,-1,86.3,107.49,98.23
PO-002951,2026-06-18,SUP-043,CMP-000,1148,1148,6,29.55,5,86.3,107.49,98.23
PO-003935,2026-06-18,SUP-024,CMP-009,4309,4309,60,13.68,0,86.3,107.49,98.23
PO-001301,2026-06-19,SUP-008,CMP-004,2223,2223,38,68.09,0,86.2,107.44,98.28
PO-002703,2026-06-19,SUP-047,CMP-004,4082,4082,65,64.71,3,86.2,107.44,98.28
PO-003125,2026-06-19,SUP-004,CMP-003,519,519,16,6.94,6,86.2,107.44,98.28
PO-004766,2026-06-19,SUP-016,CMP-005,924,924,12,124.38,0,86.2,107.44,98.28
PO-000020,2026-06-19,SUP-028,CMP-006,4320,4320,79,30.06,0,86.2,107.44,98.28
PO-003148,2026-06-19,SUP-008,CMP-006,1497,1497,22,26.66,-2,86.2,107.44,98.28
PO-000425,2026-06-20,SUP-008,CMP-009,3625,3625,85,12.55,3,86.11,107.38,98.32
PO-004644,2026-06-20,SUP-036,CMP-007,5620,5620,21,43.74,1,86.11,107.38,98.32
PO-001833,2026-06-20,SUP-027,CMP-003,3304,3304,16,7.22,2,86.11,107.38,98.32
PO-000994,2026-06-20,SUP-052,CMP-004,716,716,35,67.14,2,86.11,107.38,98.32
PO-000196,2026-06-21,SUP-005,CMP-001,2637,2637,36,10.19,1,86.02,107.33,98.36
PO-001222,2026-06-21,SUP-015,CMP-004,4958,4958,418,68.12,5,86.02,107.33,98.36
PO-000492,2026-06-21,SUP-018,CMP-002,550,550,9,4.85,-1,86.02,107.33,98.36
PO-001737,2026-06-21,SUP-015,CMP-004,3364,3364,110,70.35,7,86.02,107.33,98.36
PO-001478,2026-06-21,SUP-009,CMP-007,1815,1815,7,42.66,2,86.02,107.33,98.36
PO-003411,2026-06-21,SUP-020,CMP-004,3221,3221,48,63.18,5,86.02,107.33,98.36
PO-001472,2026-06-21,SUP-033,CMP-003,2415,2415,44,7.59,1,86.02,107.33,98.36
PO-003846,2026-06-22,SUP-042,CMP-005,4671,4671,39,119.55,1,85.92,107.27,98.41
PO-000077,2026-06-22,SUP-008,CMP-004,1551,1551,15,64.25,-2,85.92,107.27,98.41
PO-004179,2026-06-22,SUP-010,CMP-002,5599,5599,17,5.0,4,85.92,107.27,98.41
PO-000924,2026-06-22,SUP-019,CMP-003,1914,1914,20,7.66,-2,85.92,107.27,98.41
PO-003079,2026-06-22,SUP-038,CMP-004,2967,2967,85,69.74,3,85.92,107.27,98.41
PO-002870,2026-06-22,SUP-021,CMP-006,5652,5652,45,28.96,-2,85.92,107.27,98.41
PO-002787,2026-06-22,SUP-052,CMP-001,2021,2021,41,9.93,-1,85.92,107.27,98.41
PO-004612,2026-06-23,SUP-019,CMP-007,3116,3116,92,40.96,0,85.83,107.22,98.45
PO-002161,2026-06-23,SUP-032,CMP-004,2691,2691,59,68.89,4,85.83,107.22,98.45
PO-000341,2026-06-23,SUP-045,CMP-004,5687,5687,20,73.4,1,85.83,107.22,98.45
PO-001320,2026-06-23,SUP-000,CMP-007,4175,4175,45,43.63,3,85.83,107.22,98.45
PO-001197,2026-06-23,SUP-002,CMP-003,4146,4146,62,7.26,6,85.83,107.22,98.45
PO-000488,2026-06-24,SUP-032,CMP-004,2905,2905,25,69.0,3,85.74,107.17,98.5
PO-003361,2026-06-24,SUP-053,CMP-005,4576,4576,53,117.01,1,85.74,107.17,98.5
PO-004448,2026-06-24,SUP-017,CMP-001,2721,2721,49,9.72,0,85.74,107.17,98.5
PO-004192,2026-06-24,SUP-013,CMP-000,3039,3039,82,29.45,-1,85.74,107.17,98.5
PO-002738,2026-06-24,SUP-003,CMP-001,186,186,5,10.12,3,85.74,107.17,98.5
PO-004611,2026-06-24,SUP-007,CMP-003,1276,1276,6,7.2,3,85.74,107.17,98.5
PO-001924,2026-06-24,SUP-036,CMP-001,2320,2320,3,9.19,2,85.74,107.17,98.5
PO-001588,2026-06-24,SUP-052,CMP-004,1706,1706,55,69.76,3,85.74,107.17,98.5
PO-002473,2026-06-24,SUP-026,CMP-000,2539,2539,94,27.19,2,85.74,107.17,98.5
PO-001772,2026-06-25,SUP-022,CMP-001,3523,3523,91,10.29,0,85.65,107.11,98.54
PO-000953,2026-06-25,SUP-013,CMP-004,2120,2120,40,70.52,3,85.65,107.11,98.54
PO-002164,2026-06-25,SUP-039,CMP-008,2040,2040,9,17.44,0,85.65,107.11,98.54
PO-003789,2026-06-25,SUP-029,CMP-004,280,280,2,71.76,-1,85.65,107.11,98.54
PO-001205,2026-06-25,SUP-040,CMP-009,881,881,3,12.85,6,85.65,107.11,98.54
PO-003771,2026-06-25,SUP-038,CMP-001,2405,2405,30,10.19,8,85.65,107.11,98.54
PO-001359,2026-06-25,SUP-050,CMP-005,2772,2772,63,125.99,0,85.65,107.11,98.54
PO-003719,2026-06-25,SUP-045,CMP-000,974,974,2,28.75,2,85.65,107.11,98.54
PO-002160,2026-06-26,SUP-021,CMP-009,260,260,3,12.48,-2,85.55,107.06,98.59
PO-004520,2026-06-26,SUP-002,CMP-005,5816,5816,65,151.57,1,85.55,107.06,98.59
PO-002349,2026-06-27,SUP-045,CMP-003,4794,4794,20,7.69,1,85.46,107.01,98.64
PO-003547,2026-06-27,SUP-006,CMP-001,4044,4044,120,10.05,-1,85.46,107.01,98.64
PO-001556,2026-06-27,SUP-016,CMP-008,964,964,16,17.68,-2,85.46,107.01,98.64
PO-004350,2026-06-27,SUP-050,CMP-003,5349,5349,149,7.09,1,85.46,107.01,98.64
PO-000519,2026-06-27,SUP-023,CMP-005,5078,5078,30,113.96,2,85.46,107.01,98.64
PO-002908,2026-06-27,SUP-019,CMP-002,3634,3634,73,4.86,0,85.46,107.01,98.64
PO-003680,2026-06-28,SUP-034,CMP-000,3582,3582,54,27.63,1,85.37,106.95,98.68
PO-000801,2026-06-28,SUP-041,CMP-004,3971,3971,88,67.24,1,85.37,106.95,98.68
PO-003994,2026-06-28,SUP-041,CMP-004,878,878,8,66.48,1,85.37,106.95,98.68
PO-001256,2026-06-28,SUP-000,CMP-007,4215,4215,29,42.91,4,85.37,106.95,98.68
PO-000576,2026-06-29,SUP-033,CMP-007,4371,4371,191,45.78,0,85.28,106.9,98.73
PO-000069,2026-06-29,SUP-003,CMP-001,1177,1177,29,9.9,0,85.28,106.9,98.73
PO-004281,2026-06-29,SUP-018,CMP-001,2355,2355,52,9.85,3,85.28,106.9,98.73
PO-001090,2026-06-30,SUP-029,CMP-000,4591,4591,142,28.12,2,85.19,106.85,98.78
PO-000852,2026-06-30,SUP-014,CMP-004,3165,3165,16,60.41,0,85.19,106.85,98.78
